slot,species_id,species_name,weight_percent,acquisition_id,map_id,map_name,day_of_week,day_name,region_label_reference,conditional_slot_weight,source,page_path,gating_ref
0,289,直冲熊,40,broadcast:0:3:0,3:106,26号道路,3,Wednesday,丰缘(Hoenn),40,"{""path"": ""encounters_research/out/encounters.json"", ""json_pointer"": ""/broadcast/entries/0/sets/0/species/0"", ""file_sha256"": ""37eb8635e2952e74a2e39cfd62a20d3edb4def344f131b7ab04cada388371458""}",world/pages/maps/g03_n106.md,/broadcast_metadata/gating
1,289,直冲熊,20,broadcast:0:3:1,3:106,26号道路,3,Wednesday,丰缘(Hoenn),20,"{""path"": ""encounters_research/out/encounters.json"", ""json_pointer"": ""/broadcast/entries/0/sets/0/species/1"", ""file_sha256"": ""37eb8635e2952e74a2e39cfd62a20d3edb4def344f131b7ab04cada388371458""}",world/pages/maps/g03_n106.md,/broadcast_metadata/gating
2,370,咕妞妞,20,broadcast:0:3:2,3:106,26号道路,3,Wednesday,丰缘(Hoenn),20,"{""path"": ""encounters_research/out/encounters.json"", ""json_pointer"": ""/broadcast/entries/0/sets/0/species/2"", ""file_sha256"": ""37eb8635e2952e74a2e39cfd62a20d3edb4def344f131b7ab04cada388371458""}",world/pages/maps/g03_n106.md,/broadcast_metadata/gating
3,370,咕妞妞,20,broadcast:0:3:3,3:106,26号道路,3,Wednesday,丰缘(Hoenn),20,"{""path"": ""encounters_research/out/encounters.json"", ""json_pointer"": ""/broadcast/entries/0/sets/0/species/3"", ""file_sha256"": ""37eb8635e2952e74a2e39cfd62a20d3edb4def344f131b7ab04cada388371458""}",world/pages/maps/g03_n106.md,/broadcast_metadata/gating
0,452,大牙狸,40,broadcast:0:4:0,3:106,26号道路,4,Thursday,神奥(Sinnoh),40,"{""path"": ""encounters_research/out/encounters.json"", ""json_pointer"": ""/broadcast/entries/0/sets/1/species/0"", ""file_sha256"": ""37eb8635e2952e74a2e39cfd62a20d3edb4def344f131b7ab04cada388371458""}",world/pages/maps/g03_n106.md,/broadcast_metadata/gating
1,452,大牙狸,20,broadcast:0:4:1,3:106,26号道路,4,Thursday,神奥(Sinnoh),20,"{""path"": ""encounters_research/out/encounters.json"", ""json_pointer"": ""/broadcast/entries/0/sets/1/species/1"", ""file_sha256"": ""37eb8635e2952e74a2e39cfd62a20d3edb4def344f131b7ab04cada388371458""}",world/pages/maps/g03_n106.md,/broadcast_metadata/gating
2,471,泳圈鼬,20,broadcast:0:4:2,3:106,26号道路,4,Thursday,神奥(Sinnoh),20,"{""path"": ""encounters_research/out/encounters.json"", ""json_pointer"": ""/broadcast/entries/0/sets/1/species/2"", ""file_sha256"": ""37eb8635e2952e74a2e39cfd62a20d3edb4def344f131b7ab04cada388371458""}",world/pages/maps/g03_n106.md,/broadcast_metadata/gating
3,471,泳圈鼬,20,broadcast:0:4:3,3:106,26号道路,4,Thursday,神奥(Sinnoh),20,"{""path"": ""encounters_research/out/encounters.json"", ""json_pointer"": ""/broadcast/entries/0/sets/1/species/3"", ""file_sha256"": ""37eb8635e2952e74a2e39cfd62a20d3edb4def344f131b7ab04cada388371458""}",world/pages/maps/g03_n106.md,/broadcast_metadata/gating
0,1123,毛辫羊,40,broadcast:0:0:0,3:106,26号道路,0,Sunday,伽勒尔(Galar),40,"{""path"": ""encounters_research/out/encounters.json"", ""json_pointer"": ""/broadcast/entries/0/sets/2/species/0"", ""file_sha256"": ""37eb8635e2952e74a2e39cfd62a20d3edb4def344f131b7ab04cada388371458""}",world/pages/maps/g03_n106.md,/broadcast_metadata/gating
1,1123,毛辫羊,20,broadcast:0:0:1,3:106,26号道路,0,Sunday,伽勒尔(Galar),20,"{""path"": ""encounters_research/out/encounters.json"", ""json_pointer"": ""/broadcast/entries/0/sets/2/species/1"", ""file_sha256"": ""37eb8635e2952e74a2e39cfd62a20d3edb4def344f131b7ab04cada388371458""}",world/pages/maps/g03_n106.md,/broadcast_metadata/gating
2,1119,偷儿狐,20,broadcast:0:0:2,3:106,26号道路,0,Sunday,伽勒尔(Galar),20,"{""path"": ""encounters_research/out/encounters.json"", ""json_pointer"": ""/broadcast/entries/0/sets/2/species/2"", ""file_sha256"": ""37eb8635e2952e74a2e39cfd62a20d3edb4def344f131b7ab04cada388371458""}",world/pages/maps/g03_n106.md,/broadcast_metadata/gating
3,1119,偷儿狐,20,broadcast:0:0:3,3:106,26号道路,0,Sunday,伽勒尔(Galar),20,"{""path"": ""encounters_research/out/encounters.json"", ""json_pointer"": ""/broadcast/entries/0/sets/2/species/3"", ""file_sha256"": ""37eb8635e2952e74a2e39cfd62a20d3edb4def344f131b7ab04cada388371458""}",world/pages/maps/g03_n106.md,/broadcast_metadata/gating
0,289,直冲熊,40,broadcast:1:3:0,3:42,23号公路,3,Wednesday,丰缘(Hoenn),40,"{""path"": ""encounters_research/out/encounters.json"", ""json_pointer"": ""/broadcast/entries/1/sets/0/species/0"", ""file_sha256"": ""37eb8635e2952e74a2e39cfd62a20d3edb4def344f131b7ab04cada388371458""}",world/pages/maps/g03_n042.md,/broadcast_metadata/gating
1,289,直冲熊,20,broadcast:1:3:1,3:42,23号公路,3,Wednesday,丰缘(Hoenn),20,"{""path"": ""encounters_research/out/encounters.json"", ""json_pointer"": ""/broadcast/entries/1/sets/0/species/1"", ""file_sha256"": ""37eb8635e2952e74a2e39cfd62a20d3edb4def344f131b7ab04cada388371458""}",world/pages/maps/g03_n042.md,/broadcast_metadata/gating
2,371,吼爆弹,20,broadcast:1:3:2,3:42,23号公路,3,Wednesday,丰缘(Hoenn),20,"{""path"": ""encounters_research/out/encounters.json"", ""json_pointer"": ""/broadcast/entries/1/sets/0/species/2"", ""file_sha256"": ""37eb8635e2952e74a2e39cfd62a20d3edb4def344f131b7ab04cada388371458""}",world/pages/maps/g03_n042.md,/broadcast_metadata/gating
3,371,吼爆弹,20,broadcast:1:3:3,3:42,23号公路,3,Wednesday,丰缘(Hoenn),20,"{""path"": ""encounters_research/out/encounters.json"", ""json_pointer"": ""/broadcast/entries/1/sets/0/species/3"", ""file_sha256"": ""37eb8635e2952e74a2e39cfd62a20d3edb4def344f131b7ab04cada388371458""}",world/pages/maps/g03_n042.md,/broadcast_metadata/gating
0,450,姆克鸟,40,broadcast:1:4:0,3:42,23号公路,4,Thursday,神奥(Sinnoh),40,"{""path"": ""encounters_research/out/encounters.json"", ""json_pointer"": ""/broadcast/entries/1/sets/1/species/0"", ""file_sha256"": ""37eb8635e2952e74a2e39cfd62a20d3edb4def344f131b7ab04cada388371458""}",world/pages/maps/g03_n042.md,/broadcast_metadata/gating
1,450,姆克鸟,20,broadcast:1:4:1,3:42,23号公路,4,Thursday,神奥(Sinnoh),20,"{""path"": ""encounters_research/out/encounters.json"", ""json_pointer"": ""/broadcast/entries/1/sets/1/species/1"", ""file_sha256"": ""37eb8635e2952e74a2e39cfd62a20d3edb4def344f131b7ab04cada388371458""}",world/pages/maps/g03_n042.md,/broadcast_metadata/gating
2,472,浮潜鼬,20,broadcast:1:4:2,3:42,23号公路,4,Thursday,神奥(Sinnoh),20,"{""path"": ""encounters_research/out/encounters.json"", ""json_pointer"": ""/broadcast/entries/1/sets/1/species/2"", ""file_sha256"": ""37eb8635e2952e74a2e39cfd62a20d3edb4def344f131b7ab04cada388371458""}",world/pages/maps/g03_n042.md,/broadcast_metadata/gating
3,472,浮潜鼬,20,broadcast:1:4:3,3:42,23号公路,4,Thursday,神奥(Sinnoh),20,"{""path"": ""encounters_research/out/encounters.json"", ""json_pointer"": ""/broadcast/entries/1/sets/1/species/3"", ""file_sha256"": ""37eb8635e2952e74a2e39cfd62a20d3edb4def344f131b7ab04cada388371458""}",world/pages/maps/g03_n042.md,/broadcast_metadata/gating
0,1112,藏饱栗鼠,40,broadcast:1:0:0,3:42,23号公路,0,Sunday,伽勒尔(Galar),40,"{""path"": ""encounters_research/out/encounters.json"", ""json_pointer"": ""/broadcast/entries/1/sets/2/species/0"", ""file_sha256"": ""37eb8635e2952e74a2e39cfd62a20d3edb4def344f131b7ab04cada388371458""}",world/pages/maps/g03_n042.md,/broadcast_metadata/gating
1,1112,藏饱栗鼠,20,broadcast:1:0:1,3:42,23号公路,0,Sunday,伽勒尔(Galar),20,"{""path"": ""encounters_research/out/encounters.json"", ""json_pointer"": ""/broadcast/entries/1/sets/2/species/1"", ""file_sha256"": ""37eb8635e2952e74a2e39cfd62a20d3edb4def344f131b7ab04cada388371458""}",world/pages/maps/g03_n042.md,/broadcast_metadata/gating
2,1114,蓝鸦,20,broadcast:1:0:2,3:42,23号公路,0,Sunday,伽勒尔(Galar),20,"{""path"": ""encounters_research/out/encounters.json"", ""json_pointer"": ""/broadcast/entries/1/sets/2/species/2"", ""file_sha256"": ""37eb8635e2952e74a2e39cfd62a20d3edb4def344f131b7ab04cada388371458""}",world/pages/maps/g03_n042.md,/broadcast_metadata/gating
3,1114,蓝鸦,20,broadcast:1:0:3,3:42,23号公路,0,Sunday,伽勒尔(Galar),20,"{""path"": ""encounters_research/out/encounters.json"", ""json_pointer"": ""/broadcast/entries/1/sets/2/species/3"", ""file_sha256"": ""37eb8635e2952e74a2e39cfd62a20d3edb4def344f131b7ab04cada388371458""}",world/pages/maps/g03_n042.md,/broadcast_metadata/gating
0,383,可多拉,40,broadcast:2:3:0,1:39,冠军之路,3,Wednesday,丰缘(Hoenn),40,"{""path"": ""encounters_research/out/encounters.json"", ""json_pointer"": ""/broadcast/entries/2/sets/0/species/0"", ""file_sha256"": ""37eb8635e2952e74a2e39cfd62a20d3edb4def344f131b7ab04cada388371458""}",world/pages/maps/g01_n039.md,/broadcast_metadata/gating
1,383,可多拉,20,broadcast:2:3:1,1:39,冠军之路,3,Wednesday,丰缘(Hoenn),20,"{""path"": ""encounters_research/out/encounters.json"", ""json_pointer"": ""/broadcast/entries/2/sets/0/species/1"", ""file_sha256"": ""37eb8635e2952e74a2e39cfd62a20d3edb4def344f131b7ab04cada388371458""}",world/pages/maps/g01_n039.md,/broadcast_metadata/gating
2,355,大嘴娃,20,broadcast:2:3:2,1:39,冠军之路,3,Wednesday,丰缘(Hoenn),20,"{""path"": ""encounters_research/out/encounters.json"", ""json_pointer"": ""/broadcast/entries/2/sets/0/species/2"", ""file_sha256"": ""37eb8635e2952e74a2e39cfd62a20d3edb4def344f131b7ab04cada388371458""}",world/pages/maps/g01_n039.md,/broadcast_metadata/gating
3,355,大嘴娃,20,broadcast:2:3:3,1:39,冠军之路,3,Wednesday,丰缘(Hoenn),20,"{""path"": ""encounters_research/out/encounters.json"", ""json_pointer"": ""/broadcast/entries/2/sets/0/species/3"", ""file_sha256"": ""37eb8635e2952e74a2e39cfd62a20d3edb4def344f131b7ab04cada388371458""}",world/pages/maps/g01_n039.md,/broadcast_metadata/gating
0,489,铜镜怪,40,broadcast:2:4:0,1:39,冠军之路,4,Thursday,神奥(Sinnoh),40,"{""path"": ""encounters_research/out/encounters.json"", ""json_pointer"": ""/broadcast/entries/2/sets/1/species/0"", ""file_sha256"": ""37eb8635e2952e74a2e39cfd62a20d3edb4def344f131b7ab04cada388371458""}",world/pages/maps/g01_n039.md,/broadcast_metadata/gating
1,489,铜镜怪,20,broadcast:2:4:1,1:39,冠军之路,4,Thursday,神奥(Sinnoh),20,"{""path"": ""encounters_research/out/encounters.json"", ""json_pointer"": ""/broadcast/entries/2/sets/1/species/1"", ""file_sha256"": ""37eb8635e2952e74a2e39cfd62a20d3edb4def344f131b7ab04cada388371458""}",world/pages/maps/g01_n039.md,/broadcast_metadata/gating
2,461,头盖龙,20,broadcast:2:4:2,1:39,冠军之路,4,Thursday,神奥(Sinnoh),20,"{""path"": ""encounters_research/out/encounters.json"", ""json_pointer"": ""/broadcast/entries/2/sets/1/species/2"", ""file_sha256"": ""37eb8635e2952e74a2e39cfd62a20d3edb4def344f131b7ab04cada388371458""}",world/pages/maps/g01_n039.md,/broadcast_metadata/gating
3,461,头盖龙,20,broadcast:2:4:3,1:39,冠军之路,4,Thursday,神奥(Sinnoh),20,"{""path"": ""encounters_research/out/encounters.json"", ""json_pointer"": ""/broadcast/entries/2/sets/1/species/3"", ""file_sha256"": ""37eb8635e2952e74a2e39cfd62a20d3edb4def344f131b7ab04cada388371458""}",world/pages/maps/g01_n039.md,/broadcast_metadata/gating
0,1129,小炭仔,40,broadcast:2:0:0,1:39,冠军之路,0,Sunday,伽勒尔(Galar),40,"{""path"": ""encounters_research/out/encounters.json"", ""json_pointer"": ""/broadcast/entries/2/sets/2/species/0"", ""file_sha256"": ""37eb8635e2952e74a2e39cfd62a20d3edb4def344f131b7ab04cada388371458""}",world/pages/maps/g01_n039.md,/broadcast_metadata/gating
1,1129,小炭仔,20,broadcast:2:0:1,1:39,冠军之路,0,Sunday,伽勒尔(Galar),20,"{""path"": ""encounters_research/out/encounters.json"", ""json_pointer"": ""/broadcast/entries/2/sets/2/species/1"", ""file_sha256"": ""37eb8635e2952e74a2e39cfd62a20d3edb4def344f131b7ab04cada388371458""}",world/pages/maps/g01_n039.md,/broadcast_metadata/gating
2,1176,铝钢龙,20,broadcast:2:0:2,1:39,冠军之路,0,Sunday,伽勒尔(Galar),20,"{""path"": ""encounters_research/out/encounters.json"", ""json_pointer"": ""/broadcast/entries/2/sets/2/species/2"", ""file_sha256"": ""37eb8635e2952e74a2e39cfd62a20d3edb4def344f131b7ab04cada388371458""}",world/pages/maps/g01_n039.md,/broadcast_metadata/gating
3,1176,铝钢龙,20,broadcast:2:0:3,1:39,冠军之路,0,Sunday,伽勒尔(Galar),20,"{""path"": ""encounters_research/out/encounters.json"", ""json_pointer"": ""/broadcast/entries/2/sets/2/species/3"", ""file_sha256"": ""37eb8635e2952e74a2e39cfd62a20d3edb4def344f131b7ab04cada388371458""}",world/pages/maps/g01_n039.md,/broadcast_metadata/gating
0,383,可多拉,40,broadcast:3:3:0,1:40,冠军之路,3,Wednesday,丰缘(Hoenn),40,"{""path"": ""encounters_research/out/encounters.json"", ""json_pointer"": ""/broadcast/entries/3/sets/0/species/0"", ""file_sha256"": ""37eb8635e2952e74a2e39cfd62a20d3edb4def344f131b7ab04cada388371458""}",world/pages/maps/g01_n040.md,/broadcast_metadata/gating
1,383,可多拉,20,broadcast:3:3:1,1:40,冠军之路,3,Wednesday,丰缘(Hoenn),20,"{""path"": ""encounters_research/out/encounters.json"", ""json_pointer"": ""/broadcast/entries/3/sets/0/species/1"", ""file_sha256"": ""37eb8635e2952e74a2e39cfd62a20d3edb4def344f131b7ab04cada388371458""}",world/pages/maps/g01_n040.md,/broadcast_metadata/gating
2,355,大嘴娃,20,broadcast:3:3:2,1:40,冠军之路,3,Wednesday,丰缘(Hoenn),20,"{""path"": ""encounters_research/out/encounters.json"", ""json_pointer"": ""/broadcast/entries/3/sets/0/species/2"", ""file_sha256"": ""37eb8635e2952e74a2e39cfd62a20d3edb4def344f131b7ab04cada388371458""}",world/pages/maps/g01_n040.md,/broadcast_metadata/gating
3,355,大嘴娃,20,broadcast:3:3:3,1:40,冠军之路,3,Wednesday,丰缘(Hoenn),20,"{""path"": ""encounters_research/out/encounters.json"", ""json_pointer"": ""/broadcast/entries/3/sets/0/species/3"", ""file_sha256"": ""37eb8635e2952e74a2e39cfd62a20d3edb4def344f131b7ab04cada388371458""}",world/pages/maps/g01_n040.md,/broadcast_metadata/gating
0,489,铜镜怪,40,broadcast:3:4:0,1:40,冠军之路,4,Thursday,神奥(Sinnoh),40,"{""path"": ""encounters_research/out/encounters.json"", ""json_pointer"": ""/broadcast/entries/3/sets/1/species/0"", ""file_sha256"": ""37eb8635e2952e74a2e39cfd62a20d3edb4def344f131b7ab04cada388371458""}",world/pages/maps/g01_n040.md,/broadcast_metadata/gating
1,489,铜镜怪,20,broadcast:3:4:1,1:40,冠军之路,4,Thursday,神奥(Sinnoh),20,"{""path"": ""encounters_research/out/encounters.json"", ""json_pointer"": ""/broadcast/entries/3/sets/1/species/1"", ""file_sha256"": ""37eb8635e2952e74a2e39cfd62a20d3edb4def344f131b7ab04cada388371458""}",world/pages/maps/g01_n040.md,/broadcast_metadata/gating
2,461,头盖龙,20,broadcast:3:4:2,1:40,冠军之路,4,Thursday,神奥(Sinnoh),20,"{""path"": ""encounters_research/out/encounters.json"", ""json_pointer"": ""/broadcast/entries/3/sets/1/species/2"", ""file_sha256"": ""37eb8635e2952e74a2e39cfd62a20d3edb4def344f131b7ab04cada388371458""}",world/pages/maps/g01_n040.md,/broadcast_metadata/gating
3,461,头盖龙,20,broadcast:3:4:3,1:40,冠军之路,4,Thursday,神奥(Sinnoh),20,"{""path"": ""encounters_research/out/encounters.json"", ""json_pointer"": ""/broadcast/entries/3/sets/1/species/3"", ""file_sha256"": ""37eb8635e2952e74a2e39cfd62a20d3edb4def344f131b7ab04cada388371458""}",world/pages/maps/g01_n040.md,/broadcast_metadata/gating
0,1129,小炭仔,40,broadcast:3:0:0,1:40,冠军之路,0,Sunday,伽勒尔(Galar),40,"{""path"": ""encounters_research/out/encounters.json"", ""json_pointer"": ""/broadcast/entries/3/sets/2/species/0"", ""file_sha256"": ""37eb8635e2952e74a2e39cfd62a20d3edb4def344f131b7ab04cada388371458""}",world/pages/maps/g01_n040.md,/broadcast_metadata/gating
1,1129,小炭仔,20,broadcast:3:0:1,1:40,冠军之路,0,Sunday,伽勒尔(Galar),20,"{""path"": ""encounters_research/out/encounters.json"", ""json_pointer"": ""/broadcast/entries/3/sets/2/species/1"", ""file_sha256"": ""37eb8635e2952e74a2e39cfd62a20d3edb4def344f131b7ab04cada388371458""}",world/pages/maps/g01_n040.md,/broadcast_metadata/gating
2,1176,铝钢龙,20,broadcast:3:0:2,1:40,冠军之路,0,Sunday,伽勒尔(Galar),20,"{""path"": ""encounters_research/out/encounters.json"", ""json_pointer"": ""/broadcast/entries/3/sets/2/species/2"", ""file_sha256"": ""37eb8635e2952e74a2e39cfd62a20d3edb4def344f131b7ab04cada388371458""}",world/pages/maps/g01_n040.md,/broadcast_metadata/gating
3,1176,铝钢龙,20,broadcast:3:0:3,1:40,冠军之路,0,Sunday,伽勒尔(Galar),20,"{""path"": ""encounters_research/out/encounters.json"", ""json_pointer"": ""/broadcast/entries/3/sets/2/species/3"", ""file_sha256"": ""37eb8635e2952e74a2e39cfd62a20d3edb4def344f131b7ab04cada388371458""}",world/pages/maps/g01_n040.md,/broadcast_metadata/gating
0,320,朝北鼻,40,broadcast:4:3:0,1:41,冠军之路,3,Wednesday,丰缘(Hoenn),40,"{""path"": ""encounters_research/out/encounters.json"", ""json_pointer"": ""/broadcast/entries/4/sets/0/species/0"", ""file_sha256"": ""37eb8635e2952e74a2e39cfd62a20d3edb4def344f131b7ab04cada388371458""}",world/pages/maps/g01_n041.md,/broadcast_metadata/gating
1,320,朝北鼻,20,broadcast:4:3:1,1:41,冠军之路,3,Wednesday,丰缘(Hoenn),20,"{""path"": ""encounters_research/out/encounters.json"", ""json_pointer"": ""/broadcast/entries/4/sets/0/species/1"", ""file_sha256"": ""37eb8635e2952e74a2e39cfd62a20d3edb4def344f131b7ab04cada388371458""}",world/pages/maps/g01_n041.md,/broadcast_metadata/gating
2,355,大嘴娃,20,broadcast:4:3:2,1:41,冠军之路,3,Wednesday,丰缘(Hoenn),20,"{""path"": ""encounters_research/out/encounters.json"", ""json_pointer"": ""/broadcast/entries/4/sets/0/species/2"", ""file_sha256"": ""37eb8635e2952e74a2e39cfd62a20d3edb4def344f131b7ab04cada388371458""}",world/pages/maps/g01_n041.md,/broadcast_metadata/gating
3,355,大嘴娃,20,broadcast:4:3:3,1:41,冠军之路,3,Wednesday,丰缘(Hoenn),20,"{""path"": ""encounters_research/out/encounters.json"", ""json_pointer"": ""/broadcast/entries/4/sets/0/species/3"", ""file_sha256"": ""37eb8635e2952e74a2e39cfd62a20d3edb4def344f131b7ab04cada388371458""}",world/pages/maps/g01_n041.md,/broadcast_metadata/gating
0,489,铜镜怪,40,broadcast:4:4:0,1:41,冠军之路,4,Thursday,神奥(Sinnoh),40,"{""path"": ""encounters_research/out/encounters.json"", ""json_pointer"": ""/broadcast/entries/4/sets/1/species/0"", ""file_sha256"": ""37eb8635e2952e74a2e39cfd62a20d3edb4def344f131b7ab04cada388371458""}",world/pages/maps/g01_n041.md,/broadcast_metadata/gating
1,489,铜镜怪,20,broadcast:4:4:1,1:41,冠军之路,4,Thursday,神奥(Sinnoh),20,"{""path"": ""encounters_research/out/encounters.json"", ""json_pointer"": ""/broadcast/entries/4/sets/1/species/1"", ""file_sha256"": ""37eb8635e2952e74a2e39cfd62a20d3edb4def344f131b7ab04cada388371458""}",world/pages/maps/g01_n041.md,/broadcast_metadata/gating
2,463,盾甲龙,20,broadcast:4:4:2,1:41,冠军之路,4,Thursday,神奥(Sinnoh),20,"{""path"": ""encounters_research/out/encounters.json"", ""json_pointer"": ""/broadcast/entries/4/sets/1/species/2"", ""file_sha256"": ""37eb8635e2952e74a2e39cfd62a20d3edb4def344f131b7ab04cada388371458""}",world/pages/maps/g01_n041.md,/broadcast_metadata/gating
3,463,盾甲龙,20,broadcast:4:4:3,1:41,冠军之路,4,Thursday,神奥(Sinnoh),20,"{""path"": ""encounters_research/out/encounters.json"", ""json_pointer"": ""/broadcast/entries/4/sets/1/species/3"", ""file_sha256"": ""37eb8635e2952e74a2e39cfd62a20d3edb4def344f131b7ab04cada388371458""}",world/pages/maps/g01_n041.md,/broadcast_metadata/gating
0,1129,小炭仔,40,broadcast:4:0:0,1:41,冠军之路,0,Sunday,伽勒尔(Galar),40,"{""path"": ""encounters_research/out/encounters.json"", ""json_pointer"": ""/broadcast/entries/4/sets/2/species/0"", ""file_sha256"": ""37eb8635e2952e74a2e39cfd62a20d3edb4def344f131b7ab04cada388371458""}",world/pages/maps/g01_n041.md,/broadcast_metadata/gating
1,1129,小炭仔,20,broadcast:4:0:1,1:41,冠军之路,0,Sunday,伽勒尔(Galar),20,"{""path"": ""encounters_research/out/encounters.json"", ""json_pointer"": ""/broadcast/entries/4/sets/2/species/1"", ""file_sha256"": ""37eb8635e2952e74a2e39cfd62a20d3edb4def344f131b7ab04cada388371458""}",world/pages/maps/g01_n041.md,/broadcast_metadata/gating
2,1176,铝钢龙,20,broadcast:4:0:2,1:41,冠军之路,0,Sunday,伽勒尔(Galar),20,"{""path"": ""encounters_research/out/encounters.json"", ""json_pointer"": ""/broadcast/entries/4/sets/2/species/2"", ""file_sha256"": ""37eb8635e2952e74a2e39cfd62a20d3edb4def344f131b7ab04cada388371458""}",world/pages/maps/g01_n041.md,/broadcast_metadata/gating
3,1176,铝钢龙,20,broadcast:4:0:3,1:41,冠军之路,0,Sunday,伽勒尔(Galar),20,"{""path"": ""encounters_research/out/encounters.json"", ""json_pointer"": ""/broadcast/entries/4/sets/2/species/3"", ""file_sha256"": ""37eb8635e2952e74a2e39cfd62a20d3edb4def344f131b7ab04cada388371458""}",world/pages/maps/g01_n041.md,/broadcast_metadata/gating
0,395,宝贝龙,40,broadcast:5:3:0,53:9,冠军之路,3,Wednesday,丰缘(Hoenn),40,"{""path"": ""encounters_research/out/encounters.json"", ""json_pointer"": ""/broadcast/entries/5/sets/0/species/0"", ""file_sha256"": ""37eb8635e2952e74a2e39cfd62a20d3edb4def344f131b7ab04cada388371458""}",world/pages/maps/g53_n009.md,/broadcast_metadata/gating
1,395,宝贝龙,20,broadcast:5:3:1,53:9,冠军之路,3,Wednesday,丰缘(Hoenn),20,"{""path"": ""encounters_research/out/encounters.json"", ""json_pointer"": ""/broadcast/entries/5/sets/0/species/1"", ""file_sha256"": ""37eb8635e2952e74a2e39cfd62a20d3edb4def344f131b7ab04cada388371458""}",world/pages/maps/g53_n009.md,/broadcast_metadata/gating
2,383,可多拉,20,broadcast:5:3:2,53:9,冠军之路,3,Wednesday,丰缘(Hoenn),20,"{""path"": ""encounters_research/out/encounters.json"", ""json_pointer"": ""/broadcast/entries/5/sets/0/species/2"", ""file_sha256"": ""37eb8635e2952e74a2e39cfd62a20d3edb4def344f131b7ab04cada388371458""}",world/pages/maps/g53_n009.md,/broadcast_metadata/gating
3,383,可多拉,20,broadcast:5:3:3,53:9,冠军之路,3,Wednesday,丰缘(Hoenn),20,"{""path"": ""encounters_research/out/encounters.json"", ""json_pointer"": ""/broadcast/entries/5/sets/0/species/3"", ""file_sha256"": ""37eb8635e2952e74a2e39cfd62a20d3edb4def344f131b7ab04cada388371458""}",world/pages/maps/g53_n009.md,/broadcast_metadata/gating
0,496,圆陆鲨,40,broadcast:5:4:0,53:9,冠军之路,4,Thursday,神奥(Sinnoh),40,"{""path"": ""encounters_research/out/encounters.json"", ""json_pointer"": ""/broadcast/entries/5/sets/1/species/0"", ""file_sha256"": ""37eb8635e2952e74a2e39cfd62a20d3edb4def344f131b7ab04cada388371458""}",world/pages/maps/g53_n009.md,/broadcast_metadata/gating
1,496,圆陆鲨,20,broadcast:5:4:1,53:9,冠军之路,4,Thursday,神奥(Sinnoh),20,"{""path"": ""encounters_research/out/encounters.json"", ""json_pointer"": ""/broadcast/entries/5/sets/1/species/1"", ""file_sha256"": ""37eb8635e2952e74a2e39cfd62a20d3edb4def344f131b7ab04cada388371458""}",world/pages/maps/g53_n009.md,/broadcast_metadata/gating
2,489,铜镜怪,20,broadcast:5:4:2,53:9,冠军之路,4,Thursday,神奥(Sinnoh),20,"{""path"": ""encounters_research/out/encounters.json"", ""json_pointer"": ""/broadcast/entries/5/sets/1/species/2"", ""file_sha256"": ""37eb8635e2952e74a2e39cfd62a20d3edb4def344f131b7ab04cada388371458""}",world/pages/maps/g53_n009.md,/broadcast_metadata/gating
3,489,铜镜怪,20,broadcast:5:4:3,53:9,冠军之路,4,Thursday,神奥(Sinnoh),20,"{""path"": ""encounters_research/out/encounters.json"", ""json_pointer"": ""/broadcast/entries/5/sets/1/species/3"", ""file_sha256"": ""37eb8635e2952e74a2e39cfd62a20d3edb4def344f131b7ab04cada388371458""}",world/pages/maps/g53_n009.md,/broadcast_metadata/gating
0,1177,多龙梅西亚,40,broadcast:5:0:0,53:9,冠军之路,0,Sunday,伽勒尔(Galar),40,"{""path"": ""encounters_research/out/encounters.json"", ""json_pointer"": ""/broadcast/entries/5/sets/2/species/0"", ""file_sha256"": ""37eb8635e2952e74a2e39cfd62a20d3edb4def344f131b7ab04cada388371458""}",world/pages/maps/g53_n009.md,/broadcast_metadata/gating
1,1177,多龙梅西亚,20,broadcast:5:0:1,53:9,冠军之路,0,Sunday,伽勒尔(Galar),20,"{""path"": ""encounters_research/out/encounters.json"", ""json_pointer"": ""/broadcast/entries/5/sets/2/species/1"", ""file_sha256"": ""37eb8635e2952e74a2e39cfd62a20d3edb4def344f131b7ab04cada388371458""}",world/pages/maps/g53_n009.md,/broadcast_metadata/gating
2,1176,铝钢龙,20,broadcast:5:0:2,53:9,冠军之路,0,Sunday,伽勒尔(Galar),20,"{""path"": ""encounters_research/out/encounters.json"", ""json_pointer"": ""/broadcast/entries/5/sets/2/species/2"", ""file_sha256"": ""37eb8635e2952e74a2e39cfd62a20d3edb4def344f131b7ab04cada388371458""}",world/pages/maps/g53_n009.md,/broadcast_metadata/gating
3,1176,铝钢龙,20,broadcast:5:0:3,53:9,冠军之路,0,Sunday,伽勒尔(Galar),20,"{""path"": ""encounters_research/out/encounters.json"", ""json_pointer"": ""/broadcast/entries/5/sets/2/species/3"", ""file_sha256"": ""37eb8635e2952e74a2e39cfd62a20d3edb4def344f131b7ab04cada388371458""}",world/pages/maps/g53_n009.md,/broadcast_metadata/gating
0,383,可多拉,40,broadcast:6:3:0,53:8,冠军之路,3,Wednesday,丰缘(Hoenn),40,"{""path"": ""encounters_research/out/encounters.json"", ""json_pointer"": ""/broadcast/entries/6/sets/0/species/0"", ""file_sha256"": ""37eb8635e2952e74a2e39cfd62a20d3edb4def344f131b7ab04cada388371458""}",world/pages/maps/g53_n008.md,/broadcast_metadata/gating
1,383,可多拉,20,broadcast:6:3:1,53:8,冠军之路,3,Wednesday,丰缘(Hoenn),20,"{""path"": ""encounters_research/out/encounters.json"", ""json_pointer"": ""/broadcast/entries/6/sets/0/species/1"", ""file_sha256"": ""37eb8635e2952e74a2e39cfd62a20d3edb4def344f131b7ab04cada388371458""}",world/pages/maps/g53_n008.md,/broadcast_metadata/gating
2,355,大嘴娃,20,broadcast:6:3:2,53:8,冠军之路,3,Wednesday,丰缘(Hoenn),20,"{""path"": ""encounters_research/out/encounters.json"", ""json_pointer"": ""/broadcast/entries/6/sets/0/species/2"", ""file_sha256"": ""37eb8635e2952e74a2e39cfd62a20d3edb4def344f131b7ab04cada388371458""}",world/pages/maps/g53_n008.md,/broadcast_metadata/gating
3,355,大嘴娃,20,broadcast:6:3:3,53:8,冠军之路,3,Wednesday,丰缘(Hoenn),20,"{""path"": ""encounters_research/out/encounters.json"", ""json_pointer"": ""/broadcast/entries/6/sets/0/species/3"", ""file_sha256"": ""37eb8635e2952e74a2e39cfd62a20d3edb4def344f131b7ab04cada388371458""}",world/pages/maps/g53_n008.md,/broadcast_metadata/gating
0,489,铜镜怪,40,broadcast:6:4:0,53:8,冠军之路,4,Thursday,神奥(Sinnoh),40,"{""path"": ""encounters_research/out/encounters.json"", ""json_pointer"": ""/broadcast/entries/6/sets/1/species/0"", ""file_sha256"": ""37eb8635e2952e74a2e39cfd62a20d3edb4def344f131b7ab04cada388371458""}",world/pages/maps/g53_n008.md,/broadcast_metadata/gating
1,489,铜镜怪,20,broadcast:6:4:1,53:8,冠军之路,4,Thursday,神奥(Sinnoh),20,"{""path"": ""encounters_research/out/encounters.json"", ""json_pointer"": ""/broadcast/entries/6/sets/1/species/1"", ""file_sha256"": ""37eb8635e2952e74a2e39cfd62a20d3edb4def344f131b7ab04cada388371458""}",world/pages/maps/g53_n008.md,/broadcast_metadata/gating
2,461,头盖龙,20,broadcast:6:4:2,53:8,冠军之路,4,Thursday,神奥(Sinnoh),20,"{""path"": ""encounters_research/out/encounters.json"", ""json_pointer"": ""/broadcast/entries/6/sets/1/species/2"", ""file_sha256"": ""37eb8635e2952e74a2e39cfd62a20d3edb4def344f131b7ab04cada388371458""}",world/pages/maps/g53_n008.md,/broadcast_metadata/gating
3,461,头盖龙,20,broadcast:6:4:3,53:8,冠军之路,4,Thursday,神奥(Sinnoh),20,"{""path"": ""encounters_research/out/encounters.json"", ""json_pointer"": ""/broadcast/entries/6/sets/1/species/3"", ""file_sha256"": ""37eb8635e2952e74a2e39cfd62a20d3edb4def344f131b7ab04cada388371458""}",world/pages/maps/g53_n008.md,/broadcast_metadata/gating
0,1129,小炭仔,40,broadcast:6:0:0,53:8,冠军之路,0,Sunday,伽勒尔(Galar),40,"{""path"": ""encounters_research/out/encounters.json"", ""json_pointer"": ""/broadcast/entries/6/sets/2/species/0"", ""file_sha256"": ""37eb8635e2952e74a2e39cfd62a20d3edb4def344f131b7ab04cada388371458""}",world/pages/maps/g53_n008.md,/broadcast_metadata/gating
1,1129,小炭仔,20,broadcast:6:0:1,53:8,冠军之路,0,Sunday,伽勒尔(Galar),20,"{""path"": ""encounters_research/out/encounters.json"", ""json_pointer"": ""/broadcast/entries/6/sets/2/species/1"", ""file_sha256"": ""37eb8635e2952e74a2e39cfd62a20d3edb4def344f131b7ab04cada388371458""}",world/pages/maps/g53_n008.md,/broadcast_metadata/gating
2,1176,铝钢龙,20,broadcast:6:0:2,53:8,冠军之路,0,Sunday,伽勒尔(Galar),20,"{""path"": ""encounters_research/out/encounters.json"", ""json_pointer"": ""/broadcast/entries/6/sets/2/species/2"", ""file_sha256"": ""37eb8635e2952e74a2e39cfd62a20d3edb4def344f131b7ab04cada388371458""}",world/pages/maps/g53_n008.md,/broadcast_metadata/gating
3,1176,铝钢龙,20,broadcast:6:0:3,53:8,冠军之路,0,Sunday,伽勒尔(Galar),20,"{""path"": ""encounters_research/out/encounters.json"", ""json_pointer"": ""/broadcast/entries/6/sets/2/species/3"", ""file_sha256"": ""37eb8635e2952e74a2e39cfd62a20d3edb4def344f131b7ab04cada388371458""}",world/pages/maps/g53_n008.md,/broadcast_metadata/gating
0,356,玛沙那,40,broadcast:7:3:0,53:10,冠军之路,3,Wednesday,丰缘(Hoenn),40,"{""path"": ""encounters_research/out/encounters.json"", ""json_pointer"": ""/broadcast/entries/7/sets/0/species/0"", ""file_sha256"": ""37eb8635e2952e74a2e39cfd62a20d3edb4def344f131b7ab04cada388371458""}",world/pages/maps/g53_n010.md,/broadcast_metadata/gating
1,356,玛沙那,20,broadcast:7:3:1,53:10,冠军之路,3,Wednesday,丰缘(Hoenn),20,"{""path"": ""encounters_research/out/encounters.json"", ""json_pointer"": ""/broadcast/entries/7/sets/0/species/1"", ""file_sha256"": ""37eb8635e2952e74a2e39cfd62a20d3edb4def344f131b7ab04cada388371458""}",world/pages/maps/g53_n010.md,/broadcast_metadata/gating
2,335,幕下力士,20,broadcast:7:3:2,53:10,冠军之路,3,Wednesday,丰缘(Hoenn),20,"{""path"": ""encounters_research/out/encounters.json"", ""json_pointer"": ""/broadcast/entries/7/sets/0/species/2"", ""file_sha256"": ""37eb8635e2952e74a2e39cfd62a20d3edb4def344f131b7ab04cada388371458""}",world/pages/maps/g53_n010.md,/broadcast_metadata/gating
3,335,幕下力士,20,broadcast:7:3:3,53:10,冠军之路,3,Wednesday,丰缘(Hoenn),20,"{""path"": ""encounters_research/out/encounters.json"", ""json_pointer"": ""/broadcast/entries/7/sets/0/species/3"", ""file_sha256"": ""37eb8635e2952e74a2e39cfd62a20d3edb4def344f131b7ab04cada388371458""}",world/pages/maps/g53_n010.md,/broadcast_metadata/gating
0,500,利欧路,40,broadcast:7:4:0,53:10,冠军之路,4,Thursday,神奥(Sinnoh),40,"{""path"": ""encounters_research/out/encounters.json"", ""json_pointer"": ""/broadcast/entries/7/sets/1/species/0"", ""file_sha256"": ""37eb8635e2952e74a2e39cfd62a20d3edb4def344f131b7ab04cada388371458""}",world/pages/maps/g53_n010.md,/broadcast_metadata/gating
1,500,利欧路,20,broadcast:7:4:1,53:10,冠军之路,4,Thursday,神奥(Sinnoh),20,"{""path"": ""encounters_research/out/encounters.json"", ""json_pointer"": ""/broadcast/entries/7/sets/1/species/1"", ""file_sha256"": ""37eb8635e2952e74a2e39cfd62a20d3edb4def344f131b7ab04cada388371458""}",world/pages/maps/g53_n010.md,/broadcast_metadata/gating
2,506,不良蛙,20,broadcast:7:4:2,53:10,冠军之路,4,Thursday,神奥(Sinnoh),20,"{""path"": ""encounters_research/out/encounters.json"", ""json_pointer"": ""/broadcast/entries/7/sets/1/species/2"", ""file_sha256"": ""37eb8635e2952e74a2e39cfd62a20d3edb4def344f131b7ab04cada388371458""}",world/pages/maps/g53_n010.md,/broadcast_metadata/gating
3,506,不良蛙,20,broadcast:7:4:3,53:10,冠军之路,4,Thursday,神奥(Sinnoh),20,"{""path"": ""encounters_research/out/encounters.json"", ""json_pointer"": ""/broadcast/entries/7/sets/1/species/3"", ""file_sha256"": ""37eb8635e2952e74a2e39cfd62a20d3edb4def344f131b7ab04cada388371458""}",world/pages/maps/g53_n010.md,/broadcast_metadata/gating
0,1144,拳拳蛸,40,broadcast:7:0:0,53:10,冠军之路,0,Sunday,伽勒尔(Galar),40,"{""path"": ""encounters_research/out/encounters.json"", ""json_pointer"": ""/broadcast/entries/7/sets/2/species/0"", ""file_sha256"": ""37eb8635e2952e74a2e39cfd62a20d3edb4def344f131b7ab04cada388371458""}",world/pages/maps/g53_n010.md,/broadcast_metadata/gating
1,1144,拳拳蛸,20,broadcast:7:0:1,53:10,冠军之路,0,Sunday,伽勒尔(Galar),20,"{""path"": ""encounters_research/out/encounters.json"", ""json_pointer"": ""/broadcast/entries/7/sets/2/species/1"", ""file_sha256"": ""37eb8635e2952e74a2e39cfd62a20d3edb4def344f131b7ab04cada388371458""}",world/pages/maps/g53_n010.md,/broadcast_metadata/gating
2,1162,列阵兵,20,broadcast:7:0:2,53:10,冠军之路,0,Sunday,伽勒尔(Galar),20,"{""path"": ""encounters_research/out/encounters.json"", ""json_pointer"": ""/broadcast/entries/7/sets/2/species/2"", ""file_sha256"": ""37eb8635e2952e74a2e39cfd62a20d3edb4def344f131b7ab04cada388371458""}",world/pages/maps/g53_n010.md,/broadcast_metadata/gating
3,1162,列阵兵,20,broadcast:7:0:3,53:10,冠军之路,0,Sunday,伽勒尔(Galar),20,"{""path"": ""encounters_research/out/encounters.json"", ""json_pointer"": ""/broadcast/entries/7/sets/2/species/3"", ""file_sha256"": ""37eb8635e2952e74a2e39cfd62a20d3edb4def344f131b7ab04cada388371458""}",world/pages/maps/g53_n010.md,/broadcast_metadata/gating
0,288,蛇纹熊,40,broadcast:8:3:0,3:80,46号道路,3,Wednesday,丰缘(Hoenn),40,"{""path"": ""encounters_research/out/encounters.json"", ""json_pointer"": ""/broadcast/entries/8/sets/0/species/0"", ""file_sha256"": ""37eb8635e2952e74a2e39cfd62a20d3edb4def344f131b7ab04cada388371458""}",world/pages/maps/g03_n080.md,/broadcast_metadata/gating
1,370,咕妞妞,20,broadcast:8:3:1,3:80,46号道路,3,Wednesday,丰缘(Hoenn),20,"{""path"": ""encounters_research/out/encounters.json"", ""json_pointer"": ""/broadcast/entries/8/sets/0/species/1"", ""file_sha256"": ""37eb8635e2952e74a2e39cfd62a20d3edb4def344f131b7ab04cada388371458""}",world/pages/maps/g03_n080.md,/broadcast_metadata/gating
2,353,正电拍拍,20,broadcast:8:3:2,3:80,46号道路,3,Wednesday,丰缘(Hoenn),20,"{""path"": ""encounters_research/out/encounters.json"", ""json_pointer"": ""/broadcast/entries/8/sets/0/species/2"", ""file_sha256"": ""37eb8635e2952e74a2e39cfd62a20d3edb4def344f131b7ab04cada388371458""}",world/pages/maps/g03_n080.md,/broadcast_metadata/gating
3,354,负电拍拍,20,broadcast:8:3:3,3:80,46号道路,3,Wednesday,丰缘(Hoenn),20,"{""path"": ""encounters_research/out/encounters.json"", ""json_pointer"": ""/broadcast/entries/8/sets/0/species/3"", ""file_sha256"": ""37eb8635e2952e74a2e39cfd62a20d3edb4def344f131b7ab04cada388371458""}",world/pages/maps/g03_n080.md,/broadcast_metadata/gating
0,449,姆克儿,40,broadcast:8:4:0,3:80,46号道路,4,Thursday,神奥(Sinnoh),40,"{""path"": ""encounters_research/out/encounters.json"", ""json_pointer"": ""/broadcast/entries/8/sets/1/species/0"", ""file_sha256"": ""37eb8635e2952e74a2e39cfd62a20d3edb4def344f131b7ab04cada388371458""}",world/pages/maps/g03_n080.md,/broadcast_metadata/gating
1,452,大牙狸,20,broadcast:8:4:1,3:80,46号道路,4,Thursday,神奥(Sinnoh),20,"{""path"": ""encounters_research/out/encounters.json"", ""json_pointer"": ""/broadcast/entries/8/sets/1/species/1"", ""file_sha256"": ""37eb8635e2952e74a2e39cfd62a20d3edb4def344f131b7ab04cada388371458""}",world/pages/maps/g03_n080.md,/broadcast_metadata/gating
2,456,小猫怪,20,broadcast:8:4:2,3:80,46号道路,4,Thursday,神奥(Sinnoh),20,"{""path"": ""encounters_research/out/encounters.json"", ""json_pointer"": ""/broadcast/entries/8/sets/1/species/2"", ""file_sha256"": ""37eb8635e2952e74a2e39cfd62a20d3edb4def344f131b7ab04cada388371458""}",world/pages/maps/g03_n080.md,/broadcast_metadata/gating
3,486,铃铛响,20,broadcast:8:4:3,3:80,46号道路,4,Thursday,神奥(Sinnoh),20,"{""path"": ""encounters_research/out/encounters.json"", ""json_pointer"": ""/broadcast/entries/8/sets/1/species/3"", ""file_sha256"": ""37eb8635e2952e74a2e39cfd62a20d3edb4def344f131b7ab04cada388371458""}",world/pages/maps/g03_n080.md,/broadcast_metadata/gating
0,1111,贪心栗鼠,40,broadcast:8:0:0,3:80,46号道路,0,Sunday,伽勒尔(Galar),40,"{""path"": ""encounters_research/out/encounters.json"", ""json_pointer"": ""/broadcast/entries/8/sets/2/species/0"", ""file_sha256"": ""37eb8635e2952e74a2e39cfd62a20d3edb4def344f131b7ab04cada388371458""}",world/pages/maps/g03_n080.md,/broadcast_metadata/gating
1,1226,蛇纹熊,20,broadcast:8:0:1,3:80,46号道路,0,Sunday,伽勒尔(Galar),20,"{""path"": ""encounters_research/out/encounters.json"", ""json_pointer"": ""/broadcast/entries/8/sets/2/species/1"", ""file_sha256"": ""37eb8635e2952e74a2e39cfd62a20d3edb4def344f131b7ab04cada388371458""}",world/pages/maps/g03_n080.md,/broadcast_metadata/gating
2,1119,偷儿狐,20,broadcast:8:0:2,3:80,46号道路,0,Sunday,伽勒尔(Galar),20,"{""path"": ""encounters_research/out/encounters.json"", ""json_pointer"": ""/broadcast/entries/8/sets/2/species/2"", ""file_sha256"": ""37eb8635e2952e74a2e39cfd62a20d3edb4def344f131b7ab04cada388371458""}",world/pages/maps/g03_n080.md,/broadcast_metadata/gating
3,1113,稚山雀,20,broadcast:8:0:3,3:80,46号道路,0,Sunday,伽勒尔(Galar),20,"{""path"": ""encounters_research/out/encounters.json"", ""json_pointer"": ""/broadcast/entries/8/sets/2/species/3"", ""file_sha256"": ""37eb8635e2952e74a2e39cfd62a20d3edb4def344f131b7ab04cada388371458""}",world/pages/maps/g03_n080.md,/broadcast_metadata/gating
0,288,蛇纹熊,40,broadcast:9:3:0,3:79,29号道路,3,Wednesday,丰缘(Hoenn),40,"{""path"": ""encounters_research/out/encounters.json"", ""json_pointer"": ""/broadcast/entries/9/sets/0/species/0"", ""file_sha256"": ""37eb8635e2952e74a2e39cfd62a20d3edb4def344f131b7ab04cada388371458""}",world/pages/maps/g03_n079.md,/broadcast_metadata/gating
1,288,蛇纹熊,20,broadcast:9:3:1,3:79,29号道路,3,Wednesday,丰缘(Hoenn),20,"{""path"": ""encounters_research/out/encounters.json"", ""json_pointer"": ""/broadcast/entries/9/sets/0/species/1"", ""file_sha256"": ""37eb8635e2952e74a2e39cfd62a20d3edb4def344f131b7ab04cada388371458""}",world/pages/maps/g03_n079.md,/broadcast_metadata/gating
2,353,正电拍拍,20,broadcast:9:3:2,3:79,29号道路,3,Wednesday,丰缘(Hoenn),20,"{""path"": ""encounters_research/out/encounters.json"", ""json_pointer"": ""/broadcast/entries/9/sets/0/species/2"", ""file_sha256"": ""37eb8635e2952e74a2e39cfd62a20d3edb4def344f131b7ab04cada388371458""}",world/pages/maps/g03_n079.md,/broadcast_metadata/gating
3,354,负电拍拍,20,broadcast:9:3:3,3:79,29号道路,3,Wednesday,丰缘(Hoenn),20,"{""path"": ""encounters_research/out/encounters.json"", ""json_pointer"": ""/broadcast/entries/9/sets/0/species/3"", ""file_sha256"": ""37eb8635e2952e74a2e39cfd62a20d3edb4def344f131b7ab04cada388371458""}",world/pages/maps/g03_n079.md,/broadcast_metadata/gating
0,449,姆克儿,40,broadcast:9:4:0,3:79,29号道路,4,Thursday,神奥(Sinnoh),40,"{""path"": ""encounters_research/out/encounters.json"", ""json_pointer"": ""/broadcast/entries/9/sets/1/species/0"", ""file_sha256"": ""37eb8635e2952e74a2e39cfd62a20d3edb4def344f131b7ab04cada388371458""}",world/pages/maps/g03_n079.md,/broadcast_metadata/gating
1,459,含羞苞,20,broadcast:9:4:1,3:79,29号道路,4,Thursday,神奥(Sinnoh),20,"{""path"": ""encounters_research/out/encounters.json"", ""json_pointer"": ""/broadcast/entries/9/sets/1/species/1"", ""file_sha256"": ""37eb8635e2952e74a2e39cfd62a20d3edb4def344f131b7ab04cada388371458""}",world/pages/maps/g03_n079.md,/broadcast_metadata/gating
2,456,小猫怪,20,broadcast:9:4:2,3:79,29号道路,4,Thursday,神奥(Sinnoh),20,"{""path"": ""encounters_research/out/encounters.json"", ""json_pointer"": ""/broadcast/entries/9/sets/1/species/2"", ""file_sha256"": ""37eb8635e2952e74a2e39cfd62a20d3edb4def344f131b7ab04cada388371458""}",world/pages/maps/g03_n079.md,/broadcast_metadata/gating
3,443,小火焰猴,20,broadcast:9:4:3,3:79,29号道路,4,Thursday,神奥(Sinnoh),20,"{""path"": ""encounters_research/out/encounters.json"", ""json_pointer"": ""/broadcast/entries/9/sets/1/species/3"", ""file_sha256"": ""37eb8635e2952e74a2e39cfd62a20d3edb4def344f131b7ab04cada388371458""}",world/pages/maps/g03_n079.md,/broadcast_metadata/gating
0,1111,贪心栗鼠,40,broadcast:9:0:0,3:79,29号道路,0,Sunday,伽勒尔(Galar),40,"{""path"": ""encounters_research/out/encounters.json"", ""json_pointer"": ""/broadcast/entries/9/sets/2/species/0"", ""file_sha256"": ""37eb8635e2952e74a2e39cfd62a20d3edb4def344f131b7ab04cada388371458""}",world/pages/maps/g03_n079.md,/broadcast_metadata/gating
1,1111,贪心栗鼠,20,broadcast:9:0:1,3:79,29号道路,0,Sunday,伽勒尔(Galar),20,"{""path"": ""encounters_research/out/encounters.json"", ""json_pointer"": ""/broadcast/entries/9/sets/2/species/1"", ""file_sha256"": ""37eb8635e2952e74a2e39cfd62a20d3edb4def344f131b7ab04cada388371458""}",world/pages/maps/g03_n079.md,/broadcast_metadata/gating
2,1113,稚山雀,20,broadcast:9:0:2,3:79,29号道路,0,Sunday,伽勒尔(Galar),20,"{""path"": ""encounters_research/out/encounters.json"", ""json_pointer"": ""/broadcast/entries/9/sets/2/species/2"", ""file_sha256"": ""37eb8635e2952e74a2e39cfd62a20d3edb4def344f131b7ab04cada388371458""}",world/pages/maps/g03_n079.md,/broadcast_metadata/gating
3,1113,稚山雀,20,broadcast:9:0:3,3:79,29号道路,0,Sunday,伽勒尔(Galar),20,"{""path"": ""encounters_research/out/encounters.json"", ""json_pointer"": ""/broadcast/entries/9/sets/2/species/3"", ""file_sha256"": ""37eb8635e2952e74a2e39cfd62a20d3edb4def344f131b7ab04cada388371458""}",world/pages/maps/g03_n079.md,/broadcast_metadata/gating
0,288,蛇纹熊,40,broadcast:10:3:0,3:82,30号道路,3,Wednesday,丰缘(Hoenn),40,"{""path"": ""encounters_research/out/encounters.json"", ""json_pointer"": ""/broadcast/entries/10/sets/0/species/0"", ""file_sha256"": ""37eb8635e2952e74a2e39cfd62a20d3edb4def344f131b7ab04cada388371458""}",world/pages/maps/g03_n082.md,/broadcast_metadata/gating
1,370,咕妞妞,20,broadcast:10:3:1,3:82,30号道路,3,Wednesday,丰缘(Hoenn),20,"{""path"": ""encounters_research/out/encounters.json"", ""json_pointer"": ""/broadcast/entries/10/sets/0/species/1"", ""file_sha256"": ""37eb8635e2952e74a2e39cfd62a20d3edb4def344f131b7ab04cada388371458""}",world/pages/maps/g03_n082.md,/broadcast_metadata/gating
2,311,溜溜糖球,20,broadcast:10:3:2,3:82,30号道路,3,Wednesday,丰缘(Hoenn),20,"{""path"": ""encounters_research/out/encounters.json"", ""json_pointer"": ""/broadcast/entries/10/sets/0/species/2"", ""file_sha256"": ""37eb8635e2952e74a2e39cfd62a20d3edb4def344f131b7ab04cada388371458""}",world/pages/maps/g03_n082.md,/broadcast_metadata/gating
3,309,长翅鸥,20,broadcast:10:3:3,3:82,30号道路,3,Wednesday,丰缘(Hoenn),20,"{""path"": ""encounters_research/out/encounters.json"", ""json_pointer"": ""/broadcast/entries/10/sets/0/species/3"", ""file_sha256"": ""37eb8635e2952e74a2e39cfd62a20d3edb4def344f131b7ab04cada388371458""}",world/pages/maps/g03_n082.md,/broadcast_metadata/gating
0,452,大牙狸,40,broadcast:10:4:0,3:82,30号道路,4,Thursday,神奥(Sinnoh),40,"{""path"": ""encounters_research/out/encounters.json"", ""json_pointer"": ""/broadcast/entries/10/sets/1/species/0"", ""file_sha256"": ""37eb8635e2952e74a2e39cfd62a20d3edb4def344f131b7ab04cada388371458""}",world/pages/maps/g03_n082.md,/broadcast_metadata/gating
1,471,泳圈鼬,20,broadcast:10:4:1,3:82,30号道路,4,Thursday,神奥(Sinnoh),20,"{""path"": ""encounters_research/out/encounters.json"", ""json_pointer"": ""/broadcast/entries/10/sets/1/species/1"", ""file_sha256"": ""37eb8635e2952e74a2e39cfd62a20d3edb4def344f131b7ab04cada388371458""}",world/pages/maps/g03_n082.md,/broadcast_metadata/gating
2,459,含羞苞,20,broadcast:10:4:2,3:82,30号道路,4,Thursday,神奥(Sinnoh),20,"{""path"": ""encounters_research/out/encounters.json"", ""json_pointer"": ""/broadcast/entries/10/sets/1/species/2"", ""file_sha256"": ""37eb8635e2952e74a2e39cfd62a20d3edb4def344f131b7ab04cada388371458""}",world/pages/maps/g03_n082.md,/broadcast_metadata/gating
3,475,无壳海兔,20,broadcast:10:4:3,3:82,30号道路,4,Thursday,神奥(Sinnoh),20,"{""path"": ""encounters_research/out/encounters.json"", ""json_pointer"": ""/broadcast/entries/10/sets/1/species/3"", ""file_sha256"": ""37eb8635e2952e74a2e39cfd62a20d3edb4def344f131b7ab04cada388371458""}",world/pages/maps/g03_n082.md,/broadcast_metadata/gating
0,1111,贪心栗鼠,40,broadcast:10:0:0,3:82,30号道路,0,Sunday,伽勒尔(Galar),40,"{""path"": ""encounters_research/out/encounters.json"", ""json_pointer"": ""/broadcast/entries/10/sets/2/species/0"", ""file_sha256"": ""37eb8635e2952e74a2e39cfd62a20d3edb4def344f131b7ab04cada388371458""}",world/pages/maps/g03_n082.md,/broadcast_metadata/gating
1,1226,蛇纹熊,20,broadcast:10:0:1,3:82,30号道路,0,Sunday,伽勒尔(Galar),20,"{""path"": ""encounters_research/out/encounters.json"", ""json_pointer"": ""/broadcast/entries/10/sets/2/species/1"", ""file_sha256"": ""37eb8635e2952e74a2e39cfd62a20d3edb4def344f131b7ab04cada388371458""}",world/pages/maps/g03_n082.md,/broadcast_metadata/gating
2,1125,咬咬龟,20,broadcast:10:0:2,3:82,30号道路,0,Sunday,伽勒尔(Galar),20,"{""path"": ""encounters_research/out/encounters.json"", ""json_pointer"": ""/broadcast/entries/10/sets/2/species/2"", ""file_sha256"": ""37eb8635e2952e74a2e39cfd62a20d3edb4def344f131b7ab04cada388371458""}",world/pages/maps/g03_n082.md,/broadcast_metadata/gating
3,1123,毛辫羊,20,broadcast:10:0:3,3:82,30号道路,0,Sunday,伽勒尔(Galar),20,"{""path"": ""encounters_research/out/encounters.json"", ""json_pointer"": ""/broadcast/entries/10/sets/2/species/3"", ""file_sha256"": ""37eb8635e2952e74a2e39cfd62a20d3edb4def344f131b7ab04cada388371458""}",world/pages/maps/g03_n082.md,/broadcast_metadata/gating
0,288,蛇纹熊,40,broadcast:11:3:0,3:83,31号道路,3,Wednesday,丰缘(Hoenn),40,"{""path"": ""encounters_research/out/encounters.json"", ""json_pointer"": ""/broadcast/entries/11/sets/0/species/0"", ""file_sha256"": ""37eb8635e2952e74a2e39cfd62a20d3edb4def344f131b7ab04cada388371458""}",world/pages/maps/g03_n083.md,/broadcast_metadata/gating
1,295,莲叶童子,20,broadcast:11:3:1,3:83,31号道路,3,Wednesday,丰缘(Hoenn),20,"{""path"": ""encounters_research/out/encounters.json"", ""json_pointer"": ""/broadcast/entries/11/sets/0/species/1"", ""file_sha256"": ""37eb8635e2952e74a2e39cfd62a20d3edb4def344f131b7ab04cada388371458""}",world/pages/maps/g03_n083.md,/broadcast_metadata/gating
2,311,溜溜糖球,20,broadcast:11:3:2,3:83,31号道路,3,Wednesday,丰缘(Hoenn),20,"{""path"": ""encounters_research/out/encounters.json"", ""json_pointer"": ""/broadcast/entries/11/sets/0/species/2"", ""file_sha256"": ""37eb8635e2952e74a2e39cfd62a20d3edb4def344f131b7ab04cada388371458""}",world/pages/maps/g03_n083.md,/broadcast_metadata/gating
3,309,长翅鸥,20,broadcast:11:3:3,3:83,31号道路,3,Wednesday,丰缘(Hoenn),20,"{""path"": ""encounters_research/out/encounters.json"", ""json_pointer"": ""/broadcast/entries/11/sets/0/species/3"", ""file_sha256"": ""37eb8635e2952e74a2e39cfd62a20d3edb4def344f131b7ab04cada388371458""}",world/pages/maps/g03_n083.md,/broadcast_metadata/gating
0,456,小猫怪,40,broadcast:11:4:0,3:83,31号道路,4,Thursday,神奥(Sinnoh),40,"{""path"": ""encounters_research/out/encounters.json"", ""json_pointer"": ""/broadcast/entries/11/sets/1/species/0"", ""file_sha256"": ""37eb8635e2952e74a2e39cfd62a20d3edb4def344f131b7ab04cada388371458""}",world/pages/maps/g03_n083.md,/broadcast_metadata/gating
1,471,泳圈鼬,20,broadcast:11:4:1,3:83,31号道路,4,Thursday,神奥(Sinnoh),20,"{""path"": ""encounters_research/out/encounters.json"", ""json_pointer"": ""/broadcast/entries/11/sets/1/species/1"", ""file_sha256"": ""37eb8635e2952e74a2e39cfd62a20d3edb4def344f131b7ab04cada388371458""}",world/pages/maps/g03_n083.md,/broadcast_metadata/gating
2,459,含羞苞,20,broadcast:11:4:2,3:83,31号道路,4,Thursday,神奥(Sinnoh),20,"{""path"": ""encounters_research/out/encounters.json"", ""json_pointer"": ""/broadcast/entries/11/sets/1/species/2"", ""file_sha256"": ""37eb8635e2952e74a2e39cfd62a20d3edb4def344f131b7ab04cada388371458""}",world/pages/maps/g03_n083.md,/broadcast_metadata/gating
3,475,无壳海兔,20,broadcast:11:4:3,3:83,31号道路,4,Thursday,神奥(Sinnoh),20,"{""path"": ""encounters_research/out/encounters.json"", ""json_pointer"": ""/broadcast/entries/11/sets/1/species/3"", ""file_sha256"": ""37eb8635e2952e74a2e39cfd62a20d3edb4def344f131b7ab04cada388371458""}",world/pages/maps/g03_n083.md,/broadcast_metadata/gating
0,1111,贪心栗鼠,40,broadcast:11:0:0,3:83,31号道路,0,Sunday,伽勒尔(Galar),40,"{""path"": ""encounters_research/out/encounters.json"", ""json_pointer"": ""/broadcast/entries/11/sets/2/species/0"", ""file_sha256"": ""37eb8635e2952e74a2e39cfd62a20d3edb4def344f131b7ab04cada388371458""}",world/pages/maps/g03_n083.md,/broadcast_metadata/gating
1,1226,蛇纹熊,20,broadcast:11:0:1,3:83,31号道路,0,Sunday,伽勒尔(Galar),20,"{""path"": ""encounters_research/out/encounters.json"", ""json_pointer"": ""/broadcast/entries/11/sets/2/species/1"", ""file_sha256"": ""37eb8635e2952e74a2e39cfd62a20d3edb4def344f131b7ab04cada388371458""}",world/pages/maps/g03_n083.md,/broadcast_metadata/gating
2,1125,咬咬龟,20,broadcast:11:0:2,3:83,31号道路,0,Sunday,伽勒尔(Galar),20,"{""path"": ""encounters_research/out/encounters.json"", ""json_pointer"": ""/broadcast/entries/11/sets/2/species/2"", ""file_sha256"": ""37eb8635e2952e74a2e39cfd62a20d3edb4def344f131b7ab04cada388371458""}",world/pages/maps/g03_n083.md,/broadcast_metadata/gating
3,1119,偷儿狐,20,broadcast:11:0:3,3:83,31号道路,0,Sunday,伽勒尔(Galar),20,"{""path"": ""encounters_research/out/encounters.json"", ""json_pointer"": ""/broadcast/entries/11/sets/2/species/3"", ""file_sha256"": ""37eb8635e2952e74a2e39cfd62a20d3edb4def344f131b7ab04cada388371458""}",world/pages/maps/g03_n083.md,/broadcast_metadata/gating
0,370,咕妞妞,40,broadcast:12:3:0,1:125,黑暗洞穴,3,Wednesday,丰缘(Hoenn),40,"{""path"": ""encounters_research/out/encounters.json"", ""json_pointer"": ""/broadcast/entries/12/sets/0/species/0"", ""file_sha256"": ""37eb8635e2952e74a2e39cfd62a20d3edb4def344f131b7ab04cada388371458""}",world/pages/maps/g01_n125.md,/broadcast_metadata/gating
1,322,勾魂眼,20,broadcast:12:3:1,1:125,黑暗洞穴,3,Wednesday,丰缘(Hoenn),20,"{""path"": ""encounters_research/out/encounters.json"", ""json_pointer"": ""/broadcast/entries/12/sets/0/species/1"", ""file_sha256"": ""37eb8635e2952e74a2e39cfd62a20d3edb4def344f131b7ab04cada388371458""}",world/pages/maps/g01_n125.md,/broadcast_metadata/gating
2,355,大嘴娃,20,broadcast:12:3:2,1:125,黑暗洞穴,3,Wednesday,丰缘(Hoenn),20,"{""path"": ""encounters_research/out/encounters.json"", ""json_pointer"": ""/broadcast/entries/12/sets/0/species/2"", ""file_sha256"": ""37eb8635e2952e74a2e39cfd62a20d3edb4def344f131b7ab04cada388371458""}",world/pages/maps/g01_n125.md,/broadcast_metadata/gating
3,335,幕下力士,20,broadcast:12:3:3,1:125,黑暗洞穴,3,Wednesday,丰缘(Hoenn),20,"{""path"": ""encounters_research/out/encounters.json"", ""json_pointer"": ""/broadcast/entries/12/sets/0/species/3"", ""file_sha256"": ""37eb8635e2952e74a2e39cfd62a20d3edb4def344f131b7ab04cada388371458""}",world/pages/maps/g01_n125.md,/broadcast_metadata/gating
0,95,大岩蛇,40,broadcast:12:4:0,1:125,黑暗洞穴,4,Thursday,神奥(Sinnoh),40,"{""path"": ""encounters_research/out/encounters.json"", ""json_pointer"": ""/broadcast/entries/12/sets/1/species/0"", ""file_sha256"": ""37eb8635e2952e74a2e39cfd62a20d3edb4def344f131b7ab04cada388371458""}",world/pages/maps/g01_n125.md,/broadcast_metadata/gating
1,489,铜镜怪,20,broadcast:12:4:1,1:125,黑暗洞穴,4,Thursday,神奥(Sinnoh),20,"{""path"": ""encounters_research/out/encounters.json"", ""json_pointer"": ""/broadcast/entries/12/sets/1/species/1"", ""file_sha256"": ""37eb8635e2952e74a2e39cfd62a20d3edb4def344f131b7ab04cada388371458""}",world/pages/maps/g01_n125.md,/broadcast_metadata/gating
2,486,铃铛响,20,broadcast:12:4:2,1:125,黑暗洞穴,4,Thursday,神奥(Sinnoh),20,"{""path"": ""encounters_research/out/encounters.json"", ""json_pointer"": ""/broadcast/entries/12/sets/1/species/2"", ""file_sha256"": ""37eb8635e2952e74a2e39cfd62a20d3edb4def344f131b7ab04cada388371458""}",world/pages/maps/g01_n125.md,/broadcast_metadata/gating
3,475,无壳海兔,20,broadcast:12:4:3,1:125,黑暗洞穴,4,Thursday,神奥(Sinnoh),20,"{""path"": ""encounters_research/out/encounters.json"", ""json_pointer"": ""/broadcast/entries/12/sets/1/species/3"", ""file_sha256"": ""37eb8635e2952e74a2e39cfd62a20d3edb4def344f131b7ab04cada388371458""}",world/pages/maps/g01_n125.md,/broadcast_metadata/gating
0,1125,咬咬龟,40,broadcast:12:0:0,1:125,黑暗洞穴,0,Sunday,伽勒尔(Galar),40,"{""path"": ""encounters_research/out/encounters.json"", ""json_pointer"": ""/broadcast/entries/12/sets/2/species/0"", ""file_sha256"": ""37eb8635e2952e74a2e39cfd62a20d3edb4def344f131b7ab04cada388371458""}",world/pages/maps/g01_n125.md,/broadcast_metadata/gating
1,585,搬运小匠,20,broadcast:12:0:1,1:125,黑暗洞穴,0,Sunday,伽勒尔(Galar),20,"{""path"": ""encounters_research/out/encounters.json"", ""json_pointer"": ""/broadcast/entries/12/sets/2/species/1"", ""file_sha256"": ""37eb8635e2952e74a2e39cfd62a20d3edb4def344f131b7ab04cada388371458""}",world/pages/maps/g01_n125.md,/broadcast_metadata/gating
2,577,石丸子,20,broadcast:12:0:2,1:125,黑暗洞穴,0,Sunday,伽勒尔(Galar),20,"{""path"": ""encounters_research/out/encounters.json"", ""json_pointer"": ""/broadcast/entries/12/sets/2/species/2"", ""file_sha256"": ""37eb8635e2952e74a2e39cfd62a20d3edb4def344f131b7ab04cada388371458""}",world/pages/maps/g01_n125.md,/broadcast_metadata/gating
3,580,滚滚蝙蝠,20,broadcast:12:0:3,1:125,黑暗洞穴,0,Sunday,伽勒尔(Galar),20,"{""path"": ""encounters_research/out/encounters.json"", ""json_pointer"": ""/broadcast/entries/12/sets/2/species/3"", ""file_sha256"": ""37eb8635e2952e74a2e39cfd62a20d3edb4def344f131b7ab04cada388371458""}",world/pages/maps/g01_n125.md,/broadcast_metadata/gating
0,288,蛇纹熊,40,broadcast:13:3:0,1:89,喇叭芽之塔,3,Wednesday,丰缘(Hoenn),40,"{""path"": ""encounters_research/out/encounters.json"", ""json_pointer"": ""/broadcast/entries/13/sets/0/species/0"", ""file_sha256"": ""37eb8635e2952e74a2e39cfd62a20d3edb4def344f131b7ab04cada388371458""}",world/pages/maps/g01_n089.md,/broadcast_metadata/gating
1,308,晃晃斑,20,broadcast:13:3:1,1:89,喇叭芽之塔,3,Wednesday,丰缘(Hoenn),20,"{""path"": ""encounters_research/out/encounters.json"", ""json_pointer"": ""/broadcast/entries/13/sets/0/species/1"", ""file_sha256"": ""37eb8635e2952e74a2e39cfd62a20d3edb4def344f131b7ab04cada388371458""}",world/pages/maps/g01_n089.md,/broadcast_metadata/gating
2,356,玛沙那,20,broadcast:13:3:2,1:89,喇叭芽之塔,3,Wednesday,丰缘(Hoenn),20,"{""path"": ""encounters_research/out/encounters.json"", ""json_pointer"": ""/broadcast/entries/13/sets/0/species/2"", ""file_sha256"": ""37eb8635e2952e74a2e39cfd62a20d3edb4def344f131b7ab04cada388371458""}",world/pages/maps/g01_n089.md,/broadcast_metadata/gating
3,322,勾魂眼,20,broadcast:13:3:3,1:89,喇叭芽之塔,3,Wednesday,丰缘(Hoenn),20,"{""path"": ""encounters_research/out/encounters.json"", ""json_pointer"": ""/broadcast/entries/13/sets/0/species/3"", ""file_sha256"": ""37eb8635e2952e74a2e39cfd62a20d3edb4def344f131b7ab04cada388371458""}",world/pages/maps/g01_n089.md,/broadcast_metadata/gating
0,356,玛沙那,40,broadcast:13:4:0,1:89,喇叭芽之塔,4,Thursday,神奥(Sinnoh),40,"{""path"": ""encounters_research/out/encounters.json"", ""json_pointer"": ""/broadcast/entries/13/sets/1/species/0"", ""file_sha256"": ""37eb8635e2952e74a2e39cfd62a20d3edb4def344f131b7ab04cada388371458""}",world/pages/maps/g01_n089.md,/broadcast_metadata/gating
1,489,铜镜怪,20,broadcast:13:4:1,1:89,喇叭芽之塔,4,Thursday,神奥(Sinnoh),20,"{""path"": ""encounters_research/out/encounters.json"", ""json_pointer"": ""/broadcast/entries/13/sets/1/species/1"", ""file_sha256"": ""37eb8635e2952e74a2e39cfd62a20d3edb4def344f131b7ab04cada388371458""}",world/pages/maps/g01_n089.md,/broadcast_metadata/gating
2,486,铃铛响,20,broadcast:13:4:2,1:89,喇叭芽之塔,4,Thursday,神奥(Sinnoh),20,"{""path"": ""encounters_research/out/encounters.json"", ""json_pointer"": ""/broadcast/entries/13/sets/1/species/2"", ""file_sha256"": ""37eb8635e2952e74a2e39cfd62a20d3edb4def344f131b7ab04cada388371458""}",world/pages/maps/g01_n089.md,/broadcast_metadata/gating
3,494,聒噪鸟,20,broadcast:13:4:3,1:89,喇叭芽之塔,4,Thursday,神奥(Sinnoh),20,"{""path"": ""encounters_research/out/encounters.json"", ""json_pointer"": ""/broadcast/entries/13/sets/1/species/3"", ""file_sha256"": ""37eb8635e2952e74a2e39cfd62a20d3edb4def344f131b7ab04cada388371458""}",world/pages/maps/g01_n089.md,/broadcast_metadata/gating
0,1226,蛇纹熊,40,broadcast:13:0:0,1:89,喇叭芽之塔,0,Sunday,伽勒尔(Galar),40,"{""path"": ""encounters_research/out/encounters.json"", ""json_pointer"": ""/broadcast/entries/13/sets/2/species/0"", ""file_sha256"": ""37eb8635e2952e74a2e39cfd62a20d3edb4def344f131b7ab04cada388371458""}",world/pages/maps/g01_n089.md,/broadcast_metadata/gating
1,1119,偷儿狐,20,broadcast:13:0:1,1:89,喇叭芽之塔,0,Sunday,伽勒尔(Galar),20,"{""path"": ""encounters_research/out/encounters.json"", ""json_pointer"": ""/broadcast/entries/13/sets/2/species/1"", ""file_sha256"": ""37eb8635e2952e74a2e39cfd62a20d3edb4def344f131b7ab04cada388371458""}",world/pages/maps/g01_n089.md,/broadcast_metadata/gating
2,658,小灰怪,20,broadcast:13:0:2,1:89,喇叭芽之塔,0,Sunday,伽勒尔(Galar),20,"{""path"": ""encounters_research/out/encounters.json"", ""json_pointer"": ""/broadcast/entries/13/sets/2/species/2"", ""file_sha256"": ""37eb8635e2952e74a2e39cfd62a20d3edb4def344f131b7ab04cada388371458""}",world/pages/maps/g01_n089.md,/broadcast_metadata/gating
3,660,烛光灵,20,broadcast:13:0:3,1:89,喇叭芽之塔,0,Sunday,伽勒尔(Galar),20,"{""path"": ""encounters_research/out/encounters.json"", ""json_pointer"": ""/broadcast/entries/13/sets/2/species/3"", ""file_sha256"": ""37eb8635e2952e74a2e39cfd62a20d3edb4def344f131b7ab04cada388371458""}",world/pages/maps/g01_n089.md,/broadcast_metadata/gating
0,288,蛇纹熊,40,broadcast:14:3:0,1:90,喇叭芽之塔,3,Wednesday,丰缘(Hoenn),40,"{""path"": ""encounters_research/out/encounters.json"", ""json_pointer"": ""/broadcast/entries/14/sets/0/species/0"", ""file_sha256"": ""37eb8635e2952e74a2e39cfd62a20d3edb4def344f131b7ab04cada388371458""}",world/pages/maps/g01_n090.md,/broadcast_metadata/gating
1,308,晃晃斑,20,broadcast:14:3:1,1:90,喇叭芽之塔,3,Wednesday,丰缘(Hoenn),20,"{""path"": ""encounters_research/out/encounters.json"", ""json_pointer"": ""/broadcast/entries/14/sets/0/species/1"", ""file_sha256"": ""37eb8635e2952e74a2e39cfd62a20d3edb4def344f131b7ab04cada388371458""}",world/pages/maps/g01_n090.md,/broadcast_metadata/gating
2,356,玛沙那,20,broadcast:14:3:2,1:90,喇叭芽之塔,3,Wednesday,丰缘(Hoenn),20,"{""path"": ""encounters_research/out/encounters.json"", ""json_pointer"": ""/broadcast/entries/14/sets/0/species/2"", ""file_sha256"": ""37eb8635e2952e74a2e39cfd62a20d3edb4def344f131b7ab04cada388371458""}",world/pages/maps/g01_n090.md,/broadcast_metadata/gating
3,322,勾魂眼,20,broadcast:14:3:3,1:90,喇叭芽之塔,3,Wednesday,丰缘(Hoenn),20,"{""path"": ""encounters_research/out/encounters.json"", ""json_pointer"": ""/broadcast/entries/14/sets/0/species/3"", ""file_sha256"": ""37eb8635e2952e74a2e39cfd62a20d3edb4def344f131b7ab04cada388371458""}",world/pages/maps/g01_n090.md,/broadcast_metadata/gating
0,356,玛沙那,40,broadcast:14:4:0,1:90,喇叭芽之塔,4,Thursday,神奥(Sinnoh),40,"{""path"": ""encounters_research/out/encounters.json"", ""json_pointer"": ""/broadcast/entries/14/sets/1/species/0"", ""file_sha256"": ""37eb8635e2952e74a2e39cfd62a20d3edb4def344f131b7ab04cada388371458""}",world/pages/maps/g01_n090.md,/broadcast_metadata/gating
1,489,铜镜怪,20,broadcast:14:4:1,1:90,喇叭芽之塔,4,Thursday,神奥(Sinnoh),20,"{""path"": ""encounters_research/out/encounters.json"", ""json_pointer"": ""/broadcast/entries/14/sets/1/species/1"", ""file_sha256"": ""37eb8635e2952e74a2e39cfd62a20d3edb4def344f131b7ab04cada388371458""}",world/pages/maps/g01_n090.md,/broadcast_metadata/gating
2,486,铃铛响,20,broadcast:14:4:2,1:90,喇叭芽之塔,4,Thursday,神奥(Sinnoh),20,"{""path"": ""encounters_research/out/encounters.json"", ""json_pointer"": ""/broadcast/entries/14/sets/1/species/2"", ""file_sha256"": ""37eb8635e2952e74a2e39cfd62a20d3edb4def344f131b7ab04cada388371458""}",world/pages/maps/g01_n090.md,/broadcast_metadata/gating
3,494,聒噪鸟,20,broadcast:14:4:3,1:90,喇叭芽之塔,4,Thursday,神奥(Sinnoh),20,"{""path"": ""encounters_research/out/encounters.json"", ""json_pointer"": ""/broadcast/entries/14/sets/1/species/3"", ""file_sha256"": ""37eb8635e2952e74a2e39cfd62a20d3edb4def344f131b7ab04cada388371458""}",world/pages/maps/g01_n090.md,/broadcast_metadata/gating
0,1226,蛇纹熊,40,broadcast:14:0:0,1:90,喇叭芽之塔,0,Sunday,伽勒尔(Galar),40,"{""path"": ""encounters_research/out/encounters.json"", ""json_pointer"": ""/broadcast/entries/14/sets/2/species/0"", ""file_sha256"": ""37eb8635e2952e74a2e39cfd62a20d3edb4def344f131b7ab04cada388371458""}",world/pages/maps/g01_n090.md,/broadcast_metadata/gating
1,1119,偷儿狐,20,broadcast:14:0:1,1:90,喇叭芽之塔,0,Sunday,伽勒尔(Galar),20,"{""path"": ""encounters_research/out/encounters.json"", ""json_pointer"": ""/broadcast/entries/14/sets/2/species/1"", ""file_sha256"": ""37eb8635e2952e74a2e39cfd62a20d3edb4def344f131b7ab04cada388371458""}",world/pages/maps/g01_n090.md,/broadcast_metadata/gating
2,658,小灰怪,20,broadcast:14:0:2,1:90,喇叭芽之塔,0,Sunday,伽勒尔(Galar),20,"{""path"": ""encounters_research/out/encounters.json"", ""json_pointer"": ""/broadcast/entries/14/sets/2/species/2"", ""file_sha256"": ""37eb8635e2952e74a2e39cfd62a20d3edb4def344f131b7ab04cada388371458""}",world/pages/maps/g01_n090.md,/broadcast_metadata/gating
3,660,烛光灵,20,broadcast:14:0:3,1:90,喇叭芽之塔,0,Sunday,伽勒尔(Galar),20,"{""path"": ""encounters_research/out/encounters.json"", ""json_pointer"": ""/broadcast/entries/14/sets/2/species/3"", ""file_sha256"": ""37eb8635e2952e74a2e39cfd62a20d3edb4def344f131b7ab04cada388371458""}",world/pages/maps/g01_n090.md,/broadcast_metadata/gating
0,295,莲叶童子,40,broadcast:15:3:0,3:84,32号道路,3,Wednesday,丰缘(Hoenn),40,"{""path"": ""encounters_research/out/encounters.json"", ""json_pointer"": ""/broadcast/entries/15/sets/0/species/0"", ""file_sha256"": ""37eb8635e2952e74a2e39cfd62a20d3edb4def344f131b7ab04cada388371458""}",world/pages/maps/g03_n084.md,/broadcast_metadata/gating
1,304,傲骨燕,20,broadcast:15:3:1,3:84,32号道路,3,Wednesday,丰缘(Hoenn),20,"{""path"": ""encounters_research/out/encounters.json"", ""json_pointer"": ""/broadcast/entries/15/sets/0/species/1"", ""file_sha256"": ""37eb8635e2952e74a2e39cfd62a20d3edb4def344f131b7ab04cada388371458""}",world/pages/maps/g03_n084.md,/broadcast_metadata/gating
2,309,长翅鸥,20,broadcast:15:3:2,3:84,32号道路,3,Wednesday,丰缘(Hoenn),20,"{""path"": ""encounters_research/out/encounters.json"", ""json_pointer"": ""/broadcast/entries/15/sets/0/species/2"", ""file_sha256"": ""37eb8635e2952e74a2e39cfd62a20d3edb4def344f131b7ab04cada388371458""}",world/pages/maps/g03_n084.md,/broadcast_metadata/gating
3,277,木守宫,20,broadcast:15:3:3,3:84,32号道路,3,Wednesday,丰缘(Hoenn),20,"{""path"": ""encounters_research/out/encounters.json"", ""json_pointer"": ""/broadcast/entries/15/sets/0/species/3"", ""file_sha256"": ""37eb8635e2952e74a2e39cfd62a20d3edb4def344f131b7ab04cada388371458""}",world/pages/maps/g03_n084.md,/broadcast_metadata/gating
0,452,大牙狸,40,broadcast:15:4:0,3:84,32号道路,4,Thursday,神奥(Sinnoh),40,"{""path"": ""encounters_research/out/encounters.json"", ""json_pointer"": ""/broadcast/entries/15/sets/1/species/0"", ""file_sha256"": ""37eb8635e2952e74a2e39cfd62a20d3edb4def344f131b7ab04cada388371458""}",world/pages/maps/g03_n084.md,/broadcast_metadata/gating
1,471,泳圈鼬,20,broadcast:15:4:1,3:84,32号道路,4,Thursday,神奥(Sinnoh),20,"{""path"": ""encounters_research/out/encounters.json"", ""json_pointer"": ""/broadcast/entries/15/sets/1/species/1"", ""file_sha256"": ""37eb8635e2952e74a2e39cfd62a20d3edb4def344f131b7ab04cada388371458""}",world/pages/maps/g03_n084.md,/broadcast_metadata/gating
2,459,含羞苞,20,broadcast:15:4:2,3:84,32号道路,4,Thursday,神奥(Sinnoh),20,"{""path"": ""encounters_research/out/encounters.json"", ""json_pointer"": ""/broadcast/entries/15/sets/1/species/2"", ""file_sha256"": ""37eb8635e2952e74a2e39cfd62a20d3edb4def344f131b7ab04cada388371458""}",world/pages/maps/g03_n084.md,/broadcast_metadata/gating
3,446,波加曼,20,broadcast:15:4:3,3:84,32号道路,4,Thursday,神奥(Sinnoh),20,"{""path"": ""encounters_research/out/encounters.json"", ""json_pointer"": ""/broadcast/entries/15/sets/1/species/3"", ""file_sha256"": ""37eb8635e2952e74a2e39cfd62a20d3edb4def344f131b7ab04cada388371458""}",world/pages/maps/g03_n084.md,/broadcast_metadata/gating
0,1125,咬咬龟,40,broadcast:15:0:0,3:84,32号道路,0,Sunday,伽勒尔(Galar),40,"{""path"": ""encounters_research/out/encounters.json"", ""json_pointer"": ""/broadcast/entries/15/sets/2/species/0"", ""file_sha256"": ""37eb8635e2952e74a2e39cfd62a20d3edb4def344f131b7ab04cada388371458""}",world/pages/maps/g03_n084.md,/broadcast_metadata/gating
1,1111,贪心栗鼠,20,broadcast:15:0:1,3:84,32号道路,0,Sunday,伽勒尔(Galar),20,"{""path"": ""encounters_research/out/encounters.json"", ""json_pointer"": ""/broadcast/entries/15/sets/2/species/1"", ""file_sha256"": ""37eb8635e2952e74a2e39cfd62a20d3edb4def344f131b7ab04cada388371458""}",world/pages/maps/g03_n084.md,/broadcast_metadata/gating
2,1120,狐大盗,20,broadcast:15:0:2,3:84,32号道路,0,Sunday,伽勒尔(Galar),20,"{""path"": ""encounters_research/out/encounters.json"", ""json_pointer"": ""/broadcast/entries/15/sets/2/species/2"", ""file_sha256"": ""37eb8635e2952e74a2e39cfd62a20d3edb4def344f131b7ab04cada388371458""}",world/pages/maps/g03_n084.md,/broadcast_metadata/gating
3,1121,幼棉棉,20,broadcast:15:0:3,3:84,32号道路,0,Sunday,伽勒尔(Galar),20,"{""path"": ""encounters_research/out/encounters.json"", ""json_pointer"": ""/broadcast/entries/15/sets/2/species/3"", ""file_sha256"": ""37eb8635e2952e74a2e39cfd62a20d3edb4def344f131b7ab04cada388371458""}",world/pages/maps/g03_n084.md,/broadcast_metadata/gating
0,370,咕妞妞,40,broadcast:16:3:0,3:86,连接洞,3,Wednesday,丰缘(Hoenn),40,"{""path"": ""encounters_research/out/encounters.json"", ""json_pointer"": ""/broadcast/entries/16/sets/0/species/0"", ""file_sha256"": ""37eb8635e2952e74a2e39cfd62a20d3edb4def344f131b7ab04cada388371458""}",world/pages/maps/g03_n086.md,/broadcast_metadata/gating
1,322,勾魂眼,20,broadcast:16:3:1,3:86,连接洞,3,Wednesday,丰缘(Hoenn),20,"{""path"": ""encounters_research/out/encounters.json"", ""json_pointer"": ""/broadcast/entries/16/sets/0/species/1"", ""file_sha256"": ""37eb8635e2952e74a2e39cfd62a20d3edb4def344f131b7ab04cada388371458""}",world/pages/maps/g03_n086.md,/broadcast_metadata/gating
2,355,大嘴娃,20,broadcast:16:3:2,3:86,连接洞,3,Wednesday,丰缘(Hoenn),20,"{""path"": ""encounters_research/out/encounters.json"", ""json_pointer"": ""/broadcast/entries/16/sets/0/species/2"", ""file_sha256"": ""37eb8635e2952e74a2e39cfd62a20d3edb4def344f131b7ab04cada388371458""}",world/pages/maps/g03_n086.md,/broadcast_metadata/gating
3,335,幕下力士,20,broadcast:16:3:3,3:86,连接洞,3,Wednesday,丰缘(Hoenn),20,"{""path"": ""encounters_research/out/encounters.json"", ""json_pointer"": ""/broadcast/entries/16/sets/0/species/3"", ""file_sha256"": ""37eb8635e2952e74a2e39cfd62a20d3edb4def344f131b7ab04cada388371458""}",world/pages/maps/g03_n086.md,/broadcast_metadata/gating
0,356,玛沙那,40,broadcast:16:4:0,3:86,连接洞,4,Thursday,神奥(Sinnoh),40,"{""path"": ""encounters_research/out/encounters.json"", ""json_pointer"": ""/broadcast/entries/16/sets/1/species/0"", ""file_sha256"": ""37eb8635e2952e74a2e39cfd62a20d3edb4def344f131b7ab04cada388371458""}",world/pages/maps/g03_n086.md,/broadcast_metadata/gating
1,489,铜镜怪,20,broadcast:16:4:1,3:86,连接洞,4,Thursday,神奥(Sinnoh),20,"{""path"": ""encounters_research/out/encounters.json"", ""json_pointer"": ""/broadcast/entries/16/sets/1/species/1"", ""file_sha256"": ""37eb8635e2952e74a2e39cfd62a20d3edb4def344f131b7ab04cada388371458""}",world/pages/maps/g03_n086.md,/broadcast_metadata/gating
2,486,铃铛响,20,broadcast:16:4:2,3:86,连接洞,4,Thursday,神奥(Sinnoh),20,"{""path"": ""encounters_research/out/encounters.json"", ""json_pointer"": ""/broadcast/entries/16/sets/1/species/2"", ""file_sha256"": ""37eb8635e2952e74a2e39cfd62a20d3edb4def344f131b7ab04cada388371458""}",world/pages/maps/g03_n086.md,/broadcast_metadata/gating
3,506,不良蛙,20,broadcast:16:4:3,3:86,连接洞,4,Thursday,神奥(Sinnoh),20,"{""path"": ""encounters_research/out/encounters.json"", ""json_pointer"": ""/broadcast/entries/16/sets/1/species/3"", ""file_sha256"": ""37eb8635e2952e74a2e39cfd62a20d3edb4def344f131b7ab04cada388371458""}",world/pages/maps/g03_n086.md,/broadcast_metadata/gating
0,1125,咬咬龟,40,broadcast:16:0:0,3:86,连接洞,0,Sunday,伽勒尔(Galar),40,"{""path"": ""encounters_research/out/encounters.json"", ""json_pointer"": ""/broadcast/entries/16/sets/2/species/0"", ""file_sha256"": ""37eb8635e2952e74a2e39cfd62a20d3edb4def344f131b7ab04cada388371458""}",world/pages/maps/g03_n086.md,/broadcast_metadata/gating
1,585,搬运小匠,20,broadcast:16:0:1,3:86,连接洞,0,Sunday,伽勒尔(Galar),20,"{""path"": ""encounters_research/out/encounters.json"", ""json_pointer"": ""/broadcast/entries/16/sets/2/species/1"", ""file_sha256"": ""37eb8635e2952e74a2e39cfd62a20d3edb4def344f131b7ab04cada388371458""}",world/pages/maps/g03_n086.md,/broadcast_metadata/gating
2,577,石丸子,20,broadcast:16:0:2,3:86,连接洞,0,Sunday,伽勒尔(Galar),20,"{""path"": ""encounters_research/out/encounters.json"", ""json_pointer"": ""/broadcast/entries/16/sets/2/species/2"", ""file_sha256"": ""37eb8635e2952e74a2e39cfd62a20d3edb4def344f131b7ab04cada388371458""}",world/pages/maps/g03_n086.md,/broadcast_metadata/gating
3,580,滚滚蝙蝠,20,broadcast:16:0:3,3:86,连接洞,0,Sunday,伽勒尔(Galar),20,"{""path"": ""encounters_research/out/encounters.json"", ""json_pointer"": ""/broadcast/entries/16/sets/2/species/3"", ""file_sha256"": ""37eb8635e2952e74a2e39cfd62a20d3edb4def344f131b7ab04cada388371458""}",world/pages/maps/g03_n086.md,/broadcast_metadata/gating
0,370,咕妞妞,40,broadcast:17:3:0,3:94,连接洞,3,Wednesday,丰缘(Hoenn),40,"{""path"": ""encounters_research/out/encounters.json"", ""json_pointer"": ""/broadcast/entries/17/sets/0/species/0"", ""file_sha256"": ""37eb8635e2952e74a2e39cfd62a20d3edb4def344f131b7ab04cada388371458""}",world/pages/maps/g03_n094.md,/broadcast_metadata/gating
1,322,勾魂眼,20,broadcast:17:3:1,3:94,连接洞,3,Wednesday,丰缘(Hoenn),20,"{""path"": ""encounters_research/out/encounters.json"", ""json_pointer"": ""/broadcast/entries/17/sets/0/species/1"", ""file_sha256"": ""37eb8635e2952e74a2e39cfd62a20d3edb4def344f131b7ab04cada388371458""}",world/pages/maps/g03_n094.md,/broadcast_metadata/gating
2,355,大嘴娃,20,broadcast:17:3:2,3:94,连接洞,3,Wednesday,丰缘(Hoenn),20,"{""path"": ""encounters_research/out/encounters.json"", ""json_pointer"": ""/broadcast/entries/17/sets/0/species/2"", ""file_sha256"": ""37eb8635e2952e74a2e39cfd62a20d3edb4def344f131b7ab04cada388371458""}",world/pages/maps/g03_n094.md,/broadcast_metadata/gating
3,335,幕下力士,20,broadcast:17:3:3,3:94,连接洞,3,Wednesday,丰缘(Hoenn),20,"{""path"": ""encounters_research/out/encounters.json"", ""json_pointer"": ""/broadcast/entries/17/sets/0/species/3"", ""file_sha256"": ""37eb8635e2952e74a2e39cfd62a20d3edb4def344f131b7ab04cada388371458""}",world/pages/maps/g03_n094.md,/broadcast_metadata/gating
0,356,玛沙那,40,broadcast:17:4:0,3:94,连接洞,4,Thursday,神奥(Sinnoh),40,"{""path"": ""encounters_research/out/encounters.json"", ""json_pointer"": ""/broadcast/entries/17/sets/1/species/0"", ""file_sha256"": ""37eb8635e2952e74a2e39cfd62a20d3edb4def344f131b7ab04cada388371458""}",world/pages/maps/g03_n094.md,/broadcast_metadata/gating
1,489,铜镜怪,20,broadcast:17:4:1,3:94,连接洞,4,Thursday,神奥(Sinnoh),20,"{""path"": ""encounters_research/out/encounters.json"", ""json_pointer"": ""/broadcast/entries/17/sets/1/species/1"", ""file_sha256"": ""37eb8635e2952e74a2e39cfd62a20d3edb4def344f131b7ab04cada388371458""}",world/pages/maps/g03_n094.md,/broadcast_metadata/gating
2,486,铃铛响,20,broadcast:17:4:2,3:94,连接洞,4,Thursday,神奥(Sinnoh),20,"{""path"": ""encounters_research/out/encounters.json"", ""json_pointer"": ""/broadcast/entries/17/sets/1/species/2"", ""file_sha256"": ""37eb8635e2952e74a2e39cfd62a20d3edb4def344f131b7ab04cada388371458""}",world/pages/maps/g03_n094.md,/broadcast_metadata/gating
3,506,不良蛙,20,broadcast:17:4:3,3:94,连接洞,4,Thursday,神奥(Sinnoh),20,"{""path"": ""encounters_research/out/encounters.json"", ""json_pointer"": ""/broadcast/entries/17/sets/1/species/3"", ""file_sha256"": ""37eb8635e2952e74a2e39cfd62a20d3edb4def344f131b7ab04cada388371458""}",world/pages/maps/g03_n094.md,/broadcast_metadata/gating
0,1125,咬咬龟,40,broadcast:17:0:0,3:94,连接洞,0,Sunday,伽勒尔(Galar),40,"{""path"": ""encounters_research/out/encounters.json"", ""json_pointer"": ""/broadcast/entries/17/sets/2/species/0"", ""file_sha256"": ""37eb8635e2952e74a2e39cfd62a20d3edb4def344f131b7ab04cada388371458""}",world/pages/maps/g03_n094.md,/broadcast_metadata/gating
1,585,搬运小匠,20,broadcast:17:0:1,3:94,连接洞,0,Sunday,伽勒尔(Galar),20,"{""path"": ""encounters_research/out/encounters.json"", ""json_pointer"": ""/broadcast/entries/17/sets/2/species/1"", ""file_sha256"": ""37eb8635e2952e74a2e39cfd62a20d3edb4def344f131b7ab04cada388371458""}",world/pages/maps/g03_n094.md,/broadcast_metadata/gating
2,577,石丸子,20,broadcast:17:0:2,3:94,连接洞,0,Sunday,伽勒尔(Galar),20,"{""path"": ""encounters_research/out/encounters.json"", ""json_pointer"": ""/broadcast/entries/17/sets/2/species/2"", ""file_sha256"": ""37eb8635e2952e74a2e39cfd62a20d3edb4def344f131b7ab04cada388371458""}",world/pages/maps/g03_n094.md,/broadcast_metadata/gating
3,580,滚滚蝙蝠,20,broadcast:17:0:3,3:94,连接洞,0,Sunday,伽勒尔(Galar),20,"{""path"": ""encounters_research/out/encounters.json"", ""json_pointer"": ""/broadcast/entries/17/sets/2/species/3"", ""file_sha256"": ""37eb8635e2952e74a2e39cfd62a20d3edb4def344f131b7ab04cada388371458""}",world/pages/maps/g03_n094.md,/broadcast_metadata/gating
0,370,咕妞妞,40,broadcast:18:3:0,1:123,呆呆兽之井,3,Wednesday,丰缘(Hoenn),40,"{""path"": ""encounters_research/out/encounters.json"", ""json_pointer"": ""/broadcast/entries/18/sets/0/species/0"", ""file_sha256"": ""37eb8635e2952e74a2e39cfd62a20d3edb4def344f131b7ab04cada388371458""}",world/pages/maps/g01_n123.md,/broadcast_metadata/gating
1,322,勾魂眼,20,broadcast:18:3:1,1:123,呆呆兽之井,3,Wednesday,丰缘(Hoenn),20,"{""path"": ""encounters_research/out/encounters.json"", ""json_pointer"": ""/broadcast/entries/18/sets/0/species/1"", ""file_sha256"": ""37eb8635e2952e74a2e39cfd62a20d3edb4def344f131b7ab04cada388371458""}",world/pages/maps/g01_n123.md,/broadcast_metadata/gating
2,355,大嘴娃,20,broadcast:18:3:2,1:123,呆呆兽之井,3,Wednesday,丰缘(Hoenn),20,"{""path"": ""encounters_research/out/encounters.json"", ""json_pointer"": ""/broadcast/entries/18/sets/0/species/2"", ""file_sha256"": ""37eb8635e2952e74a2e39cfd62a20d3edb4def344f131b7ab04cada388371458""}",world/pages/maps/g01_n123.md,/broadcast_metadata/gating
3,335,幕下力士,20,broadcast:18:3:3,1:123,呆呆兽之井,3,Wednesday,丰缘(Hoenn),20,"{""path"": ""encounters_research/out/encounters.json"", ""json_pointer"": ""/broadcast/entries/18/sets/0/species/3"", ""file_sha256"": ""37eb8635e2952e74a2e39cfd62a20d3edb4def344f131b7ab04cada388371458""}",world/pages/maps/g01_n123.md,/broadcast_metadata/gating
0,356,玛沙那,40,broadcast:18:4:0,1:123,呆呆兽之井,4,Thursday,神奥(Sinnoh),40,"{""path"": ""encounters_research/out/encounters.json"", ""json_pointer"": ""/broadcast/entries/18/sets/1/species/0"", ""file_sha256"": ""37eb8635e2952e74a2e39cfd62a20d3edb4def344f131b7ab04cada388371458""}",world/pages/maps/g01_n123.md,/broadcast_metadata/gating
1,489,铜镜怪,20,broadcast:18:4:1,1:123,呆呆兽之井,4,Thursday,神奥(Sinnoh),20,"{""path"": ""encounters_research/out/encounters.json"", ""json_pointer"": ""/broadcast/entries/18/sets/1/species/1"", ""file_sha256"": ""37eb8635e2952e74a2e39cfd62a20d3edb4def344f131b7ab04cada388371458""}",world/pages/maps/g01_n123.md,/broadcast_metadata/gating
2,486,铃铛响,20,broadcast:18:4:2,1:123,呆呆兽之井,4,Thursday,神奥(Sinnoh),20,"{""path"": ""encounters_research/out/encounters.json"", ""json_pointer"": ""/broadcast/entries/18/sets/1/species/2"", ""file_sha256"": ""37eb8635e2952e74a2e39cfd62a20d3edb4def344f131b7ab04cada388371458""}",world/pages/maps/g01_n123.md,/broadcast_metadata/gating
3,506,不良蛙,20,broadcast:18:4:3,1:123,呆呆兽之井,4,Thursday,神奥(Sinnoh),20,"{""path"": ""encounters_research/out/encounters.json"", ""json_pointer"": ""/broadcast/entries/18/sets/1/species/3"", ""file_sha256"": ""37eb8635e2952e74a2e39cfd62a20d3edb4def344f131b7ab04cada388371458""}",world/pages/maps/g01_n123.md,/broadcast_metadata/gating
0,1125,咬咬龟,40,broadcast:18:0:0,1:123,呆呆兽之井,0,Sunday,伽勒尔(Galar),40,"{""path"": ""encounters_research/out/encounters.json"", ""json_pointer"": ""/broadcast/entries/18/sets/2/species/0"", ""file_sha256"": ""37eb8635e2952e74a2e39cfd62a20d3edb4def344f131b7ab04cada388371458""}",world/pages/maps/g01_n123.md,/broadcast_metadata/gating
1,585,搬运小匠,20,broadcast:18:0:1,1:123,呆呆兽之井,0,Sunday,伽勒尔(Galar),20,"{""path"": ""encounters_research/out/encounters.json"", ""json_pointer"": ""/broadcast/entries/18/sets/2/species/1"", ""file_sha256"": ""37eb8635e2952e74a2e39cfd62a20d3edb4def344f131b7ab04cada388371458""}",world/pages/maps/g01_n123.md,/broadcast_metadata/gating
2,577,石丸子,20,broadcast:18:0:2,1:123,呆呆兽之井,0,Sunday,伽勒尔(Galar),20,"{""path"": ""encounters_research/out/encounters.json"", ""json_pointer"": ""/broadcast/entries/18/sets/2/species/2"", ""file_sha256"": ""37eb8635e2952e74a2e39cfd62a20d3edb4def344f131b7ab04cada388371458""}",world/pages/maps/g01_n123.md,/broadcast_metadata/gating
3,580,滚滚蝙蝠,20,broadcast:18:0:3,1:123,呆呆兽之井,0,Sunday,伽勒尔(Galar),20,"{""path"": ""encounters_research/out/encounters.json"", ""json_pointer"": ""/broadcast/entries/18/sets/2/species/3"", ""file_sha256"": ""37eb8635e2952e74a2e39cfd62a20d3edb4def344f131b7ab04cada388371458""}",world/pages/maps/g01_n123.md,/broadcast_metadata/gating
0,295,莲叶童子,40,broadcast:19:3:0,3:87,33号道路,3,Wednesday,丰缘(Hoenn),40,"{""path"": ""encounters_research/out/encounters.json"", ""json_pointer"": ""/broadcast/entries/19/sets/0/species/0"", ""file_sha256"": ""37eb8635e2952e74a2e39cfd62a20d3edb4def344f131b7ab04cada388371458""}",world/pages/maps/g03_n087.md,/broadcast_metadata/gating
1,311,溜溜糖球,20,broadcast:19:3:1,3:87,33号道路,3,Wednesday,丰缘(Hoenn),20,"{""path"": ""encounters_research/out/encounters.json"", ""json_pointer"": ""/broadcast/entries/19/sets/0/species/1"", ""file_sha256"": ""37eb8635e2952e74a2e39cfd62a20d3edb4def344f131b7ab04cada388371458""}",world/pages/maps/g03_n087.md,/broadcast_metadata/gating
2,353,正电拍拍,20,broadcast:19:3:2,3:87,33号道路,3,Wednesday,丰缘(Hoenn),20,"{""path"": ""encounters_research/out/encounters.json"", ""json_pointer"": ""/broadcast/entries/19/sets/0/species/2"", ""file_sha256"": ""37eb8635e2952e74a2e39cfd62a20d3edb4def344f131b7ab04cada388371458""}",world/pages/maps/g03_n087.md,/broadcast_metadata/gating
3,354,负电拍拍,20,broadcast:19:3:3,3:87,33号道路,3,Wednesday,丰缘(Hoenn),20,"{""path"": ""encounters_research/out/encounters.json"", ""json_pointer"": ""/broadcast/entries/19/sets/0/species/3"", ""file_sha256"": ""37eb8635e2952e74a2e39cfd62a20d3edb4def344f131b7ab04cada388371458""}",world/pages/maps/g03_n087.md,/broadcast_metadata/gating
0,456,小猫怪,40,broadcast:19:4:0,3:87,33号道路,4,Thursday,神奥(Sinnoh),40,"{""path"": ""encounters_research/out/encounters.json"", ""json_pointer"": ""/broadcast/entries/19/sets/1/species/0"", ""file_sha256"": ""37eb8635e2952e74a2e39cfd62a20d3edb4def344f131b7ab04cada388371458""}",world/pages/maps/g03_n087.md,/broadcast_metadata/gating
1,471,泳圈鼬,20,broadcast:19:4:1,3:87,33号道路,4,Thursday,神奥(Sinnoh),20,"{""path"": ""encounters_research/out/encounters.json"", ""json_pointer"": ""/broadcast/entries/19/sets/1/species/1"", ""file_sha256"": ""37eb8635e2952e74a2e39cfd62a20d3edb4def344f131b7ab04cada388371458""}",world/pages/maps/g03_n087.md,/broadcast_metadata/gating
2,487,臭鼬噗,20,broadcast:19:4:2,3:87,33号道路,4,Thursday,神奥(Sinnoh),20,"{""path"": ""encounters_research/out/encounters.json"", ""json_pointer"": ""/broadcast/entries/19/sets/1/species/2"", ""file_sha256"": ""37eb8635e2952e74a2e39cfd62a20d3edb4def344f131b7ab04cada388371458""}",world/pages/maps/g03_n087.md,/broadcast_metadata/gating
3,506,不良蛙,20,broadcast:19:4:3,3:87,33号道路,4,Thursday,神奥(Sinnoh),20,"{""path"": ""encounters_research/out/encounters.json"", ""json_pointer"": ""/broadcast/entries/19/sets/1/species/3"", ""file_sha256"": ""37eb8635e2952e74a2e39cfd62a20d3edb4def344f131b7ab04cada388371458""}",world/pages/maps/g03_n087.md,/broadcast_metadata/gating
0,1125,咬咬龟,40,broadcast:19:0:0,3:87,33号道路,0,Sunday,伽勒尔(Galar),40,"{""path"": ""encounters_research/out/encounters.json"", ""json_pointer"": ""/broadcast/entries/19/sets/2/species/0"", ""file_sha256"": ""37eb8635e2952e74a2e39cfd62a20d3edb4def344f131b7ab04cada388371458""}",world/pages/maps/g03_n087.md,/broadcast_metadata/gating
1,1111,贪心栗鼠,20,broadcast:19:0:1,3:87,33号道路,0,Sunday,伽勒尔(Galar),20,"{""path"": ""encounters_research/out/encounters.json"", ""json_pointer"": ""/broadcast/entries/19/sets/2/species/1"", ""file_sha256"": ""37eb8635e2952e74a2e39cfd62a20d3edb4def344f131b7ab04cada388371458""}",world/pages/maps/g03_n087.md,/broadcast_metadata/gating
2,1226,蛇纹熊,20,broadcast:19:0:2,3:87,33号道路,0,Sunday,伽勒尔(Galar),20,"{""path"": ""encounters_research/out/encounters.json"", ""json_pointer"": ""/broadcast/entries/19/sets/2/species/2"", ""file_sha256"": ""37eb8635e2952e74a2e39cfd62a20d3edb4def344f131b7ab04cada388371458""}",world/pages/maps/g03_n087.md,/broadcast_metadata/gating
3,1121,幼棉棉,20,broadcast:19:0:3,3:87,33号道路,0,Sunday,伽勒尔(Galar),20,"{""path"": ""encounters_research/out/encounters.json"", ""json_pointer"": ""/broadcast/entries/19/sets/2/species/3"", ""file_sha256"": ""37eb8635e2952e74a2e39cfd62a20d3edb4def344f131b7ab04cada388371458""}",world/pages/maps/g03_n087.md,/broadcast_metadata/gating
0,364,懒人獭,40,broadcast:20:3:0,1:112,幻影之森,3,Wednesday,丰缘(Hoenn),40,"{""path"": ""encounters_research/out/encounters.json"", ""json_pointer"": ""/broadcast/entries/20/sets/0/species/0"", ""file_sha256"": ""37eb8635e2952e74a2e39cfd62a20d3edb4def344f131b7ab04cada388371458""}",world/pages/maps/g01_n112.md,/broadcast_metadata/gating
1,306,蘑蘑菇,20,broadcast:20:3:1,1:112,幻影之森,3,Wednesday,丰缘(Hoenn),20,"{""path"": ""encounters_research/out/encounters.json"", ""json_pointer"": ""/broadcast/entries/20/sets/0/species/1"", ""file_sha256"": ""37eb8635e2952e74a2e39cfd62a20d3edb4def344f131b7ab04cada388371458""}",world/pages/maps/g01_n112.md,/broadcast_metadata/gating
2,304,傲骨燕,20,broadcast:20:3:2,1:112,幻影之森,3,Wednesday,丰缘(Hoenn),20,"{""path"": ""encounters_research/out/encounters.json"", ""json_pointer"": ""/broadcast/entries/20/sets/0/species/2"", ""file_sha256"": ""37eb8635e2952e74a2e39cfd62a20d3edb4def344f131b7ab04cada388371458""}",world/pages/maps/g01_n112.md,/broadcast_metadata/gating
3,277,木守宫,20,broadcast:20:3:3,1:112,幻影之森,3,Wednesday,丰缘(Hoenn),20,"{""path"": ""encounters_research/out/encounters.json"", ""json_pointer"": ""/broadcast/entries/20/sets/0/species/3"", ""file_sha256"": ""37eb8635e2952e74a2e39cfd62a20d3edb4def344f131b7ab04cada388371458""}",world/pages/maps/g01_n112.md,/broadcast_metadata/gating
0,465,结草儿,40,broadcast:20:4:0,1:112,幻影之森,4,Thursday,神奥(Sinnoh),40,"{""path"": ""encounters_research/out/encounters.json"", ""json_pointer"": ""/broadcast/entries/20/sets/1/species/0"", ""file_sha256"": ""37eb8635e2952e74a2e39cfd62a20d3edb4def344f131b7ab04cada388371458""}",world/pages/maps/g01_n112.md,/broadcast_metadata/gating
1,473,樱花宝,20,broadcast:20:4:1,1:112,幻影之森,4,Thursday,神奥(Sinnoh),20,"{""path"": ""encounters_research/out/encounters.json"", ""json_pointer"": ""/broadcast/entries/20/sets/1/species/1"", ""file_sha256"": ""37eb8635e2952e74a2e39cfd62a20d3edb4def344f131b7ab04cada388371458""}",world/pages/maps/g01_n112.md,/broadcast_metadata/gating
2,480,卷卷耳,20,broadcast:20:4:2,1:112,幻影之森,4,Thursday,神奥(Sinnoh),20,"{""path"": ""encounters_research/out/encounters.json"", ""json_pointer"": ""/broadcast/entries/20/sets/1/species/2"", ""file_sha256"": ""37eb8635e2952e74a2e39cfd62a20d3edb4def344f131b7ab04cada388371458""}",world/pages/maps/g01_n112.md,/broadcast_metadata/gating
3,440,草苗龟,20,broadcast:20:4:3,1:112,幻影之森,4,Thursday,神奥(Sinnoh),20,"{""path"": ""encounters_research/out/encounters.json"", ""json_pointer"": ""/broadcast/entries/20/sets/1/species/3"", ""file_sha256"": ""37eb8635e2952e74a2e39cfd62a20d3edb4def344f131b7ab04cada388371458""}",world/pages/maps/g01_n112.md,/broadcast_metadata/gating
0,1121,幼棉棉,40,broadcast:20:0:0,1:112,幻影之森,0,Sunday,伽勒尔(Galar),40,"{""path"": ""encounters_research/out/encounters.json"", ""json_pointer"": ""/broadcast/entries/20/sets/2/species/0"", ""file_sha256"": ""37eb8635e2952e74a2e39cfd62a20d3edb4def344f131b7ab04cada388371458""}",world/pages/maps/g01_n112.md,/broadcast_metadata/gating
1,1114,蓝鸦,20,broadcast:20:0:1,1:112,幻影之森,0,Sunday,伽勒尔(Galar),20,"{""path"": ""encounters_research/out/encounters.json"", ""json_pointer"": ""/broadcast/entries/20/sets/2/species/1"", ""file_sha256"": ""37eb8635e2952e74a2e39cfd62a20d3edb4def344f131b7ab04cada388371458""}",world/pages/maps/g01_n112.md,/broadcast_metadata/gating
2,1116,索侦虫,20,broadcast:20:0:2,1:112,幻影之森,0,Sunday,伽勒尔(Galar),20,"{""path"": ""encounters_research/out/encounters.json"", ""json_pointer"": ""/broadcast/entries/20/sets/2/species/2"", ""file_sha256"": ""37eb8635e2952e74a2e39cfd62a20d3edb4def344f131b7ab04cada388371458""}",world/pages/maps/g01_n112.md,/broadcast_metadata/gating
3,1123,毛辫羊,20,broadcast:20:0:3,1:112,幻影之森,0,Sunday,伽勒尔(Galar),20,"{""path"": ""encounters_research/out/encounters.json"", ""json_pointer"": ""/broadcast/entries/20/sets/2/species/3"", ""file_sha256"": ""37eb8635e2952e74a2e39cfd62a20d3edb4def344f131b7ab04cada388371458""}",world/pages/maps/g01_n112.md,/broadcast_metadata/gating
0,364,懒人獭,40,broadcast:21:3:0,1:121,桐树林,3,Wednesday,丰缘(Hoenn),40,"{""path"": ""encounters_research/out/encounters.json"", ""json_pointer"": ""/broadcast/entries/21/sets/0/species/0"", ""file_sha256"": ""37eb8635e2952e74a2e39cfd62a20d3edb4def344f131b7ab04cada388371458""}",world/pages/maps/g01_n121.md,/broadcast_metadata/gating
1,306,蘑蘑菇,20,broadcast:21:3:1,1:121,桐树林,3,Wednesday,丰缘(Hoenn),20,"{""path"": ""encounters_research/out/encounters.json"", ""json_pointer"": ""/broadcast/entries/21/sets/0/species/1"", ""file_sha256"": ""37eb8635e2952e74a2e39cfd62a20d3edb4def344f131b7ab04cada388371458""}",world/pages/maps/g01_n121.md,/broadcast_metadata/gating
2,304,傲骨燕,20,broadcast:21:3:2,1:121,桐树林,3,Wednesday,丰缘(Hoenn),20,"{""path"": ""encounters_research/out/encounters.json"", ""json_pointer"": ""/broadcast/entries/21/sets/0/species/2"", ""file_sha256"": ""37eb8635e2952e74a2e39cfd62a20d3edb4def344f131b7ab04cada388371458""}",world/pages/maps/g01_n121.md,/broadcast_metadata/gating
3,277,木守宫,20,broadcast:21:3:3,1:121,桐树林,3,Wednesday,丰缘(Hoenn),20,"{""path"": ""encounters_research/out/encounters.json"", ""json_pointer"": ""/broadcast/entries/21/sets/0/species/3"", ""file_sha256"": ""37eb8635e2952e74a2e39cfd62a20d3edb4def344f131b7ab04cada388371458""}",world/pages/maps/g01_n121.md,/broadcast_metadata/gating
0,465,结草儿,40,broadcast:21:4:0,1:121,桐树林,4,Thursday,神奥(Sinnoh),40,"{""path"": ""encounters_research/out/encounters.json"", ""json_pointer"": ""/broadcast/entries/21/sets/1/species/0"", ""file_sha256"": ""37eb8635e2952e74a2e39cfd62a20d3edb4def344f131b7ab04cada388371458""}",world/pages/maps/g01_n121.md,/broadcast_metadata/gating
1,473,樱花宝,20,broadcast:21:4:1,1:121,桐树林,4,Thursday,神奥(Sinnoh),20,"{""path"": ""encounters_research/out/encounters.json"", ""json_pointer"": ""/broadcast/entries/21/sets/1/species/1"", ""file_sha256"": ""37eb8635e2952e74a2e39cfd62a20d3edb4def344f131b7ab04cada388371458""}",world/pages/maps/g01_n121.md,/broadcast_metadata/gating
2,480,卷卷耳,20,broadcast:21:4:2,1:121,桐树林,4,Thursday,神奥(Sinnoh),20,"{""path"": ""encounters_research/out/encounters.json"", ""json_pointer"": ""/broadcast/entries/21/sets/1/species/2"", ""file_sha256"": ""37eb8635e2952e74a2e39cfd62a20d3edb4def344f131b7ab04cada388371458""}",world/pages/maps/g01_n121.md,/broadcast_metadata/gating
3,440,草苗龟,20,broadcast:21:4:3,1:121,桐树林,4,Thursday,神奥(Sinnoh),20,"{""path"": ""encounters_research/out/encounters.json"", ""json_pointer"": ""/broadcast/entries/21/sets/1/species/3"", ""file_sha256"": ""37eb8635e2952e74a2e39cfd62a20d3edb4def344f131b7ab04cada388371458""}",world/pages/maps/g01_n121.md,/broadcast_metadata/gating
0,1121,幼棉棉,40,broadcast:21:0:0,1:121,桐树林,0,Sunday,伽勒尔(Galar),40,"{""path"": ""encounters_research/out/encounters.json"", ""json_pointer"": ""/broadcast/entries/21/sets/2/species/0"", ""file_sha256"": ""37eb8635e2952e74a2e39cfd62a20d3edb4def344f131b7ab04cada388371458""}",world/pages/maps/g01_n121.md,/broadcast_metadata/gating
1,1114,蓝鸦,20,broadcast:21:0:1,1:121,桐树林,0,Sunday,伽勒尔(Galar),20,"{""path"": ""encounters_research/out/encounters.json"", ""json_pointer"": ""/broadcast/entries/21/sets/2/species/1"", ""file_sha256"": ""37eb8635e2952e74a2e39cfd62a20d3edb4def344f131b7ab04cada388371458""}",world/pages/maps/g01_n121.md,/broadcast_metadata/gating
2,1116,索侦虫,20,broadcast:21:0:2,1:121,桐树林,0,Sunday,伽勒尔(Galar),20,"{""path"": ""encounters_research/out/encounters.json"", ""json_pointer"": ""/broadcast/entries/21/sets/2/species/2"", ""file_sha256"": ""37eb8635e2952e74a2e39cfd62a20d3edb4def344f131b7ab04cada388371458""}",world/pages/maps/g01_n121.md,/broadcast_metadata/gating
3,1123,毛辫羊,20,broadcast:21:0:3,1:121,桐树林,0,Sunday,伽勒尔(Galar),20,"{""path"": ""encounters_research/out/encounters.json"", ""json_pointer"": ""/broadcast/entries/21/sets/2/species/3"", ""file_sha256"": ""37eb8635e2952e74a2e39cfd62a20d3edb4def344f131b7ab04cada388371458""}",world/pages/maps/g01_n121.md,/broadcast_metadata/gating
0,306,蘑蘑菇,40,broadcast:22:3:0,1:122,桔梗市,3,Wednesday,丰缘(Hoenn),40,"{""path"": ""encounters_research/out/encounters.json"", ""json_pointer"": ""/broadcast/entries/22/sets/0/species/0"", ""file_sha256"": ""37eb8635e2952e74a2e39cfd62a20d3edb4def344f131b7ab04cada388371458""}",world/pages/maps/g01_n122.md,/broadcast_metadata/gating
1,363,毒蔷薇,20,broadcast:22:3:1,1:122,桔梗市,3,Wednesday,丰缘(Hoenn),20,"{""path"": ""encounters_research/out/encounters.json"", ""json_pointer"": ""/broadcast/entries/22/sets/0/species/1"", ""file_sha256"": ""37eb8635e2952e74a2e39cfd62a20d3edb4def344f131b7ab04cada388371458""}",world/pages/maps/g01_n122.md,/broadcast_metadata/gating
2,304,傲骨燕,20,broadcast:22:3:2,1:122,桔梗市,3,Wednesday,丰缘(Hoenn),20,"{""path"": ""encounters_research/out/encounters.json"", ""json_pointer"": ""/broadcast/entries/22/sets/0/species/2"", ""file_sha256"": ""37eb8635e2952e74a2e39cfd62a20d3edb4def344f131b7ab04cada388371458""}",world/pages/maps/g01_n122.md,/broadcast_metadata/gating
3,315,向尾喵,20,broadcast:22:3:3,1:122,桔梗市,3,Wednesday,丰缘(Hoenn),20,"{""path"": ""encounters_research/out/encounters.json"", ""json_pointer"": ""/broadcast/entries/22/sets/0/species/3"", ""file_sha256"": ""37eb8635e2952e74a2e39cfd62a20d3edb4def344f131b7ab04cada388371458""}",world/pages/maps/g01_n122.md,/broadcast_metadata/gating
0,465,结草儿,40,broadcast:22:4:0,1:122,桔梗市,4,Thursday,神奥(Sinnoh),40,"{""path"": ""encounters_research/out/encounters.json"", ""json_pointer"": ""/broadcast/entries/22/sets/1/species/0"", ""file_sha256"": ""37eb8635e2952e74a2e39cfd62a20d3edb4def344f131b7ab04cada388371458""}",world/pages/maps/g01_n122.md,/broadcast_metadata/gating
1,468,三蜜蜂,20,broadcast:22:4:1,1:122,桔梗市,4,Thursday,神奥(Sinnoh),20,"{""path"": ""encounters_research/out/encounters.json"", ""json_pointer"": ""/broadcast/entries/22/sets/1/species/1"", ""file_sha256"": ""37eb8635e2952e74a2e39cfd62a20d3edb4def344f131b7ab04cada388371458""}",world/pages/maps/g01_n122.md,/broadcast_metadata/gating
2,473,樱花宝,20,broadcast:22:4:2,1:122,桔梗市,4,Thursday,神奥(Sinnoh),20,"{""path"": ""encounters_research/out/encounters.json"", ""json_pointer"": ""/broadcast/entries/22/sets/1/species/2"", ""file_sha256"": ""37eb8635e2952e74a2e39cfd62a20d3edb4def344f131b7ab04cada388371458""}",world/pages/maps/g01_n122.md,/broadcast_metadata/gating
3,470,帕奇利兹,20,broadcast:22:4:3,1:122,桔梗市,4,Thursday,神奥(Sinnoh),20,"{""path"": ""encounters_research/out/encounters.json"", ""json_pointer"": ""/broadcast/entries/22/sets/1/species/3"", ""file_sha256"": ""37eb8635e2952e74a2e39cfd62a20d3edb4def344f131b7ab04cada388371458""}",world/pages/maps/g01_n122.md,/broadcast_metadata/gating
0,1113,稚山雀,40,broadcast:22:0:0,1:122,桔梗市,0,Sunday,伽勒尔(Galar),40,"{""path"": ""encounters_research/out/encounters.json"", ""json_pointer"": ""/broadcast/entries/22/sets/2/species/0"", ""file_sha256"": ""37eb8635e2952e74a2e39cfd62a20d3edb4def344f131b7ab04cada388371458""}",world/pages/maps/g01_n122.md,/broadcast_metadata/gating
1,1111,贪心栗鼠,20,broadcast:22:0:1,1:122,桔梗市,0,Sunday,伽勒尔(Galar),20,"{""path"": ""encounters_research/out/encounters.json"", ""json_pointer"": ""/broadcast/entries/22/sets/2/species/1"", ""file_sha256"": ""37eb8635e2952e74a2e39cfd62a20d3edb4def344f131b7ab04cada388371458""}",world/pages/maps/g01_n122.md,/broadcast_metadata/gating
2,1121,幼棉棉,20,broadcast:22:0:2,1:122,桔梗市,0,Sunday,伽勒尔(Galar),20,"{""path"": ""encounters_research/out/encounters.json"", ""json_pointer"": ""/broadcast/entries/22/sets/2/species/2"", ""file_sha256"": ""37eb8635e2952e74a2e39cfd62a20d3edb4def344f131b7ab04cada388371458""}",world/pages/maps/g01_n122.md,/broadcast_metadata/gating
3,1132,啃果虫,20,broadcast:22:0:3,1:122,桔梗市,0,Sunday,伽勒尔(Galar),20,"{""path"": ""encounters_research/out/encounters.json"", ""json_pointer"": ""/broadcast/entries/22/sets/2/species/3"", ""file_sha256"": ""37eb8635e2952e74a2e39cfd62a20d3edb4def344f131b7ab04cada388371458""}",world/pages/maps/g01_n122.md,/broadcast_metadata/gating
0,309,长翅鸥,40,broadcast:23:3:0,3:88,34号道路,3,Wednesday,丰缘(Hoenn),40,"{""path"": ""encounters_research/out/encounters.json"", ""json_pointer"": ""/broadcast/entries/23/sets/0/species/0"", ""file_sha256"": ""37eb8635e2952e74a2e39cfd62a20d3edb4def344f131b7ab04cada388371458""}",world/pages/maps/g03_n088.md,/broadcast_metadata/gating
1,315,向尾喵,20,broadcast:23:3:1,3:88,34号道路,3,Wednesday,丰缘(Hoenn),20,"{""path"": ""encounters_research/out/encounters.json"", ""json_pointer"": ""/broadcast/entries/23/sets/0/species/1"", ""file_sha256"": ""37eb8635e2952e74a2e39cfd62a20d3edb4def344f131b7ab04cada388371458""}",world/pages/maps/g03_n088.md,/broadcast_metadata/gating
2,353,正电拍拍,20,broadcast:23:3:2,3:88,34号道路,3,Wednesday,丰缘(Hoenn),20,"{""path"": ""encounters_research/out/encounters.json"", ""json_pointer"": ""/broadcast/entries/23/sets/0/species/2"", ""file_sha256"": ""37eb8635e2952e74a2e39cfd62a20d3edb4def344f131b7ab04cada388371458""}",world/pages/maps/g03_n088.md,/broadcast_metadata/gating
3,354,负电拍拍,20,broadcast:23:3:3,3:88,34号道路,3,Wednesday,丰缘(Hoenn),20,"{""path"": ""encounters_research/out/encounters.json"", ""json_pointer"": ""/broadcast/entries/23/sets/0/species/3"", ""file_sha256"": ""37eb8635e2952e74a2e39cfd62a20d3edb4def344f131b7ab04cada388371458""}",world/pages/maps/g03_n088.md,/broadcast_metadata/gating
0,449,姆克儿,40,broadcast:23:4:0,3:88,34号道路,4,Thursday,神奥(Sinnoh),40,"{""path"": ""encounters_research/out/encounters.json"", ""json_pointer"": ""/broadcast/entries/23/sets/1/species/0"", ""file_sha256"": ""37eb8635e2952e74a2e39cfd62a20d3edb4def344f131b7ab04cada388371458""}",world/pages/maps/g03_n088.md,/broadcast_metadata/gating
1,470,帕奇利兹,20,broadcast:23:4:1,3:88,34号道路,4,Thursday,神奥(Sinnoh),20,"{""path"": ""encounters_research/out/encounters.json"", ""json_pointer"": ""/broadcast/entries/23/sets/1/species/1"", ""file_sha256"": ""37eb8635e2952e74a2e39cfd62a20d3edb4def344f131b7ab04cada388371458""}",world/pages/maps/g03_n088.md,/broadcast_metadata/gating
2,484,魅力喵,20,broadcast:23:4:2,3:88,34号道路,4,Thursday,神奥(Sinnoh),20,"{""path"": ""encounters_research/out/encounters.json"", ""json_pointer"": ""/broadcast/entries/23/sets/1/species/2"", ""file_sha256"": ""37eb8635e2952e74a2e39cfd62a20d3edb4def344f131b7ab04cada388371458""}",world/pages/maps/g03_n088.md,/broadcast_metadata/gating
3,494,聒噪鸟,20,broadcast:23:4:3,3:88,34号道路,4,Thursday,神奥(Sinnoh),20,"{""path"": ""encounters_research/out/encounters.json"", ""json_pointer"": ""/broadcast/entries/23/sets/1/species/3"", ""file_sha256"": ""37eb8635e2952e74a2e39cfd62a20d3edb4def344f131b7ab04cada388371458""}",world/pages/maps/g03_n088.md,/broadcast_metadata/gating
0,1123,毛辫羊,40,broadcast:23:0:0,3:88,34号道路,0,Sunday,伽勒尔(Galar),40,"{""path"": ""encounters_research/out/encounters.json"", ""json_pointer"": ""/broadcast/entries/23/sets/2/species/0"", ""file_sha256"": ""37eb8635e2952e74a2e39cfd62a20d3edb4def344f131b7ab04cada388371458""}",world/pages/maps/g03_n088.md,/broadcast_metadata/gating
1,1127,来电汪,20,broadcast:23:0:1,3:88,34号道路,0,Sunday,伽勒尔(Galar),20,"{""path"": ""encounters_research/out/encounters.json"", ""json_pointer"": ""/broadcast/entries/23/sets/2/species/1"", ""file_sha256"": ""37eb8635e2952e74a2e39cfd62a20d3edb4def344f131b7ab04cada388371458""}",world/pages/maps/g03_n088.md,/broadcast_metadata/gating
2,1121,幼棉棉,20,broadcast:23:0:2,3:88,34号道路,0,Sunday,伽勒尔(Galar),20,"{""path"": ""encounters_research/out/encounters.json"", ""json_pointer"": ""/broadcast/entries/23/sets/2/species/2"", ""file_sha256"": ""37eb8635e2952e74a2e39cfd62a20d3edb4def344f131b7ab04cada388371458""}",world/pages/maps/g03_n088.md,/broadcast_metadata/gating
3,1105,炎兔儿,20,broadcast:23:0:3,3:88,34号道路,0,Sunday,伽勒尔(Galar),20,"{""path"": ""encounters_research/out/encounters.json"", ""json_pointer"": ""/broadcast/entries/23/sets/2/species/3"", ""file_sha256"": ""37eb8635e2952e74a2e39cfd62a20d3edb4def344f131b7ab04cada388371458""}",world/pages/maps/g03_n088.md,/broadcast_metadata/gating
0,370,咕妞妞,40,broadcast:24:3:0,3:90,35号道路,3,Wednesday,丰缘(Hoenn),40,"{""path"": ""encounters_research/out/encounters.json"", ""json_pointer"": ""/broadcast/entries/24/sets/0/species/0"", ""file_sha256"": ""37eb8635e2952e74a2e39cfd62a20d3edb4def344f131b7ab04cada388371458""}",world/pages/maps/g03_n090.md,/broadcast_metadata/gating
1,315,向尾喵,20,broadcast:24:3:1,3:90,35号道路,3,Wednesday,丰缘(Hoenn),20,"{""path"": ""encounters_research/out/encounters.json"", ""json_pointer"": ""/broadcast/entries/24/sets/0/species/1"", ""file_sha256"": ""37eb8635e2952e74a2e39cfd62a20d3edb4def344f131b7ab04cada388371458""}",world/pages/maps/g03_n090.md,/broadcast_metadata/gating
2,353,正电拍拍,20,broadcast:24:3:2,3:90,35号道路,3,Wednesday,丰缘(Hoenn),20,"{""path"": ""encounters_research/out/encounters.json"", ""json_pointer"": ""/broadcast/entries/24/sets/0/species/2"", ""file_sha256"": ""37eb8635e2952e74a2e39cfd62a20d3edb4def344f131b7ab04cada388371458""}",world/pages/maps/g03_n090.md,/broadcast_metadata/gating
3,354,负电拍拍,20,broadcast:24:3:3,3:90,35号道路,3,Wednesday,丰缘(Hoenn),20,"{""path"": ""encounters_research/out/encounters.json"", ""json_pointer"": ""/broadcast/entries/24/sets/0/species/3"", ""file_sha256"": ""37eb8635e2952e74a2e39cfd62a20d3edb4def344f131b7ab04cada388371458""}",world/pages/maps/g03_n090.md,/broadcast_metadata/gating
0,471,泳圈鼬,40,broadcast:24:4:0,3:90,35号道路,4,Thursday,神奥(Sinnoh),40,"{""path"": ""encounters_research/out/encounters.json"", ""json_pointer"": ""/broadcast/entries/24/sets/1/species/0"", ""file_sha256"": ""37eb8635e2952e74a2e39cfd62a20d3edb4def344f131b7ab04cada388371458""}",world/pages/maps/g03_n090.md,/broadcast_metadata/gating
1,470,帕奇利兹,20,broadcast:24:4:1,3:90,35号道路,4,Thursday,神奥(Sinnoh),20,"{""path"": ""encounters_research/out/encounters.json"", ""json_pointer"": ""/broadcast/entries/24/sets/1/species/1"", ""file_sha256"": ""37eb8635e2952e74a2e39cfd62a20d3edb4def344f131b7ab04cada388371458""}",world/pages/maps/g03_n090.md,/broadcast_metadata/gating
2,484,魅力喵,20,broadcast:24:4:2,3:90,35号道路,4,Thursday,神奥(Sinnoh),20,"{""path"": ""encounters_research/out/encounters.json"", ""json_pointer"": ""/broadcast/entries/24/sets/1/species/2"", ""file_sha256"": ""37eb8635e2952e74a2e39cfd62a20d3edb4def344f131b7ab04cada388371458""}",world/pages/maps/g03_n090.md,/broadcast_metadata/gating
3,494,聒噪鸟,20,broadcast:24:4:3,3:90,35号道路,4,Thursday,神奥(Sinnoh),20,"{""path"": ""encounters_research/out/encounters.json"", ""json_pointer"": ""/broadcast/entries/24/sets/1/species/3"", ""file_sha256"": ""37eb8635e2952e74a2e39cfd62a20d3edb4def344f131b7ab04cada388371458""}",world/pages/maps/g03_n090.md,/broadcast_metadata/gating
0,1123,毛辫羊,40,broadcast:24:0:0,3:90,35号道路,0,Sunday,伽勒尔(Galar),40,"{""path"": ""encounters_research/out/encounters.json"", ""json_pointer"": ""/broadcast/entries/24/sets/2/species/0"", ""file_sha256"": ""37eb8635e2952e74a2e39cfd62a20d3edb4def344f131b7ab04cada388371458""}",world/pages/maps/g03_n090.md,/broadcast_metadata/gating
1,1127,来电汪,20,broadcast:24:0:1,3:90,35号道路,0,Sunday,伽勒尔(Galar),20,"{""path"": ""encounters_research/out/encounters.json"", ""json_pointer"": ""/broadcast/entries/24/sets/2/species/1"", ""file_sha256"": ""37eb8635e2952e74a2e39cfd62a20d3edb4def344f131b7ab04cada388371458""}",world/pages/maps/g03_n090.md,/broadcast_metadata/gating
2,1121,幼棉棉,20,broadcast:24:0:2,3:90,35号道路,0,Sunday,伽勒尔(Galar),20,"{""path"": ""encounters_research/out/encounters.json"", ""json_pointer"": ""/broadcast/entries/24/sets/2/species/2"", ""file_sha256"": ""37eb8635e2952e74a2e39cfd62a20d3edb4def344f131b7ab04cada388371458""}",world/pages/maps/g03_n090.md,/broadcast_metadata/gating
3,1125,咬咬龟,20,broadcast:24:0:3,3:90,35号道路,0,Sunday,伽勒尔(Galar),20,"{""path"": ""encounters_research/out/encounters.json"", ""json_pointer"": ""/broadcast/entries/24/sets/2/species/3"", ""file_sha256"": ""37eb8635e2952e74a2e39cfd62a20d3edb4def344f131b7ab04cada388371458""}",world/pages/maps/g03_n090.md,/broadcast_metadata/gating
0,295,莲叶童子,40,broadcast:25:3:0,1:124,自然公园,3,Wednesday,丰缘(Hoenn),40,"{""path"": ""encounters_research/out/encounters.json"", ""json_pointer"": ""/broadcast/entries/25/sets/0/species/0"", ""file_sha256"": ""37eb8635e2952e74a2e39cfd62a20d3edb4def344f131b7ab04cada388371458""}",world/pages/maps/g01_n124.md,/broadcast_metadata/gating
1,315,向尾喵,20,broadcast:25:3:1,1:124,自然公园,3,Wednesday,丰缘(Hoenn),20,"{""path"": ""encounters_research/out/encounters.json"", ""json_pointer"": ""/broadcast/entries/25/sets/0/species/1"", ""file_sha256"": ""37eb8635e2952e74a2e39cfd62a20d3edb4def344f131b7ab04cada388371458""}",world/pages/maps/g01_n124.md,/broadcast_metadata/gating
2,353,正电拍拍,20,broadcast:25:3:2,1:124,自然公园,3,Wednesday,丰缘(Hoenn),20,"{""path"": ""encounters_research/out/encounters.json"", ""json_pointer"": ""/broadcast/entries/25/sets/0/species/2"", ""file_sha256"": ""37eb8635e2952e74a2e39cfd62a20d3edb4def344f131b7ab04cada388371458""}",world/pages/maps/g01_n124.md,/broadcast_metadata/gating
3,354,负电拍拍,20,broadcast:25:3:3,1:124,自然公园,3,Wednesday,丰缘(Hoenn),20,"{""path"": ""encounters_research/out/encounters.json"", ""json_pointer"": ""/broadcast/entries/25/sets/0/species/3"", ""file_sha256"": ""37eb8635e2952e74a2e39cfd62a20d3edb4def344f131b7ab04cada388371458""}",world/pages/maps/g01_n124.md,/broadcast_metadata/gating
0,471,泳圈鼬,40,broadcast:25:4:0,1:124,自然公园,4,Thursday,神奥(Sinnoh),40,"{""path"": ""encounters_research/out/encounters.json"", ""json_pointer"": ""/broadcast/entries/25/sets/1/species/0"", ""file_sha256"": ""37eb8635e2952e74a2e39cfd62a20d3edb4def344f131b7ab04cada388371458""}",world/pages/maps/g01_n124.md,/broadcast_metadata/gating
1,470,帕奇利兹,20,broadcast:25:4:1,1:124,自然公园,4,Thursday,神奥(Sinnoh),20,"{""path"": ""encounters_research/out/encounters.json"", ""json_pointer"": ""/broadcast/entries/25/sets/1/species/1"", ""file_sha256"": ""37eb8635e2952e74a2e39cfd62a20d3edb4def344f131b7ab04cada388371458""}",world/pages/maps/g01_n124.md,/broadcast_metadata/gating
2,484,魅力喵,20,broadcast:25:4:2,1:124,自然公园,4,Thursday,神奥(Sinnoh),20,"{""path"": ""encounters_research/out/encounters.json"", ""json_pointer"": ""/broadcast/entries/25/sets/1/species/2"", ""file_sha256"": ""37eb8635e2952e74a2e39cfd62a20d3edb4def344f131b7ab04cada388371458""}",world/pages/maps/g01_n124.md,/broadcast_metadata/gating
3,494,聒噪鸟,20,broadcast:25:4:3,1:124,自然公园,4,Thursday,神奥(Sinnoh),20,"{""path"": ""encounters_research/out/encounters.json"", ""json_pointer"": ""/broadcast/entries/25/sets/1/species/3"", ""file_sha256"": ""37eb8635e2952e74a2e39cfd62a20d3edb4def344f131b7ab04cada388371458""}",world/pages/maps/g01_n124.md,/broadcast_metadata/gating
0,1123,毛辫羊,40,broadcast:25:0:0,1:124,自然公园,0,Sunday,伽勒尔(Galar),40,"{""path"": ""encounters_research/out/encounters.json"", ""json_pointer"": ""/broadcast/entries/25/sets/2/species/0"", ""file_sha256"": ""37eb8635e2952e74a2e39cfd62a20d3edb4def344f131b7ab04cada388371458""}",world/pages/maps/g01_n124.md,/broadcast_metadata/gating
1,1160,小仙奶,20,broadcast:25:0:1,1:124,自然公园,0,Sunday,伽勒尔(Galar),20,"{""path"": ""encounters_research/out/encounters.json"", ""json_pointer"": ""/broadcast/entries/25/sets/2/species/1"", ""file_sha256"": ""37eb8635e2952e74a2e39cfd62a20d3edb4def344f131b7ab04cada388371458""}",world/pages/maps/g01_n124.md,/broadcast_metadata/gating
2,1121,幼棉棉,20,broadcast:25:0:2,1:124,自然公园,0,Sunday,伽勒尔(Galar),20,"{""path"": ""encounters_research/out/encounters.json"", ""json_pointer"": ""/broadcast/entries/25/sets/2/species/2"", ""file_sha256"": ""37eb8635e2952e74a2e39cfd62a20d3edb4def344f131b7ab04cada388371458""}",world/pages/maps/g01_n124.md,/broadcast_metadata/gating
3,1125,咬咬龟,20,broadcast:25:0:3,1:124,自然公园,0,Sunday,伽勒尔(Galar),20,"{""path"": ""encounters_research/out/encounters.json"", ""json_pointer"": ""/broadcast/entries/25/sets/2/species/3"", ""file_sha256"": ""37eb8635e2952e74a2e39cfd62a20d3edb4def344f131b7ab04cada388371458""}",world/pages/maps/g01_n124.md,/broadcast_metadata/gating
0,356,玛沙那,40,broadcast:26:3:0,3:85,36号道路,3,Wednesday,丰缘(Hoenn),40,"{""path"": ""encounters_research/out/encounters.json"", ""json_pointer"": ""/broadcast/entries/26/sets/0/species/0"", ""file_sha256"": ""37eb8635e2952e74a2e39cfd62a20d3edb4def344f131b7ab04cada388371458""}",world/pages/maps/g03_n085.md,/broadcast_metadata/gating
1,315,向尾喵,20,broadcast:26:3:1,3:85,36号道路,3,Wednesday,丰缘(Hoenn),20,"{""path"": ""encounters_research/out/encounters.json"", ""json_pointer"": ""/broadcast/entries/26/sets/0/species/1"", ""file_sha256"": ""37eb8635e2952e74a2e39cfd62a20d3edb4def344f131b7ab04cada388371458""}",world/pages/maps/g03_n085.md,/broadcast_metadata/gating
2,353,正电拍拍,20,broadcast:26:3:2,3:85,36号道路,3,Wednesday,丰缘(Hoenn),20,"{""path"": ""encounters_research/out/encounters.json"", ""json_pointer"": ""/broadcast/entries/26/sets/0/species/2"", ""file_sha256"": ""37eb8635e2952e74a2e39cfd62a20d3edb4def344f131b7ab04cada388371458""}",world/pages/maps/g03_n085.md,/broadcast_metadata/gating
3,354,负电拍拍,20,broadcast:26:3:3,3:85,36号道路,3,Wednesday,丰缘(Hoenn),20,"{""path"": ""encounters_research/out/encounters.json"", ""json_pointer"": ""/broadcast/entries/26/sets/0/species/3"", ""file_sha256"": ""37eb8635e2952e74a2e39cfd62a20d3edb4def344f131b7ab04cada388371458""}",world/pages/maps/g03_n085.md,/broadcast_metadata/gating
0,494,聒噪鸟,40,broadcast:26:4:0,3:85,36号道路,4,Thursday,神奥(Sinnoh),40,"{""path"": ""encounters_research/out/encounters.json"", ""json_pointer"": ""/broadcast/entries/26/sets/1/species/0"", ""file_sha256"": ""37eb8635e2952e74a2e39cfd62a20d3edb4def344f131b7ab04cada388371458""}",world/pages/maps/g03_n085.md,/broadcast_metadata/gating
1,470,帕奇利兹,20,broadcast:26:4:1,3:85,36号道路,4,Thursday,神奥(Sinnoh),20,"{""path"": ""encounters_research/out/encounters.json"", ""json_pointer"": ""/broadcast/entries/26/sets/1/species/1"", ""file_sha256"": ""37eb8635e2952e74a2e39cfd62a20d3edb4def344f131b7ab04cada388371458""}",world/pages/maps/g03_n085.md,/broadcast_metadata/gating
2,484,魅力喵,20,broadcast:26:4:2,3:85,36号道路,4,Thursday,神奥(Sinnoh),20,"{""path"": ""encounters_research/out/encounters.json"", ""json_pointer"": ""/broadcast/entries/26/sets/1/species/2"", ""file_sha256"": ""37eb8635e2952e74a2e39cfd62a20d3edb4def344f131b7ab04cada388371458""}",world/pages/maps/g03_n085.md,/broadcast_metadata/gating
3,506,不良蛙,20,broadcast:26:4:3,3:85,36号道路,4,Thursday,神奥(Sinnoh),20,"{""path"": ""encounters_research/out/encounters.json"", ""json_pointer"": ""/broadcast/entries/26/sets/1/species/3"", ""file_sha256"": ""37eb8635e2952e74a2e39cfd62a20d3edb4def344f131b7ab04cada388371458""}",world/pages/maps/g03_n085.md,/broadcast_metadata/gating
0,1123,毛辫羊,40,broadcast:26:0:0,3:85,36号道路,0,Sunday,伽勒尔(Galar),40,"{""path"": ""encounters_research/out/encounters.json"", ""json_pointer"": ""/broadcast/entries/26/sets/2/species/0"", ""file_sha256"": ""37eb8635e2952e74a2e39cfd62a20d3edb4def344f131b7ab04cada388371458""}",world/pages/maps/g03_n085.md,/broadcast_metadata/gating
1,1226,蛇纹熊,20,broadcast:26:0:1,3:85,36号道路,0,Sunday,伽勒尔(Galar),20,"{""path"": ""encounters_research/out/encounters.json"", ""json_pointer"": ""/broadcast/entries/26/sets/2/species/1"", ""file_sha256"": ""37eb8635e2952e74a2e39cfd62a20d3edb4def344f131b7ab04cada388371458""}",world/pages/maps/g03_n085.md,/broadcast_metadata/gating
2,1121,幼棉棉,20,broadcast:26:0:2,3:85,36号道路,0,Sunday,伽勒尔(Galar),20,"{""path"": ""encounters_research/out/encounters.json"", ""json_pointer"": ""/broadcast/entries/26/sets/2/species/2"", ""file_sha256"": ""37eb8635e2952e74a2e39cfd62a20d3edb4def344f131b7ab04cada388371458""}",world/pages/maps/g03_n085.md,/broadcast_metadata/gating
3,1160,小仙奶,20,broadcast:26:0:3,3:85,36号道路,0,Sunday,伽勒尔(Galar),20,"{""path"": ""encounters_research/out/encounters.json"", ""json_pointer"": ""/broadcast/entries/26/sets/2/species/3"", ""file_sha256"": ""37eb8635e2952e74a2e39cfd62a20d3edb4def344f131b7ab04cada388371458""}",world/pages/maps/g03_n085.md,/broadcast_metadata/gating
0,379,饭匙蛇,40,broadcast:27:3:0,3:89,37号道路,3,Wednesday,丰缘(Hoenn),40,"{""path"": ""encounters_research/out/encounters.json"", ""json_pointer"": ""/broadcast/entries/27/sets/0/species/0"", ""file_sha256"": ""37eb8635e2952e74a2e39cfd62a20d3edb4def344f131b7ab04cada388371458""}",world/pages/maps/g03_n089.md,/broadcast_metadata/gating
1,380,猫鼬斩,20,broadcast:27:3:1,3:89,37号道路,3,Wednesday,丰缘(Hoenn),20,"{""path"": ""encounters_research/out/encounters.json"", ""json_pointer"": ""/broadcast/entries/27/sets/0/species/1"", ""file_sha256"": ""37eb8635e2952e74a2e39cfd62a20d3edb4def344f131b7ab04cada388371458""}",world/pages/maps/g03_n089.md,/broadcast_metadata/gating
2,353,正电拍拍,20,broadcast:27:3:2,3:89,37号道路,3,Wednesday,丰缘(Hoenn),20,"{""path"": ""encounters_research/out/encounters.json"", ""json_pointer"": ""/broadcast/entries/27/sets/0/species/2"", ""file_sha256"": ""37eb8635e2952e74a2e39cfd62a20d3edb4def344f131b7ab04cada388371458""}",world/pages/maps/g03_n089.md,/broadcast_metadata/gating
3,354,负电拍拍,20,broadcast:27:3:3,3:89,37号道路,3,Wednesday,丰缘(Hoenn),20,"{""path"": ""encounters_research/out/encounters.json"", ""json_pointer"": ""/broadcast/entries/27/sets/0/species/3"", ""file_sha256"": ""37eb8635e2952e74a2e39cfd62a20d3edb4def344f131b7ab04cada388371458""}",world/pages/maps/g03_n089.md,/broadcast_metadata/gating
0,494,聒噪鸟,40,broadcast:27:4:0,3:89,37号道路,4,Thursday,神奥(Sinnoh),40,"{""path"": ""encounters_research/out/encounters.json"", ""json_pointer"": ""/broadcast/entries/27/sets/1/species/0"", ""file_sha256"": ""37eb8635e2952e74a2e39cfd62a20d3edb4def344f131b7ab04cada388371458""}",world/pages/maps/g03_n089.md,/broadcast_metadata/gating
1,470,帕奇利兹,20,broadcast:27:4:1,3:89,37号道路,4,Thursday,神奥(Sinnoh),20,"{""path"": ""encounters_research/out/encounters.json"", ""json_pointer"": ""/broadcast/entries/27/sets/1/species/1"", ""file_sha256"": ""37eb8635e2952e74a2e39cfd62a20d3edb4def344f131b7ab04cada388371458""}",world/pages/maps/g03_n089.md,/broadcast_metadata/gating
2,484,魅力喵,20,broadcast:27:4:2,3:89,37号道路,4,Thursday,神奥(Sinnoh),20,"{""path"": ""encounters_research/out/encounters.json"", ""json_pointer"": ""/broadcast/entries/27/sets/1/species/2"", ""file_sha256"": ""37eb8635e2952e74a2e39cfd62a20d3edb4def344f131b7ab04cada388371458""}",world/pages/maps/g03_n089.md,/broadcast_metadata/gating
3,506,不良蛙,20,broadcast:27:4:3,3:89,37号道路,4,Thursday,神奥(Sinnoh),20,"{""path"": ""encounters_research/out/encounters.json"", ""json_pointer"": ""/broadcast/entries/27/sets/1/species/3"", ""file_sha256"": ""37eb8635e2952e74a2e39cfd62a20d3edb4def344f131b7ab04cada388371458""}",world/pages/maps/g03_n089.md,/broadcast_metadata/gating
0,1123,毛辫羊,40,broadcast:27:0:0,3:89,37号道路,0,Sunday,伽勒尔(Galar),40,"{""path"": ""encounters_research/out/encounters.json"", ""json_pointer"": ""/broadcast/entries/27/sets/2/species/0"", ""file_sha256"": ""37eb8635e2952e74a2e39cfd62a20d3edb4def344f131b7ab04cada388371458""}",world/pages/maps/g03_n089.md,/broadcast_metadata/gating
1,1162,列阵兵,20,broadcast:27:0:1,3:89,37号道路,0,Sunday,伽勒尔(Galar),20,"{""path"": ""encounters_research/out/encounters.json"", ""json_pointer"": ""/broadcast/entries/27/sets/2/species/1"", ""file_sha256"": ""37eb8635e2952e74a2e39cfd62a20d3edb4def344f131b7ab04cada388371458""}",world/pages/maps/g03_n089.md,/broadcast_metadata/gating
2,1121,幼棉棉,20,broadcast:27:0:2,3:89,37号道路,0,Sunday,伽勒尔(Galar),20,"{""path"": ""encounters_research/out/encounters.json"", ""json_pointer"": ""/broadcast/entries/27/sets/2/species/2"", ""file_sha256"": ""37eb8635e2952e74a2e39cfd62a20d3edb4def344f131b7ab04cada388371458""}",world/pages/maps/g03_n089.md,/broadcast_metadata/gating
3,1123,毛辫羊,20,broadcast:27:0:3,3:89,37号道路,0,Sunday,伽勒尔(Galar),20,"{""path"": ""encounters_research/out/encounters.json"", ""json_pointer"": ""/broadcast/entries/27/sets/2/species/3"", ""file_sha256"": ""37eb8635e2952e74a2e39cfd62a20d3edb4def344f131b7ab04cada388371458""}",world/pages/maps/g03_n089.md,/broadcast_metadata/gating
0,288,蛇纹熊,40,broadcast:28:3:0,48:3,烧焦塔,3,Wednesday,丰缘(Hoenn),40,"{""path"": ""encounters_research/out/encounters.json"", ""json_pointer"": ""/broadcast/entries/28/sets/0/species/0"", ""file_sha256"": ""37eb8635e2952e74a2e39cfd62a20d3edb4def344f131b7ab04cada388371458""}",world/pages/maps/g48_n003.md,/broadcast_metadata/gating
1,308,晃晃斑,20,broadcast:28:3:1,48:3,烧焦塔,3,Wednesday,丰缘(Hoenn),20,"{""path"": ""encounters_research/out/encounters.json"", ""json_pointer"": ""/broadcast/entries/28/sets/0/species/1"", ""file_sha256"": ""37eb8635e2952e74a2e39cfd62a20d3edb4def344f131b7ab04cada388371458""}",world/pages/maps/g48_n003.md,/broadcast_metadata/gating
2,319,念力土偶,20,broadcast:28:3:2,48:3,烧焦塔,3,Wednesday,丰缘(Hoenn),20,"{""path"": ""encounters_research/out/encounters.json"", ""json_pointer"": ""/broadcast/entries/28/sets/0/species/2"", ""file_sha256"": ""37eb8635e2952e74a2e39cfd62a20d3edb4def344f131b7ab04cada388371458""}",world/pages/maps/g48_n003.md,/broadcast_metadata/gating
3,361,夜巡灵,20,broadcast:28:3:3,48:3,烧焦塔,3,Wednesday,丰缘(Hoenn),20,"{""path"": ""encounters_research/out/encounters.json"", ""json_pointer"": ""/broadcast/entries/28/sets/0/species/3"", ""file_sha256"": ""37eb8635e2952e74a2e39cfd62a20d3edb4def344f131b7ab04cada388371458""}",world/pages/maps/g48_n003.md,/broadcast_metadata/gating
0,494,聒噪鸟,40,broadcast:28:4:0,48:3,烧焦塔,4,Thursday,神奥(Sinnoh),40,"{""path"": ""encounters_research/out/encounters.json"", ""json_pointer"": ""/broadcast/entries/28/sets/1/species/0"", ""file_sha256"": ""37eb8635e2952e74a2e39cfd62a20d3edb4def344f131b7ab04cada388371458""}",world/pages/maps/g48_n003.md,/broadcast_metadata/gating
1,489,铜镜怪,20,broadcast:28:4:1,48:3,烧焦塔,4,Thursday,神奥(Sinnoh),20,"{""path"": ""encounters_research/out/encounters.json"", ""json_pointer"": ""/broadcast/entries/28/sets/1/species/1"", ""file_sha256"": ""37eb8635e2952e74a2e39cfd62a20d3edb4def344f131b7ab04cada388371458""}",world/pages/maps/g48_n003.md,/broadcast_metadata/gating
2,486,铃铛响,20,broadcast:28:4:2,48:3,烧焦塔,4,Thursday,神奥(Sinnoh),20,"{""path"": ""encounters_research/out/encounters.json"", ""json_pointer"": ""/broadcast/entries/28/sets/1/species/2"", ""file_sha256"": ""37eb8635e2952e74a2e39cfd62a20d3edb4def344f131b7ab04cada388371458""}",world/pages/maps/g48_n003.md,/broadcast_metadata/gating
3,356,玛沙那,20,broadcast:28:4:3,48:3,烧焦塔,4,Thursday,神奥(Sinnoh),20,"{""path"": ""encounters_research/out/encounters.json"", ""json_pointer"": ""/broadcast/entries/28/sets/1/species/3"", ""file_sha256"": ""37eb8635e2952e74a2e39cfd62a20d3edb4def344f131b7ab04cada388371458""}",world/pages/maps/g48_n003.md,/broadcast_metadata/gating
0,1146,来悲茶,40,broadcast:28:0:0,48:3,烧焦塔,0,Sunday,伽勒尔(Galar),40,"{""path"": ""encounters_research/out/encounters.json"", ""json_pointer"": ""/broadcast/entries/28/sets/2/species/0"", ""file_sha256"": ""37eb8635e2952e74a2e39cfd62a20d3edb4def344f131b7ab04cada388371458""}",world/pages/maps/g48_n003.md,/broadcast_metadata/gating
1,660,烛光灵,20,broadcast:28:0:1,48:3,烧焦塔,0,Sunday,伽勒尔(Galar),20,"{""path"": ""encounters_research/out/encounters.json"", ""json_pointer"": ""/broadcast/entries/28/sets/2/species/1"", ""file_sha256"": ""37eb8635e2952e74a2e39cfd62a20d3edb4def344f131b7ab04cada388371458""}",world/pages/maps/g48_n003.md,/broadcast_metadata/gating
2,1142,烧火蚣,20,broadcast:28:0:2,48:3,烧焦塔,0,Sunday,伽勒尔(Galar),20,"{""path"": ""encounters_research/out/encounters.json"", ""json_pointer"": ""/broadcast/entries/28/sets/2/species/2"", ""file_sha256"": ""37eb8635e2952e74a2e39cfd62a20d3edb4def344f131b7ab04cada388371458""}",world/pages/maps/g48_n003.md,/broadcast_metadata/gating
3,1105,炎兔儿,20,broadcast:28:0:3,48:3,烧焦塔,0,Sunday,伽勒尔(Galar),20,"{""path"": ""encounters_research/out/encounters.json"", ""json_pointer"": ""/broadcast/entries/28/sets/2/species/3"", ""file_sha256"": ""37eb8635e2952e74a2e39cfd62a20d3edb4def344f131b7ab04cada388371458""}",world/pages/maps/g48_n003.md,/broadcast_metadata/gating
0,288,蛇纹熊,40,broadcast:29:3:0,48:4,烧焦塔,3,Wednesday,丰缘(Hoenn),40,"{""path"": ""encounters_research/out/encounters.json"", ""json_pointer"": ""/broadcast/entries/29/sets/0/species/0"", ""file_sha256"": ""37eb8635e2952e74a2e39cfd62a20d3edb4def344f131b7ab04cada388371458""}",world/pages/maps/g48_n004.md,/broadcast_metadata/gating
1,280,火稚鸡,20,broadcast:29:3:1,48:4,烧焦塔,3,Wednesday,丰缘(Hoenn),20,"{""path"": ""encounters_research/out/encounters.json"", ""json_pointer"": ""/broadcast/entries/29/sets/0/species/1"", ""file_sha256"": ""37eb8635e2952e74a2e39cfd62a20d3edb4def344f131b7ab04cada388371458""}",world/pages/maps/g48_n004.md,/broadcast_metadata/gating
2,319,念力土偶,20,broadcast:29:3:2,48:4,烧焦塔,3,Wednesday,丰缘(Hoenn),20,"{""path"": ""encounters_research/out/encounters.json"", ""json_pointer"": ""/broadcast/entries/29/sets/0/species/2"", ""file_sha256"": ""37eb8635e2952e74a2e39cfd62a20d3edb4def344f131b7ab04cada388371458""}",world/pages/maps/g48_n004.md,/broadcast_metadata/gating
3,361,夜巡灵,20,broadcast:29:3:3,48:4,烧焦塔,3,Wednesday,丰缘(Hoenn),20,"{""path"": ""encounters_research/out/encounters.json"", ""json_pointer"": ""/broadcast/entries/29/sets/0/species/3"", ""file_sha256"": ""37eb8635e2952e74a2e39cfd62a20d3edb4def344f131b7ab04cada388371458""}",world/pages/maps/g48_n004.md,/broadcast_metadata/gating
0,494,聒噪鸟,40,broadcast:29:4:0,48:4,烧焦塔,4,Thursday,神奥(Sinnoh),40,"{""path"": ""encounters_research/out/encounters.json"", ""json_pointer"": ""/broadcast/entries/29/sets/1/species/0"", ""file_sha256"": ""37eb8635e2952e74a2e39cfd62a20d3edb4def344f131b7ab04cada388371458""}",world/pages/maps/g48_n004.md,/broadcast_metadata/gating
1,489,铜镜怪,20,broadcast:29:4:1,48:4,烧焦塔,4,Thursday,神奥(Sinnoh),20,"{""path"": ""encounters_research/out/encounters.json"", ""json_pointer"": ""/broadcast/entries/29/sets/1/species/1"", ""file_sha256"": ""37eb8635e2952e74a2e39cfd62a20d3edb4def344f131b7ab04cada388371458""}",world/pages/maps/g48_n004.md,/broadcast_metadata/gating
2,486,铃铛响,20,broadcast:29:4:2,48:4,烧焦塔,4,Thursday,神奥(Sinnoh),20,"{""path"": ""encounters_research/out/encounters.json"", ""json_pointer"": ""/broadcast/entries/29/sets/1/species/2"", ""file_sha256"": ""37eb8635e2952e74a2e39cfd62a20d3edb4def344f131b7ab04cada388371458""}",world/pages/maps/g48_n004.md,/broadcast_metadata/gating
3,356,玛沙那,20,broadcast:29:4:3,48:4,烧焦塔,4,Thursday,神奥(Sinnoh),20,"{""path"": ""encounters_research/out/encounters.json"", ""json_pointer"": ""/broadcast/entries/29/sets/1/species/3"", ""file_sha256"": ""37eb8635e2952e74a2e39cfd62a20d3edb4def344f131b7ab04cada388371458""}",world/pages/maps/g48_n004.md,/broadcast_metadata/gating
0,1146,来悲茶,40,broadcast:29:0:0,48:4,烧焦塔,0,Sunday,伽勒尔(Galar),40,"{""path"": ""encounters_research/out/encounters.json"", ""json_pointer"": ""/broadcast/entries/29/sets/2/species/0"", ""file_sha256"": ""37eb8635e2952e74a2e39cfd62a20d3edb4def344f131b7ab04cada388371458""}",world/pages/maps/g48_n004.md,/broadcast_metadata/gating
1,660,烛光灵,20,broadcast:29:0:1,48:4,烧焦塔,0,Sunday,伽勒尔(Galar),20,"{""path"": ""encounters_research/out/encounters.json"", ""json_pointer"": ""/broadcast/entries/29/sets/2/species/1"", ""file_sha256"": ""37eb8635e2952e74a2e39cfd62a20d3edb4def344f131b7ab04cada388371458""}",world/pages/maps/g48_n004.md,/broadcast_metadata/gating
2,1142,烧火蚣,20,broadcast:29:0:2,48:4,烧焦塔,0,Sunday,伽勒尔(Galar),20,"{""path"": ""encounters_research/out/encounters.json"", ""json_pointer"": ""/broadcast/entries/29/sets/2/species/2"", ""file_sha256"": ""37eb8635e2952e74a2e39cfd62a20d3edb4def344f131b7ab04cada388371458""}",world/pages/maps/g48_n004.md,/broadcast_metadata/gating
3,1105,炎兔儿,20,broadcast:29:0:3,48:4,烧焦塔,0,Sunday,伽勒尔(Galar),20,"{""path"": ""encounters_research/out/encounters.json"", ""json_pointer"": ""/broadcast/entries/29/sets/2/species/3"", ""file_sha256"": ""37eb8635e2952e74a2e39cfd62a20d3edb4def344f131b7ab04cada388371458""}",world/pages/maps/g48_n004.md,/broadcast_metadata/gating
0,380,猫鼬斩,40,broadcast:30:3:0,3:91,38号道路,3,Wednesday,丰缘(Hoenn),40,"{""path"": ""encounters_research/out/encounters.json"", ""json_pointer"": ""/broadcast/entries/30/sets/0/species/0"", ""file_sha256"": ""37eb8635e2952e74a2e39cfd62a20d3edb4def344f131b7ab04cada388371458""}",world/pages/maps/g03_n091.md,/broadcast_metadata/gating
1,379,饭匙蛇,20,broadcast:30:3:1,3:91,38号道路,3,Wednesday,丰缘(Hoenn),20,"{""path"": ""encounters_research/out/encounters.json"", ""json_pointer"": ""/broadcast/entries/30/sets/0/species/1"", ""file_sha256"": ""37eb8635e2952e74a2e39cfd62a20d3edb4def344f131b7ab04cada388371458""}",world/pages/maps/g03_n091.md,/broadcast_metadata/gating
2,353,正电拍拍,20,broadcast:30:3:2,3:91,38号道路,3,Wednesday,丰缘(Hoenn),20,"{""path"": ""encounters_research/out/encounters.json"", ""json_pointer"": ""/broadcast/entries/30/sets/0/species/2"", ""file_sha256"": ""37eb8635e2952e74a2e39cfd62a20d3edb4def344f131b7ab04cada388371458""}",world/pages/maps/g03_n091.md,/broadcast_metadata/gating
3,354,负电拍拍,20,broadcast:30:3:3,3:91,38号道路,3,Wednesday,丰缘(Hoenn),20,"{""path"": ""encounters_research/out/encounters.json"", ""json_pointer"": ""/broadcast/entries/30/sets/0/species/3"", ""file_sha256"": ""37eb8635e2952e74a2e39cfd62a20d3edb4def344f131b7ab04cada388371458""}",world/pages/maps/g03_n091.md,/broadcast_metadata/gating
0,494,聒噪鸟,40,broadcast:30:4:0,3:91,38号道路,4,Thursday,神奥(Sinnoh),40,"{""path"": ""encounters_research/out/encounters.json"", ""json_pointer"": ""/broadcast/entries/30/sets/1/species/0"", ""file_sha256"": ""37eb8635e2952e74a2e39cfd62a20d3edb4def344f131b7ab04cada388371458""}",world/pages/maps/g03_n091.md,/broadcast_metadata/gating
1,470,帕奇利兹,20,broadcast:30:4:1,3:91,38号道路,4,Thursday,神奥(Sinnoh),20,"{""path"": ""encounters_research/out/encounters.json"", ""json_pointer"": ""/broadcast/entries/30/sets/1/species/1"", ""file_sha256"": ""37eb8635e2952e74a2e39cfd62a20d3edb4def344f131b7ab04cada388371458""}",world/pages/maps/g03_n091.md,/broadcast_metadata/gating
2,456,小猫怪,20,broadcast:30:4:2,3:91,38号道路,4,Thursday,神奥(Sinnoh),20,"{""path"": ""encounters_research/out/encounters.json"", ""json_pointer"": ""/broadcast/entries/30/sets/1/species/2"", ""file_sha256"": ""37eb8635e2952e74a2e39cfd62a20d3edb4def344f131b7ab04cada388371458""}",world/pages/maps/g03_n091.md,/broadcast_metadata/gating
3,506,不良蛙,20,broadcast:30:4:3,3:91,38号道路,4,Thursday,神奥(Sinnoh),20,"{""path"": ""encounters_research/out/encounters.json"", ""json_pointer"": ""/broadcast/entries/30/sets/1/species/3"", ""file_sha256"": ""37eb8635e2952e74a2e39cfd62a20d3edb4def344f131b7ab04cada388371458""}",world/pages/maps/g03_n091.md,/broadcast_metadata/gating
0,1123,毛辫羊,40,broadcast:30:0:0,3:91,38号道路,0,Sunday,伽勒尔(Galar),40,"{""path"": ""encounters_research/out/encounters.json"", ""json_pointer"": ""/broadcast/entries/30/sets/2/species/0"", ""file_sha256"": ""37eb8635e2952e74a2e39cfd62a20d3edb4def344f131b7ab04cada388371458""}",world/pages/maps/g03_n091.md,/broadcast_metadata/gating
1,1212,喵喵,20,broadcast:30:0:1,3:91,38号道路,0,Sunday,伽勒尔(Galar),20,"{""path"": ""encounters_research/out/encounters.json"", ""json_pointer"": ""/broadcast/entries/30/sets/2/species/1"", ""file_sha256"": ""37eb8635e2952e74a2e39cfd62a20d3edb4def344f131b7ab04cada388371458""}",world/pages/maps/g03_n091.md,/broadcast_metadata/gating
2,994,托戈德玛尔,20,broadcast:30:0:2,3:91,38号道路,0,Sunday,伽勒尔(Galar),20,"{""path"": ""encounters_research/out/encounters.json"", ""json_pointer"": ""/broadcast/entries/30/sets/2/species/2"", ""file_sha256"": ""37eb8635e2952e74a2e39cfd62a20d3edb4def344f131b7ab04cada388371458""}",world/pages/maps/g03_n091.md,/broadcast_metadata/gating
3,1123,毛辫羊,20,broadcast:30:0:3,3:91,38号道路,0,Sunday,伽勒尔(Galar),20,"{""path"": ""encounters_research/out/encounters.json"", ""json_pointer"": ""/broadcast/entries/30/sets/2/species/3"", ""file_sha256"": ""37eb8635e2952e74a2e39cfd62a20d3edb4def344f131b7ab04cada388371458""}",world/pages/maps/g03_n091.md,/broadcast_metadata/gating
0,380,猫鼬斩,40,broadcast:31:3:0,3:93,39号道路,3,Wednesday,丰缘(Hoenn),40,"{""path"": ""encounters_research/out/encounters.json"", ""json_pointer"": ""/broadcast/entries/31/sets/0/species/0"", ""file_sha256"": ""37eb8635e2952e74a2e39cfd62a20d3edb4def344f131b7ab04cada388371458""}",world/pages/maps/g03_n093.md,/broadcast_metadata/gating
1,379,饭匙蛇,20,broadcast:31:3:1,3:93,39号道路,3,Wednesday,丰缘(Hoenn),20,"{""path"": ""encounters_research/out/encounters.json"", ""json_pointer"": ""/broadcast/entries/31/sets/0/species/1"", ""file_sha256"": ""37eb8635e2952e74a2e39cfd62a20d3edb4def344f131b7ab04cada388371458""}",world/pages/maps/g03_n093.md,/broadcast_metadata/gating
2,353,正电拍拍,20,broadcast:31:3:2,3:93,39号道路,3,Wednesday,丰缘(Hoenn),20,"{""path"": ""encounters_research/out/encounters.json"", ""json_pointer"": ""/broadcast/entries/31/sets/0/species/2"", ""file_sha256"": ""37eb8635e2952e74a2e39cfd62a20d3edb4def344f131b7ab04cada388371458""}",world/pages/maps/g03_n093.md,/broadcast_metadata/gating
3,354,负电拍拍,20,broadcast:31:3:3,3:93,39号道路,3,Wednesday,丰缘(Hoenn),20,"{""path"": ""encounters_research/out/encounters.json"", ""json_pointer"": ""/broadcast/entries/31/sets/0/species/3"", ""file_sha256"": ""37eb8635e2952e74a2e39cfd62a20d3edb4def344f131b7ab04cada388371458""}",world/pages/maps/g03_n093.md,/broadcast_metadata/gating
0,494,聒噪鸟,40,broadcast:31:4:0,3:93,39号道路,4,Thursday,神奥(Sinnoh),40,"{""path"": ""encounters_research/out/encounters.json"", ""json_pointer"": ""/broadcast/entries/31/sets/1/species/0"", ""file_sha256"": ""37eb8635e2952e74a2e39cfd62a20d3edb4def344f131b7ab04cada388371458""}",world/pages/maps/g03_n093.md,/broadcast_metadata/gating
1,470,帕奇利兹,20,broadcast:31:4:1,3:93,39号道路,4,Thursday,神奥(Sinnoh),20,"{""path"": ""encounters_research/out/encounters.json"", ""json_pointer"": ""/broadcast/entries/31/sets/1/species/1"", ""file_sha256"": ""37eb8635e2952e74a2e39cfd62a20d3edb4def344f131b7ab04cada388371458""}",world/pages/maps/g03_n093.md,/broadcast_metadata/gating
2,456,小猫怪,20,broadcast:31:4:2,3:93,39号道路,4,Thursday,神奥(Sinnoh),20,"{""path"": ""encounters_research/out/encounters.json"", ""json_pointer"": ""/broadcast/entries/31/sets/1/species/2"", ""file_sha256"": ""37eb8635e2952e74a2e39cfd62a20d3edb4def344f131b7ab04cada388371458""}",world/pages/maps/g03_n093.md,/broadcast_metadata/gating
3,506,不良蛙,20,broadcast:31:4:3,3:93,39号道路,4,Thursday,神奥(Sinnoh),20,"{""path"": ""encounters_research/out/encounters.json"", ""json_pointer"": ""/broadcast/entries/31/sets/1/species/3"", ""file_sha256"": ""37eb8635e2952e74a2e39cfd62a20d3edb4def344f131b7ab04cada388371458""}",world/pages/maps/g03_n093.md,/broadcast_metadata/gating
0,1123,毛辫羊,40,broadcast:31:0:0,3:93,39号道路,0,Sunday,伽勒尔(Galar),40,"{""path"": ""encounters_research/out/encounters.json"", ""json_pointer"": ""/broadcast/entries/31/sets/2/species/0"", ""file_sha256"": ""37eb8635e2952e74a2e39cfd62a20d3edb4def344f131b7ab04cada388371458""}",world/pages/maps/g03_n093.md,/broadcast_metadata/gating
1,1212,喵喵,20,broadcast:31:0:1,3:93,39号道路,0,Sunday,伽勒尔(Galar),20,"{""path"": ""encounters_research/out/encounters.json"", ""json_pointer"": ""/broadcast/entries/31/sets/2/species/1"", ""file_sha256"": ""37eb8635e2952e74a2e39cfd62a20d3edb4def344f131b7ab04cada388371458""}",world/pages/maps/g03_n093.md,/broadcast_metadata/gating
2,994,托戈德玛尔,20,broadcast:31:0:2,3:93,39号道路,0,Sunday,伽勒尔(Galar),20,"{""path"": ""encounters_research/out/encounters.json"", ""json_pointer"": ""/broadcast/entries/31/sets/2/species/2"", ""file_sha256"": ""37eb8635e2952e74a2e39cfd62a20d3edb4def344f131b7ab04cada388371458""}",world/pages/maps/g03_n093.md,/broadcast_metadata/gating
3,1123,毛辫羊,20,broadcast:31:0:3,3:93,39号道路,0,Sunday,伽勒尔(Galar),20,"{""path"": ""encounters_research/out/encounters.json"", ""json_pointer"": ""/broadcast/entries/31/sets/2/species/3"", ""file_sha256"": ""37eb8635e2952e74a2e39cfd62a20d3edb4def344f131b7ab04cada388371458""}",world/pages/maps/g03_n093.md,/broadcast_metadata/gating
0,346,雪童子,40,broadcast:32:3:0,3:97,42号道路,3,Wednesday,丰缘(Hoenn),40,"{""path"": ""encounters_research/out/encounters.json"", ""json_pointer"": ""/broadcast/entries/32/sets/0/species/0"", ""file_sha256"": ""37eb8635e2952e74a2e39cfd62a20d3edb4def344f131b7ab04cada388371458""}",world/pages/maps/g03_n097.md,/broadcast_metadata/gating
1,356,玛沙那,20,broadcast:32:3:1,3:97,42号道路,3,Wednesday,丰缘(Hoenn),20,"{""path"": ""encounters_research/out/encounters.json"", ""json_pointer"": ""/broadcast/entries/32/sets/0/species/1"", ""file_sha256"": ""37eb8635e2952e74a2e39cfd62a20d3edb4def344f131b7ab04cada388371458""}",world/pages/maps/g03_n097.md,/broadcast_metadata/gating
2,370,咕妞妞,20,broadcast:32:3:2,3:97,42号道路,3,Wednesday,丰缘(Hoenn),20,"{""path"": ""encounters_research/out/encounters.json"", ""json_pointer"": ""/broadcast/entries/32/sets/0/species/2"", ""file_sha256"": ""37eb8635e2952e74a2e39cfd62a20d3edb4def344f131b7ab04cada388371458""}",world/pages/maps/g03_n097.md,/broadcast_metadata/gating
3,288,蛇纹熊,20,broadcast:32:3:3,3:97,42号道路,3,Wednesday,丰缘(Hoenn),20,"{""path"": ""encounters_research/out/encounters.json"", ""json_pointer"": ""/broadcast/entries/32/sets/0/species/3"", ""file_sha256"": ""37eb8635e2952e74a2e39cfd62a20d3edb4def344f131b7ab04cada388371458""}",world/pages/maps/g03_n097.md,/broadcast_metadata/gating
0,494,聒噪鸟,40,broadcast:32:4:0,3:97,42号道路,4,Thursday,神奥(Sinnoh),40,"{""path"": ""encounters_research/out/encounters.json"", ""json_pointer"": ""/broadcast/entries/32/sets/1/species/0"", ""file_sha256"": ""37eb8635e2952e74a2e39cfd62a20d3edb4def344f131b7ab04cada388371458""}",world/pages/maps/g03_n097.md,/broadcast_metadata/gating
1,512,雪笠怪,20,broadcast:32:4:1,3:97,42号道路,4,Thursday,神奥(Sinnoh),20,"{""path"": ""encounters_research/out/encounters.json"", ""json_pointer"": ""/broadcast/entries/32/sets/1/species/1"", ""file_sha256"": ""37eb8635e2952e74a2e39cfd62a20d3edb4def344f131b7ab04cada388371458""}",world/pages/maps/g03_n097.md,/broadcast_metadata/gating
2,456,小猫怪,20,broadcast:32:4:2,3:97,42号道路,4,Thursday,神奥(Sinnoh),20,"{""path"": ""encounters_research/out/encounters.json"", ""json_pointer"": ""/broadcast/entries/32/sets/1/species/2"", ""file_sha256"": ""37eb8635e2952e74a2e39cfd62a20d3edb4def344f131b7ab04cada388371458""}",world/pages/maps/g03_n097.md,/broadcast_metadata/gating
3,471,泳圈鼬,20,broadcast:32:4:3,3:97,42号道路,4,Thursday,神奥(Sinnoh),20,"{""path"": ""encounters_research/out/encounters.json"", ""json_pointer"": ""/broadcast/entries/32/sets/1/species/3"", ""file_sha256"": ""37eb8635e2952e74a2e39cfd62a20d3edb4def344f131b7ab04cada388371458""}",world/pages/maps/g03_n097.md,/broadcast_metadata/gating
0,1164,雪吞虫,40,broadcast:32:0:0,3:97,42号道路,0,Sunday,伽勒尔(Galar),40,"{""path"": ""encounters_research/out/encounters.json"", ""json_pointer"": ""/broadcast/entries/32/sets/2/species/0"", ""file_sha256"": ""37eb8635e2952e74a2e39cfd62a20d3edb4def344f131b7ab04cada388371458""}",world/pages/maps/g03_n097.md,/broadcast_metadata/gating
1,1229,火红不倒翁,20,broadcast:32:0:1,3:97,42号道路,0,Sunday,伽勒尔(Galar),20,"{""path"": ""encounters_research/out/encounters.json"", ""json_pointer"": ""/broadcast/entries/32/sets/2/species/1"", ""file_sha256"": ""37eb8635e2952e74a2e39cfd62a20d3edb4def344f131b7ab04cada388371458""}",world/pages/maps/g03_n097.md,/broadcast_metadata/gating
2,1125,咬咬龟,20,broadcast:32:0:2,3:97,42号道路,0,Sunday,伽勒尔(Galar),20,"{""path"": ""encounters_research/out/encounters.json"", ""json_pointer"": ""/broadcast/entries/32/sets/2/species/2"", ""file_sha256"": ""37eb8635e2952e74a2e39cfd62a20d3edb4def344f131b7ab04cada388371458""}",world/pages/maps/g03_n097.md,/broadcast_metadata/gating
3,1123,毛辫羊,20,broadcast:32:0:3,3:97,42号道路,0,Sunday,伽勒尔(Galar),20,"{""path"": ""encounters_research/out/encounters.json"", ""json_pointer"": ""/broadcast/entries/32/sets/2/species/3"", ""file_sha256"": ""37eb8635e2952e74a2e39cfd62a20d3edb4def344f131b7ab04cada388371458""}",world/pages/maps/g03_n097.md,/broadcast_metadata/gating
0,346,雪童子,40,broadcast:33:3:0,3:98,44号道路,3,Wednesday,丰缘(Hoenn),40,"{""path"": ""encounters_research/out/encounters.json"", ""json_pointer"": ""/broadcast/entries/33/sets/0/species/0"", ""file_sha256"": ""37eb8635e2952e74a2e39cfd62a20d3edb4def344f131b7ab04cada388371458""}",world/pages/maps/g03_n098.md,/broadcast_metadata/gating
1,356,玛沙那,20,broadcast:33:3:1,3:98,44号道路,3,Wednesday,丰缘(Hoenn),20,"{""path"": ""encounters_research/out/encounters.json"", ""json_pointer"": ""/broadcast/entries/33/sets/0/species/1"", ""file_sha256"": ""37eb8635e2952e74a2e39cfd62a20d3edb4def344f131b7ab04cada388371458""}",world/pages/maps/g03_n098.md,/broadcast_metadata/gating
2,370,咕妞妞,20,broadcast:33:3:2,3:98,44号道路,3,Wednesday,丰缘(Hoenn),20,"{""path"": ""encounters_research/out/encounters.json"", ""json_pointer"": ""/broadcast/entries/33/sets/0/species/2"", ""file_sha256"": ""37eb8635e2952e74a2e39cfd62a20d3edb4def344f131b7ab04cada388371458""}",world/pages/maps/g03_n098.md,/broadcast_metadata/gating
3,288,蛇纹熊,20,broadcast:33:3:3,3:98,44号道路,3,Wednesday,丰缘(Hoenn),20,"{""path"": ""encounters_research/out/encounters.json"", ""json_pointer"": ""/broadcast/entries/33/sets/0/species/3"", ""file_sha256"": ""37eb8635e2952e74a2e39cfd62a20d3edb4def344f131b7ab04cada388371458""}",world/pages/maps/g03_n098.md,/broadcast_metadata/gating
0,494,聒噪鸟,40,broadcast:33:4:0,3:98,44号道路,4,Thursday,神奥(Sinnoh),40,"{""path"": ""encounters_research/out/encounters.json"", ""json_pointer"": ""/broadcast/entries/33/sets/1/species/0"", ""file_sha256"": ""37eb8635e2952e74a2e39cfd62a20d3edb4def344f131b7ab04cada388371458""}",world/pages/maps/g03_n098.md,/broadcast_metadata/gating
1,512,雪笠怪,20,broadcast:33:4:1,3:98,44号道路,4,Thursday,神奥(Sinnoh),20,"{""path"": ""encounters_research/out/encounters.json"", ""json_pointer"": ""/broadcast/entries/33/sets/1/species/1"", ""file_sha256"": ""37eb8635e2952e74a2e39cfd62a20d3edb4def344f131b7ab04cada388371458""}",world/pages/maps/g03_n098.md,/broadcast_metadata/gating
2,456,小猫怪,20,broadcast:33:4:2,3:98,44号道路,4,Thursday,神奥(Sinnoh),20,"{""path"": ""encounters_research/out/encounters.json"", ""json_pointer"": ""/broadcast/entries/33/sets/1/species/2"", ""file_sha256"": ""37eb8635e2952e74a2e39cfd62a20d3edb4def344f131b7ab04cada388371458""}",world/pages/maps/g03_n098.md,/broadcast_metadata/gating
3,471,泳圈鼬,20,broadcast:33:4:3,3:98,44号道路,4,Thursday,神奥(Sinnoh),20,"{""path"": ""encounters_research/out/encounters.json"", ""json_pointer"": ""/broadcast/entries/33/sets/1/species/3"", ""file_sha256"": ""37eb8635e2952e74a2e39cfd62a20d3edb4def344f131b7ab04cada388371458""}",world/pages/maps/g03_n098.md,/broadcast_metadata/gating
0,1164,雪吞虫,40,broadcast:33:0:0,3:98,44号道路,0,Sunday,伽勒尔(Galar),40,"{""path"": ""encounters_research/out/encounters.json"", ""json_pointer"": ""/broadcast/entries/33/sets/2/species/0"", ""file_sha256"": ""37eb8635e2952e74a2e39cfd62a20d3edb4def344f131b7ab04cada388371458""}",world/pages/maps/g03_n098.md,/broadcast_metadata/gating
1,1229,火红不倒翁,20,broadcast:33:0:1,3:98,44号道路,0,Sunday,伽勒尔(Galar),20,"{""path"": ""encounters_research/out/encounters.json"", ""json_pointer"": ""/broadcast/entries/33/sets/2/species/1"", ""file_sha256"": ""37eb8635e2952e74a2e39cfd62a20d3edb4def344f131b7ab04cada388371458""}",world/pages/maps/g03_n098.md,/broadcast_metadata/gating
2,1125,咬咬龟,20,broadcast:33:0:2,3:98,44号道路,0,Sunday,伽勒尔(Galar),20,"{""path"": ""encounters_research/out/encounters.json"", ""json_pointer"": ""/broadcast/entries/33/sets/2/species/2"", ""file_sha256"": ""37eb8635e2952e74a2e39cfd62a20d3edb4def344f131b7ab04cada388371458""}",world/pages/maps/g03_n098.md,/broadcast_metadata/gating
3,1123,毛辫羊,20,broadcast:33:0:3,3:98,44号道路,0,Sunday,伽勒尔(Galar),20,"{""path"": ""encounters_research/out/encounters.json"", ""json_pointer"": ""/broadcast/entries/33/sets/2/species/3"", ""file_sha256"": ""37eb8635e2952e74a2e39cfd62a20d3edb4def344f131b7ab04cada388371458""}",world/pages/maps/g03_n098.md,/broadcast_metadata/gating
0,309,长翅鸥,40,broadcast:34:3:0,3:103,50号水路,3,Wednesday,丰缘(Hoenn),40,"{""path"": ""encounters_research/out/encounters.json"", ""json_pointer"": ""/broadcast/entries/34/sets/0/species/0"", ""file_sha256"": ""37eb8635e2952e74a2e39cfd62a20d3edb4def344f131b7ab04cada388371458""}",world/pages/maps/g03_n103.md,/broadcast_metadata/gating
1,295,莲叶童子,20,broadcast:34:3:1,3:103,50号水路,3,Wednesday,丰缘(Hoenn),20,"{""path"": ""encounters_research/out/encounters.json"", ""json_pointer"": ""/broadcast/entries/34/sets/0/species/1"", ""file_sha256"": ""37eb8635e2952e74a2e39cfd62a20d3edb4def344f131b7ab04cada388371458""}",world/pages/maps/g03_n103.md,/broadcast_metadata/gating
2,358,青绵鸟,20,broadcast:34:3:2,3:103,50号水路,3,Wednesday,丰缘(Hoenn),20,"{""path"": ""encounters_research/out/encounters.json"", ""json_pointer"": ""/broadcast/entries/34/sets/0/species/2"", ""file_sha256"": ""37eb8635e2952e74a2e39cfd62a20d3edb4def344f131b7ab04cada388371458""}",world/pages/maps/g03_n103.md,/broadcast_metadata/gating
3,284,沼跃鱼,20,broadcast:34:3:3,3:103,50号水路,3,Wednesday,丰缘(Hoenn),20,"{""path"": ""encounters_research/out/encounters.json"", ""json_pointer"": ""/broadcast/entries/34/sets/0/species/3"", ""file_sha256"": ""37eb8635e2952e74a2e39cfd62a20d3edb4def344f131b7ab04cada388371458""}",world/pages/maps/g03_n103.md,/broadcast_metadata/gating
0,471,泳圈鼬,40,broadcast:34:4:0,3:103,50号水路,4,Thursday,神奥(Sinnoh),40,"{""path"": ""encounters_research/out/encounters.json"", ""json_pointer"": ""/broadcast/entries/34/sets/1/species/0"", ""file_sha256"": ""37eb8635e2952e74a2e39cfd62a20d3edb4def344f131b7ab04cada388371458""}",world/pages/maps/g03_n103.md,/broadcast_metadata/gating
1,506,不良蛙,20,broadcast:34:4:1,3:103,50号水路,4,Thursday,神奥(Sinnoh),20,"{""path"": ""encounters_research/out/encounters.json"", ""json_pointer"": ""/broadcast/entries/34/sets/1/species/1"", ""file_sha256"": ""37eb8635e2952e74a2e39cfd62a20d3edb4def344f131b7ab04cada388371458""}",world/pages/maps/g03_n103.md,/broadcast_metadata/gating
2,508,尖牙笼,20,broadcast:34:4:2,3:103,50号水路,4,Thursday,神奥(Sinnoh),20,"{""path"": ""encounters_research/out/encounters.json"", ""json_pointer"": ""/broadcast/entries/34/sets/1/species/2"", ""file_sha256"": ""37eb8635e2952e74a2e39cfd62a20d3edb4def344f131b7ab04cada388371458""}",world/pages/maps/g03_n103.md,/broadcast_metadata/gating
3,494,聒噪鸟,20,broadcast:34:4:3,3:103,50号水路,4,Thursday,神奥(Sinnoh),20,"{""path"": ""encounters_research/out/encounters.json"", ""json_pointer"": ""/broadcast/entries/34/sets/1/species/3"", ""file_sha256"": ""37eb8635e2952e74a2e39cfd62a20d3edb4def344f131b7ab04cada388371458""}",world/pages/maps/g03_n103.md,/broadcast_metadata/gating
0,1111,贪心栗鼠,40,broadcast:34:0:0,3:103,50号水路,0,Sunday,伽勒尔(Galar),40,"{""path"": ""encounters_research/out/encounters.json"", ""json_pointer"": ""/broadcast/entries/34/sets/2/species/0"", ""file_sha256"": ""37eb8635e2952e74a2e39cfd62a20d3edb4def344f131b7ab04cada388371458""}",world/pages/maps/g03_n103.md,/broadcast_metadata/gating
1,1137,古月鸟,20,broadcast:34:0:1,3:103,50号水路,0,Sunday,伽勒尔(Galar),20,"{""path"": ""encounters_research/out/encounters.json"", ""json_pointer"": ""/broadcast/entries/34/sets/2/species/1"", ""file_sha256"": ""37eb8635e2952e74a2e39cfd62a20d3edb4def344f131b7ab04cada388371458""}",world/pages/maps/g03_n103.md,/broadcast_metadata/gating
2,1125,咬咬龟,20,broadcast:34:0:2,3:103,50号水路,0,Sunday,伽勒尔(Galar),20,"{""path"": ""encounters_research/out/encounters.json"", ""json_pointer"": ""/broadcast/entries/34/sets/2/species/2"", ""file_sha256"": ""37eb8635e2952e74a2e39cfd62a20d3edb4def344f131b7ab04cada388371458""}",world/pages/maps/g03_n103.md,/broadcast_metadata/gating
3,1121,幼棉棉,20,broadcast:34:0:3,3:103,50号水路,0,Sunday,伽勒尔(Galar),20,"{""path"": ""encounters_research/out/encounters.json"", ""json_pointer"": ""/broadcast/entries/34/sets/2/species/3"", ""file_sha256"": ""37eb8635e2952e74a2e39cfd62a20d3edb4def344f131b7ab04cada388371458""}",world/pages/maps/g03_n103.md,/broadcast_metadata/gating
0,288,蛇纹熊,40,broadcast:35:3:0,3:102,50号水路,3,Wednesday,丰缘(Hoenn),40,"{""path"": ""encounters_research/out/encounters.json"", ""json_pointer"": ""/broadcast/entries/35/sets/0/species/0"", ""file_sha256"": ""37eb8635e2952e74a2e39cfd62a20d3edb4def344f131b7ab04cada388371458""}",world/pages/maps/g03_n102.md,/broadcast_metadata/gating
1,295,莲叶童子,20,broadcast:35:3:1,3:102,50号水路,3,Wednesday,丰缘(Hoenn),20,"{""path"": ""encounters_research/out/encounters.json"", ""json_pointer"": ""/broadcast/entries/35/sets/0/species/1"", ""file_sha256"": ""37eb8635e2952e74a2e39cfd62a20d3edb4def344f131b7ab04cada388371458""}",world/pages/maps/g03_n102.md,/broadcast_metadata/gating
2,358,青绵鸟,20,broadcast:35:3:2,3:102,50号水路,3,Wednesday,丰缘(Hoenn),20,"{""path"": ""encounters_research/out/encounters.json"", ""json_pointer"": ""/broadcast/entries/35/sets/0/species/2"", ""file_sha256"": ""37eb8635e2952e74a2e39cfd62a20d3edb4def344f131b7ab04cada388371458""}",world/pages/maps/g03_n102.md,/broadcast_metadata/gating
3,284,沼跃鱼,20,broadcast:35:3:3,3:102,50号水路,3,Wednesday,丰缘(Hoenn),20,"{""path"": ""encounters_research/out/encounters.json"", ""json_pointer"": ""/broadcast/entries/35/sets/0/species/3"", ""file_sha256"": ""37eb8635e2952e74a2e39cfd62a20d3edb4def344f131b7ab04cada388371458""}",world/pages/maps/g03_n102.md,/broadcast_metadata/gating
0,471,泳圈鼬,40,broadcast:35:4:0,3:102,50号水路,4,Thursday,神奥(Sinnoh),40,"{""path"": ""encounters_research/out/encounters.json"", ""json_pointer"": ""/broadcast/entries/35/sets/1/species/0"", ""file_sha256"": ""37eb8635e2952e74a2e39cfd62a20d3edb4def344f131b7ab04cada388371458""}",world/pages/maps/g03_n102.md,/broadcast_metadata/gating
1,506,不良蛙,20,broadcast:35:4:1,3:102,50号水路,4,Thursday,神奥(Sinnoh),20,"{""path"": ""encounters_research/out/encounters.json"", ""json_pointer"": ""/broadcast/entries/35/sets/1/species/1"", ""file_sha256"": ""37eb8635e2952e74a2e39cfd62a20d3edb4def344f131b7ab04cada388371458""}",world/pages/maps/g03_n102.md,/broadcast_metadata/gating
2,475,无壳海兔,20,broadcast:35:4:2,3:102,50号水路,4,Thursday,神奥(Sinnoh),20,"{""path"": ""encounters_research/out/encounters.json"", ""json_pointer"": ""/broadcast/entries/35/sets/1/species/2"", ""file_sha256"": ""37eb8635e2952e74a2e39cfd62a20d3edb4def344f131b7ab04cada388371458""}",world/pages/maps/g03_n102.md,/broadcast_metadata/gating
3,494,聒噪鸟,20,broadcast:35:4:3,3:102,50号水路,4,Thursday,神奥(Sinnoh),20,"{""path"": ""encounters_research/out/encounters.json"", ""json_pointer"": ""/broadcast/entries/35/sets/1/species/3"", ""file_sha256"": ""37eb8635e2952e74a2e39cfd62a20d3edb4def344f131b7ab04cada388371458""}",world/pages/maps/g03_n102.md,/broadcast_metadata/gating
0,1111,贪心栗鼠,40,broadcast:35:0:0,3:102,50号水路,0,Sunday,伽勒尔(Galar),40,"{""path"": ""encounters_research/out/encounters.json"", ""json_pointer"": ""/broadcast/entries/35/sets/2/species/0"", ""file_sha256"": ""37eb8635e2952e74a2e39cfd62a20d3edb4def344f131b7ab04cada388371458""}",world/pages/maps/g03_n102.md,/broadcast_metadata/gating
1,1137,古月鸟,20,broadcast:35:0:1,3:102,50号水路,0,Sunday,伽勒尔(Galar),20,"{""path"": ""encounters_research/out/encounters.json"", ""json_pointer"": ""/broadcast/entries/35/sets/2/species/1"", ""file_sha256"": ""37eb8635e2952e74a2e39cfd62a20d3edb4def344f131b7ab04cada388371458""}",world/pages/maps/g03_n102.md,/broadcast_metadata/gating
2,1125,咬咬龟,20,broadcast:35:0:2,3:102,50号水路,0,Sunday,伽勒尔(Galar),20,"{""path"": ""encounters_research/out/encounters.json"", ""json_pointer"": ""/broadcast/entries/35/sets/2/species/2"", ""file_sha256"": ""37eb8635e2952e74a2e39cfd62a20d3edb4def344f131b7ab04cada388371458""}",world/pages/maps/g03_n102.md,/broadcast_metadata/gating
3,1121,幼棉棉,20,broadcast:35:0:3,3:102,50号水路,0,Sunday,伽勒尔(Galar),20,"{""path"": ""encounters_research/out/encounters.json"", ""json_pointer"": ""/broadcast/entries/35/sets/2/species/3"", ""file_sha256"": ""37eb8635e2952e74a2e39cfd62a20d3edb4def344f131b7ab04cada388371458""}",world/pages/maps/g03_n102.md,/broadcast_metadata/gating
0,287,大狼犬,40,broadcast:36:3:0,3:105,50号水路,3,Wednesday,丰缘(Hoenn),40,"{""path"": ""encounters_research/out/encounters.json"", ""json_pointer"": ""/broadcast/entries/36/sets/0/species/0"", ""file_sha256"": ""37eb8635e2952e74a2e39cfd62a20d3edb4def344f131b7ab04cada388371458""}",world/pages/maps/g03_n105.md,/broadcast_metadata/gating
1,339,呆火驼,20,broadcast:36:3:1,3:105,50号水路,3,Wednesday,丰缘(Hoenn),20,"{""path"": ""encounters_research/out/encounters.json"", ""json_pointer"": ""/broadcast/entries/36/sets/0/species/1"", ""file_sha256"": ""37eb8635e2952e74a2e39cfd62a20d3edb4def344f131b7ab04cada388371458""}",world/pages/maps/g03_n105.md,/broadcast_metadata/gating
2,352,噗噗猪,20,broadcast:36:3:2,3:105,50号水路,3,Wednesday,丰缘(Hoenn),20,"{""path"": ""encounters_research/out/encounters.json"", ""json_pointer"": ""/broadcast/entries/36/sets/0/species/2"", ""file_sha256"": ""37eb8635e2952e74a2e39cfd62a20d3edb4def344f131b7ab04cada388371458""}",world/pages/maps/g03_n105.md,/broadcast_metadata/gating
3,358,青绵鸟,20,broadcast:36:3:3,3:105,50号水路,3,Wednesday,丰缘(Hoenn),20,"{""path"": ""encounters_research/out/encounters.json"", ""json_pointer"": ""/broadcast/entries/36/sets/0/species/3"", ""file_sha256"": ""37eb8635e2952e74a2e39cfd62a20d3edb4def344f131b7ab04cada388371458""}",world/pages/maps/g03_n105.md,/broadcast_metadata/gating
0,471,泳圈鼬,40,broadcast:36:4:0,3:105,50号水路,4,Thursday,神奥(Sinnoh),40,"{""path"": ""encounters_research/out/encounters.json"", ""json_pointer"": ""/broadcast/entries/36/sets/1/species/0"", ""file_sha256"": ""37eb8635e2952e74a2e39cfd62a20d3edb4def344f131b7ab04cada388371458""}",world/pages/maps/g03_n105.md,/broadcast_metadata/gating
1,506,不良蛙,20,broadcast:36:4:1,3:105,50号水路,4,Thursday,神奥(Sinnoh),20,"{""path"": ""encounters_research/out/encounters.json"", ""json_pointer"": ""/broadcast/entries/36/sets/1/species/1"", ""file_sha256"": ""37eb8635e2952e74a2e39cfd62a20d3edb4def344f131b7ab04cada388371458""}",world/pages/maps/g03_n105.md,/broadcast_metadata/gating
2,508,尖牙笼,20,broadcast:36:4:2,3:105,50号水路,4,Thursday,神奥(Sinnoh),20,"{""path"": ""encounters_research/out/encounters.json"", ""json_pointer"": ""/broadcast/entries/36/sets/1/species/2"", ""file_sha256"": ""37eb8635e2952e74a2e39cfd62a20d3edb4def344f131b7ab04cada388371458""}",world/pages/maps/g03_n105.md,/broadcast_metadata/gating
3,505,龙王蝎,20,broadcast:36:4:3,3:105,50号水路,4,Thursday,神奥(Sinnoh),20,"{""path"": ""encounters_research/out/encounters.json"", ""json_pointer"": ""/broadcast/entries/36/sets/1/species/3"", ""file_sha256"": ""37eb8635e2952e74a2e39cfd62a20d3edb4def344f131b7ab04cada388371458""}",world/pages/maps/g03_n105.md,/broadcast_metadata/gating
0,1135,沙包蛇,40,broadcast:36:0:0,3:105,50号水路,0,Sunday,伽勒尔(Galar),40,"{""path"": ""encounters_research/out/encounters.json"", ""json_pointer"": ""/broadcast/entries/36/sets/2/species/0"", ""file_sha256"": ""37eb8635e2952e74a2e39cfd62a20d3edb4def344f131b7ab04cada388371458""}",world/pages/maps/g03_n105.md,/broadcast_metadata/gating
1,1137,古月鸟,20,broadcast:36:0:1,3:105,50号水路,0,Sunday,伽勒尔(Galar),20,"{""path"": ""encounters_research/out/encounters.json"", ""json_pointer"": ""/broadcast/entries/36/sets/2/species/1"", ""file_sha256"": ""37eb8635e2952e74a2e39cfd62a20d3edb4def344f131b7ab04cada388371458""}",world/pages/maps/g03_n105.md,/broadcast_metadata/gating
2,1125,咬咬龟,20,broadcast:36:0:2,3:105,50号水路,0,Sunday,伽勒尔(Galar),20,"{""path"": ""encounters_research/out/encounters.json"", ""json_pointer"": ""/broadcast/entries/36/sets/2/species/2"", ""file_sha256"": ""37eb8635e2952e74a2e39cfd62a20d3edb4def344f131b7ab04cada388371458""}",world/pages/maps/g03_n105.md,/broadcast_metadata/gating
3,1166,巨石丁,20,broadcast:36:0:3,3:105,50号水路,0,Sunday,伽勒尔(Galar),20,"{""path"": ""encounters_research/out/encounters.json"", ""json_pointer"": ""/broadcast/entries/36/sets/2/species/3"", ""file_sha256"": ""37eb8635e2952e74a2e39cfd62a20d3edb4def344f131b7ab04cada388371458""}",world/pages/maps/g03_n105.md,/broadcast_metadata/gating
0,376,阿勃梭鲁,40,broadcast:37:3:0,3:104,51号水路,3,Wednesday,丰缘(Hoenn),40,"{""path"": ""encounters_research/out/encounters.json"", ""json_pointer"": ""/broadcast/entries/37/sets/0/species/0"", ""file_sha256"": ""37eb8635e2952e74a2e39cfd62a20d3edb4def344f131b7ab04cada388371458""}",world/pages/maps/g03_n104.md,/broadcast_metadata/gating
1,306,蘑蘑菇,20,broadcast:37:3:1,3:104,51号水路,3,Wednesday,丰缘(Hoenn),20,"{""path"": ""encounters_research/out/encounters.json"", ""json_pointer"": ""/broadcast/entries/37/sets/0/species/1"", ""file_sha256"": ""37eb8635e2952e74a2e39cfd62a20d3edb4def344f131b7ab04cada388371458""}",world/pages/maps/g03_n104.md,/broadcast_metadata/gating
2,304,傲骨燕,20,broadcast:37:3:2,3:104,51号水路,3,Wednesday,丰缘(Hoenn),20,"{""path"": ""encounters_research/out/encounters.json"", ""json_pointer"": ""/broadcast/entries/37/sets/0/species/2"", ""file_sha256"": ""37eb8635e2952e74a2e39cfd62a20d3edb4def344f131b7ab04cada388371458""}",world/pages/maps/g03_n104.md,/broadcast_metadata/gating
3,277,木守宫,20,broadcast:37:3:3,3:104,51号水路,3,Wednesday,丰缘(Hoenn),20,"{""path"": ""encounters_research/out/encounters.json"", ""json_pointer"": ""/broadcast/entries/37/sets/0/species/3"", ""file_sha256"": ""37eb8635e2952e74a2e39cfd62a20d3edb4def344f131b7ab04cada388371458""}",world/pages/maps/g03_n104.md,/broadcast_metadata/gating
0,465,结草儿,40,broadcast:37:4:0,3:104,51号水路,4,Thursday,神奥(Sinnoh),40,"{""path"": ""encounters_research/out/encounters.json"", ""json_pointer"": ""/broadcast/entries/37/sets/1/species/0"", ""file_sha256"": ""37eb8635e2952e74a2e39cfd62a20d3edb4def344f131b7ab04cada388371458""}",world/pages/maps/g03_n104.md,/broadcast_metadata/gating
1,473,樱花宝,20,broadcast:37:4:1,3:104,51号水路,4,Thursday,神奥(Sinnoh),20,"{""path"": ""encounters_research/out/encounters.json"", ""json_pointer"": ""/broadcast/entries/37/sets/1/species/1"", ""file_sha256"": ""37eb8635e2952e74a2e39cfd62a20d3edb4def344f131b7ab04cada388371458""}",world/pages/maps/g03_n104.md,/broadcast_metadata/gating
2,480,卷卷耳,20,broadcast:37:4:2,3:104,51号水路,4,Thursday,神奥(Sinnoh),20,"{""path"": ""encounters_research/out/encounters.json"", ""json_pointer"": ""/broadcast/entries/37/sets/1/species/2"", ""file_sha256"": ""37eb8635e2952e74a2e39cfd62a20d3edb4def344f131b7ab04cada388371458""}",world/pages/maps/g03_n104.md,/broadcast_metadata/gating
3,440,草苗龟,20,broadcast:37:4:3,3:104,51号水路,4,Thursday,神奥(Sinnoh),20,"{""path"": ""encounters_research/out/encounters.json"", ""json_pointer"": ""/broadcast/entries/37/sets/1/species/3"", ""file_sha256"": ""37eb8635e2952e74a2e39cfd62a20d3edb4def344f131b7ab04cada388371458""}",world/pages/maps/g03_n104.md,/broadcast_metadata/gating
0,1123,毛辫羊,40,broadcast:37:0:0,3:104,51号水路,0,Sunday,伽勒尔(Galar),40,"{""path"": ""encounters_research/out/encounters.json"", ""json_pointer"": ""/broadcast/entries/37/sets/2/species/0"", ""file_sha256"": ""37eb8635e2952e74a2e39cfd62a20d3edb4def344f131b7ab04cada388371458""}",world/pages/maps/g03_n104.md,/broadcast_metadata/gating
1,1114,蓝鸦,20,broadcast:37:0:1,3:104,51号水路,0,Sunday,伽勒尔(Galar),20,"{""path"": ""encounters_research/out/encounters.json"", ""json_pointer"": ""/broadcast/entries/37/sets/2/species/1"", ""file_sha256"": ""37eb8635e2952e74a2e39cfd62a20d3edb4def344f131b7ab04cada388371458""}",world/pages/maps/g03_n104.md,/broadcast_metadata/gating
2,1116,索侦虫,20,broadcast:37:0:2,3:104,51号水路,0,Sunday,伽勒尔(Galar),20,"{""path"": ""encounters_research/out/encounters.json"", ""json_pointer"": ""/broadcast/entries/37/sets/2/species/2"", ""file_sha256"": ""37eb8635e2952e74a2e39cfd62a20d3edb4def344f131b7ab04cada388371458""}",world/pages/maps/g03_n104.md,/broadcast_metadata/gating
3,1121,幼棉棉,20,broadcast:37:0:3,3:104,51号水路,0,Sunday,伽勒尔(Galar),20,"{""path"": ""encounters_research/out/encounters.json"", ""json_pointer"": ""/broadcast/entries/37/sets/2/species/3"", ""file_sha256"": ""37eb8635e2952e74a2e39cfd62a20d3edb4def344f131b7ab04cada388371458""}",world/pages/maps/g03_n104.md,/broadcast_metadata/gating
0,315,向尾喵,40,broadcast:38:3:0,3:46,34号道路,3,Wednesday,丰缘(Hoenn),40,"{""path"": ""encounters_research/out/encounters.json"", ""json_pointer"": ""/broadcast/entries/38/sets/0/species/0"", ""file_sha256"": ""37eb8635e2952e74a2e39cfd62a20d3edb4def344f131b7ab04cada388371458""}",world/pages/maps/g03_n046.md,/broadcast_metadata/gating
1,353,正电拍拍,20,broadcast:38:3:1,3:46,34号道路,3,Wednesday,丰缘(Hoenn),20,"{""path"": ""encounters_research/out/encounters.json"", ""json_pointer"": ""/broadcast/entries/38/sets/0/species/1"", ""file_sha256"": ""37eb8635e2952e74a2e39cfd62a20d3edb4def344f131b7ab04cada388371458""}",world/pages/maps/g03_n046.md,/broadcast_metadata/gating
2,354,负电拍拍,20,broadcast:38:3:2,3:46,34号道路,3,Wednesday,丰缘(Hoenn),20,"{""path"": ""encounters_research/out/encounters.json"", ""json_pointer"": ""/broadcast/entries/38/sets/0/species/2"", ""file_sha256"": ""37eb8635e2952e74a2e39cfd62a20d3edb4def344f131b7ab04cada388371458""}",world/pages/maps/g03_n046.md,/broadcast_metadata/gating
3,354,负电拍拍,20,broadcast:38:3:3,3:46,34号道路,3,Wednesday,丰缘(Hoenn),20,"{""path"": ""encounters_research/out/encounters.json"", ""json_pointer"": ""/broadcast/entries/38/sets/0/species/3"", ""file_sha256"": ""37eb8635e2952e74a2e39cfd62a20d3edb4def344f131b7ab04cada388371458""}",world/pages/maps/g03_n046.md,/broadcast_metadata/gating
0,470,帕奇利兹,40,broadcast:38:4:0,3:46,34号道路,4,Thursday,神奥(Sinnoh),40,"{""path"": ""encounters_research/out/encounters.json"", ""json_pointer"": ""/broadcast/entries/38/sets/1/species/0"", ""file_sha256"": ""37eb8635e2952e74a2e39cfd62a20d3edb4def344f131b7ab04cada388371458""}",world/pages/maps/g03_n046.md,/broadcast_metadata/gating
1,484,魅力喵,20,broadcast:38:4:1,3:46,34号道路,4,Thursday,神奥(Sinnoh),20,"{""path"": ""encounters_research/out/encounters.json"", ""json_pointer"": ""/broadcast/entries/38/sets/1/species/1"", ""file_sha256"": ""37eb8635e2952e74a2e39cfd62a20d3edb4def344f131b7ab04cada388371458""}",world/pages/maps/g03_n046.md,/broadcast_metadata/gating
2,449,姆克儿,20,broadcast:38:4:2,3:46,34号道路,4,Thursday,神奥(Sinnoh),20,"{""path"": ""encounters_research/out/encounters.json"", ""json_pointer"": ""/broadcast/entries/38/sets/1/species/2"", ""file_sha256"": ""37eb8635e2952e74a2e39cfd62a20d3edb4def344f131b7ab04cada388371458""}",world/pages/maps/g03_n046.md,/broadcast_metadata/gating
3,449,姆克儿,20,broadcast:38:4:3,3:46,34号道路,4,Thursday,神奥(Sinnoh),20,"{""path"": ""encounters_research/out/encounters.json"", ""json_pointer"": ""/broadcast/entries/38/sets/1/species/3"", ""file_sha256"": ""37eb8635e2952e74a2e39cfd62a20d3edb4def344f131b7ab04cada388371458""}",world/pages/maps/g03_n046.md,/broadcast_metadata/gating
0,1123,毛辫羊,40,broadcast:38:0:0,3:46,34号道路,0,Sunday,伽勒尔(Galar),40,"{""path"": ""encounters_research/out/encounters.json"", ""json_pointer"": ""/broadcast/entries/38/sets/2/species/0"", ""file_sha256"": ""37eb8635e2952e74a2e39cfd62a20d3edb4def344f131b7ab04cada388371458""}",world/pages/maps/g03_n046.md,/broadcast_metadata/gating
1,1127,来电汪,20,broadcast:38:0:1,3:46,34号道路,0,Sunday,伽勒尔(Galar),20,"{""path"": ""encounters_research/out/encounters.json"", ""json_pointer"": ""/broadcast/entries/38/sets/2/species/1"", ""file_sha256"": ""37eb8635e2952e74a2e39cfd62a20d3edb4def344f131b7ab04cada388371458""}",world/pages/maps/g03_n046.md,/broadcast_metadata/gating
2,1121,幼棉棉,20,broadcast:38:0:2,3:46,34号道路,0,Sunday,伽勒尔(Galar),20,"{""path"": ""encounters_research/out/encounters.json"", ""json_pointer"": ""/broadcast/entries/38/sets/2/species/2"", ""file_sha256"": ""37eb8635e2952e74a2e39cfd62a20d3edb4def344f131b7ab04cada388371458""}",world/pages/maps/g03_n046.md,/broadcast_metadata/gating
3,1121,幼棉棉,20,broadcast:38:0:3,3:46,34号道路,0,Sunday,伽勒尔(Galar),20,"{""path"": ""encounters_research/out/encounters.json"", ""json_pointer"": ""/broadcast/entries/38/sets/2/species/3"", ""file_sha256"": ""37eb8635e2952e74a2e39cfd62a20d3edb4def344f131b7ab04cada388371458""}",world/pages/maps/g03_n046.md,/broadcast_metadata/gating
0,364,懒人獭,40,broadcast:39:3:0,3:49,41号水路,3,Wednesday,丰缘(Hoenn),40,"{""path"": ""encounters_research/out/encounters.json"", ""json_pointer"": ""/broadcast/entries/39/sets/0/species/0"", ""file_sha256"": ""37eb8635e2952e74a2e39cfd62a20d3edb4def344f131b7ab04cada388371458""}",world/pages/maps/g03_n049.md,/broadcast_metadata/gating
1,306,蘑蘑菇,20,broadcast:39:3:1,3:49,41号水路,3,Wednesday,丰缘(Hoenn),20,"{""path"": ""encounters_research/out/encounters.json"", ""json_pointer"": ""/broadcast/entries/39/sets/0/species/1"", ""file_sha256"": ""37eb8635e2952e74a2e39cfd62a20d3edb4def344f131b7ab04cada388371458""}",world/pages/maps/g03_n049.md,/broadcast_metadata/gating
2,304,傲骨燕,20,broadcast:39:3:2,3:49,41号水路,3,Wednesday,丰缘(Hoenn),20,"{""path"": ""encounters_research/out/encounters.json"", ""json_pointer"": ""/broadcast/entries/39/sets/0/species/2"", ""file_sha256"": ""37eb8635e2952e74a2e39cfd62a20d3edb4def344f131b7ab04cada388371458""}",world/pages/maps/g03_n049.md,/broadcast_metadata/gating
3,304,傲骨燕,20,broadcast:39:3:3,3:49,41号水路,3,Wednesday,丰缘(Hoenn),20,"{""path"": ""encounters_research/out/encounters.json"", ""json_pointer"": ""/broadcast/entries/39/sets/0/species/3"", ""file_sha256"": ""37eb8635e2952e74a2e39cfd62a20d3edb4def344f131b7ab04cada388371458""}",world/pages/maps/g03_n049.md,/broadcast_metadata/gating
0,465,结草儿,40,broadcast:39:4:0,3:49,41号水路,4,Thursday,神奥(Sinnoh),40,"{""path"": ""encounters_research/out/encounters.json"", ""json_pointer"": ""/broadcast/entries/39/sets/1/species/0"", ""file_sha256"": ""37eb8635e2952e74a2e39cfd62a20d3edb4def344f131b7ab04cada388371458""}",world/pages/maps/g03_n049.md,/broadcast_metadata/gating
1,468,三蜜蜂,20,broadcast:39:4:1,3:49,41号水路,4,Thursday,神奥(Sinnoh),20,"{""path"": ""encounters_research/out/encounters.json"", ""json_pointer"": ""/broadcast/entries/39/sets/1/species/1"", ""file_sha256"": ""37eb8635e2952e74a2e39cfd62a20d3edb4def344f131b7ab04cada388371458""}",world/pages/maps/g03_n049.md,/broadcast_metadata/gating
2,473,樱花宝,20,broadcast:39:4:2,3:49,41号水路,4,Thursday,神奥(Sinnoh),20,"{""path"": ""encounters_research/out/encounters.json"", ""json_pointer"": ""/broadcast/entries/39/sets/1/species/2"", ""file_sha256"": ""37eb8635e2952e74a2e39cfd62a20d3edb4def344f131b7ab04cada388371458""}",world/pages/maps/g03_n049.md,/broadcast_metadata/gating
3,473,樱花宝,20,broadcast:39:4:3,3:49,41号水路,4,Thursday,神奥(Sinnoh),20,"{""path"": ""encounters_research/out/encounters.json"", ""json_pointer"": ""/broadcast/entries/39/sets/1/species/3"", ""file_sha256"": ""37eb8635e2952e74a2e39cfd62a20d3edb4def344f131b7ab04cada388371458""}",world/pages/maps/g03_n049.md,/broadcast_metadata/gating
0,1116,索侦虫,40,broadcast:39:0:0,3:49,41号水路,0,Sunday,伽勒尔(Galar),40,"{""path"": ""encounters_research/out/encounters.json"", ""json_pointer"": ""/broadcast/entries/39/sets/2/species/0"", ""file_sha256"": ""37eb8635e2952e74a2e39cfd62a20d3edb4def344f131b7ab04cada388371458""}",world/pages/maps/g03_n049.md,/broadcast_metadata/gating
1,1113,稚山雀,20,broadcast:39:0:1,3:49,41号水路,0,Sunday,伽勒尔(Galar),20,"{""path"": ""encounters_research/out/encounters.json"", ""json_pointer"": ""/broadcast/entries/39/sets/2/species/1"", ""file_sha256"": ""37eb8635e2952e74a2e39cfd62a20d3edb4def344f131b7ab04cada388371458""}",world/pages/maps/g03_n049.md,/broadcast_metadata/gating
2,1121,幼棉棉,20,broadcast:39:0:2,3:49,41号水路,0,Sunday,伽勒尔(Galar),20,"{""path"": ""encounters_research/out/encounters.json"", ""json_pointer"": ""/broadcast/entries/39/sets/2/species/2"", ""file_sha256"": ""37eb8635e2952e74a2e39cfd62a20d3edb4def344f131b7ab04cada388371458""}",world/pages/maps/g03_n049.md,/broadcast_metadata/gating
3,1121,幼棉棉,20,broadcast:39:0:3,3:49,41号水路,0,Sunday,伽勒尔(Galar),20,"{""path"": ""encounters_research/out/encounters.json"", ""json_pointer"": ""/broadcast/entries/39/sets/2/species/3"", ""file_sha256"": ""37eb8635e2952e74a2e39cfd62a20d3edb4def344f131b7ab04cada388371458""}",world/pages/maps/g03_n049.md,/broadcast_metadata/gating
0,337,落雷兽,40,broadcast:40:3:0,3:81,27号道路,3,Wednesday,丰缘(Hoenn),40,"{""path"": ""encounters_research/out/encounters.json"", ""json_pointer"": ""/broadcast/entries/40/sets/0/species/0"", ""file_sha256"": ""37eb8635e2952e74a2e39cfd62a20d3edb4def344f131b7ab04cada388371458""}",world/pages/maps/g03_n081.md,/broadcast_metadata/gating
1,358,青绵鸟,20,broadcast:40:3:1,3:81,27号道路,3,Wednesday,丰缘(Hoenn),20,"{""path"": ""encounters_research/out/encounters.json"", ""json_pointer"": ""/broadcast/entries/40/sets/0/species/1"", ""file_sha256"": ""37eb8635e2952e74a2e39cfd62a20d3edb4def344f131b7ab04cada388371458""}",world/pages/maps/g03_n081.md,/broadcast_metadata/gating
2,380,猫鼬斩,20,broadcast:40:3:2,3:81,27号道路,3,Wednesday,丰缘(Hoenn),20,"{""path"": ""encounters_research/out/encounters.json"", ""json_pointer"": ""/broadcast/entries/40/sets/0/species/2"", ""file_sha256"": ""37eb8635e2952e74a2e39cfd62a20d3edb4def344f131b7ab04cada388371458""}",world/pages/maps/g03_n081.md,/broadcast_metadata/gating
3,380,猫鼬斩,20,broadcast:40:3:3,3:81,27号道路,3,Wednesday,丰缘(Hoenn),20,"{""path"": ""encounters_research/out/encounters.json"", ""json_pointer"": ""/broadcast/entries/40/sets/0/species/3"", ""file_sha256"": ""37eb8635e2952e74a2e39cfd62a20d3edb4def344f131b7ab04cada388371458""}",world/pages/maps/g03_n081.md,/broadcast_metadata/gating
0,456,小猫怪,40,broadcast:40:4:0,3:81,27号道路,4,Thursday,神奥(Sinnoh),40,"{""path"": ""encounters_research/out/encounters.json"", ""json_pointer"": ""/broadcast/entries/40/sets/1/species/0"", ""file_sha256"": ""37eb8635e2952e74a2e39cfd62a20d3edb4def344f131b7ab04cada388371458""}",world/pages/maps/g03_n081.md,/broadcast_metadata/gating
1,487,臭鼬噗,20,broadcast:40:4:1,3:81,27号道路,4,Thursday,神奥(Sinnoh),20,"{""path"": ""encounters_research/out/encounters.json"", ""json_pointer"": ""/broadcast/entries/40/sets/1/species/1"", ""file_sha256"": ""37eb8635e2952e74a2e39cfd62a20d3edb4def344f131b7ab04cada388371458""}",world/pages/maps/g03_n081.md,/broadcast_metadata/gating
2,470,帕奇利兹,20,broadcast:40:4:2,3:81,27号道路,4,Thursday,神奥(Sinnoh),20,"{""path"": ""encounters_research/out/encounters.json"", ""json_pointer"": ""/broadcast/entries/40/sets/1/species/2"", ""file_sha256"": ""37eb8635e2952e74a2e39cfd62a20d3edb4def344f131b7ab04cada388371458""}",world/pages/maps/g03_n081.md,/broadcast_metadata/gating
3,470,帕奇利兹,20,broadcast:40:4:3,3:81,27号道路,4,Thursday,神奥(Sinnoh),20,"{""path"": ""encounters_research/out/encounters.json"", ""json_pointer"": ""/broadcast/entries/40/sets/1/species/3"", ""file_sha256"": ""37eb8635e2952e74a2e39cfd62a20d3edb4def344f131b7ab04cada388371458""}",world/pages/maps/g03_n081.md,/broadcast_metadata/gating
0,1127,来电汪,40,broadcast:40:0:0,3:81,27号道路,0,Sunday,伽勒尔(Galar),40,"{""path"": ""encounters_research/out/encounters.json"", ""json_pointer"": ""/broadcast/entries/40/sets/2/species/0"", ""file_sha256"": ""37eb8635e2952e74a2e39cfd62a20d3edb4def344f131b7ab04cada388371458""}",world/pages/maps/g03_n081.md,/broadcast_metadata/gating
1,1119,偷儿狐,20,broadcast:40:0:1,3:81,27号道路,0,Sunday,伽勒尔(Galar),20,"{""path"": ""encounters_research/out/encounters.json"", ""json_pointer"": ""/broadcast/entries/40/sets/2/species/1"", ""file_sha256"": ""37eb8635e2952e74a2e39cfd62a20d3edb4def344f131b7ab04cada388371458""}",world/pages/maps/g03_n081.md,/broadcast_metadata/gating
2,1162,列阵兵,20,broadcast:40:0:2,3:81,27号道路,0,Sunday,伽勒尔(Galar),20,"{""path"": ""encounters_research/out/encounters.json"", ""json_pointer"": ""/broadcast/entries/40/sets/2/species/2"", ""file_sha256"": ""37eb8635e2952e74a2e39cfd62a20d3edb4def344f131b7ab04cada388371458""}",world/pages/maps/g03_n081.md,/broadcast_metadata/gating
3,1162,列阵兵,20,broadcast:40:0:3,3:81,27号道路,0,Sunday,伽勒尔(Galar),20,"{""path"": ""encounters_research/out/encounters.json"", ""json_pointer"": ""/broadcast/entries/40/sets/2/species/3"", ""file_sha256"": ""37eb8635e2952e74a2e39cfd62a20d3edb4def344f131b7ab04cada388371458""}",world/pages/maps/g03_n081.md,/broadcast_metadata/gating
0,288,蛇纹熊,40,broadcast:41:3:0,3:99,43号道路,3,Wednesday,丰缘(Hoenn),40,"{""path"": ""encounters_research/out/encounters.json"", ""json_pointer"": ""/broadcast/entries/41/sets/0/species/0"", ""file_sha256"": ""37eb8635e2952e74a2e39cfd62a20d3edb4def344f131b7ab04cada388371458""}",world/pages/maps/g03_n099.md,/broadcast_metadata/gating
1,315,向尾喵,20,broadcast:41:3:1,3:99,43号道路,3,Wednesday,丰缘(Hoenn),20,"{""path"": ""encounters_research/out/encounters.json"", ""json_pointer"": ""/broadcast/entries/41/sets/0/species/1"", ""file_sha256"": ""37eb8635e2952e74a2e39cfd62a20d3edb4def344f131b7ab04cada388371458""}",world/pages/maps/g03_n099.md,/broadcast_metadata/gating
2,337,落雷兽,20,broadcast:41:3:2,3:99,43号道路,3,Wednesday,丰缘(Hoenn),20,"{""path"": ""encounters_research/out/encounters.json"", ""json_pointer"": ""/broadcast/entries/41/sets/0/species/2"", ""file_sha256"": ""37eb8635e2952e74a2e39cfd62a20d3edb4def344f131b7ab04cada388371458""}",world/pages/maps/g03_n099.md,/broadcast_metadata/gating
3,337,落雷兽,20,broadcast:41:3:3,3:99,43号道路,3,Wednesday,丰缘(Hoenn),20,"{""path"": ""encounters_research/out/encounters.json"", ""json_pointer"": ""/broadcast/entries/41/sets/0/species/3"", ""file_sha256"": ""37eb8635e2952e74a2e39cfd62a20d3edb4def344f131b7ab04cada388371458""}",world/pages/maps/g03_n099.md,/broadcast_metadata/gating
0,449,姆克儿,40,broadcast:41:4:0,3:99,43号道路,4,Thursday,神奥(Sinnoh),40,"{""path"": ""encounters_research/out/encounters.json"", ""json_pointer"": ""/broadcast/entries/41/sets/1/species/0"", ""file_sha256"": ""37eb8635e2952e74a2e39cfd62a20d3edb4def344f131b7ab04cada388371458""}",world/pages/maps/g03_n099.md,/broadcast_metadata/gating
1,459,含羞苞,20,broadcast:41:4:1,3:99,43号道路,4,Thursday,神奥(Sinnoh),20,"{""path"": ""encounters_research/out/encounters.json"", ""json_pointer"": ""/broadcast/entries/41/sets/1/species/1"", ""file_sha256"": ""37eb8635e2952e74a2e39cfd62a20d3edb4def344f131b7ab04cada388371458""}",world/pages/maps/g03_n099.md,/broadcast_metadata/gating
2,470,帕奇利兹,20,broadcast:41:4:2,3:99,43号道路,4,Thursday,神奥(Sinnoh),20,"{""path"": ""encounters_research/out/encounters.json"", ""json_pointer"": ""/broadcast/entries/41/sets/1/species/2"", ""file_sha256"": ""37eb8635e2952e74a2e39cfd62a20d3edb4def344f131b7ab04cada388371458""}",world/pages/maps/g03_n099.md,/broadcast_metadata/gating
3,470,帕奇利兹,20,broadcast:41:4:3,3:99,43号道路,4,Thursday,神奥(Sinnoh),20,"{""path"": ""encounters_research/out/encounters.json"", ""json_pointer"": ""/broadcast/entries/41/sets/1/species/3"", ""file_sha256"": ""37eb8635e2952e74a2e39cfd62a20d3edb4def344f131b7ab04cada388371458""}",world/pages/maps/g03_n099.md,/broadcast_metadata/gating
0,1123,毛辫羊,40,broadcast:41:0:0,3:99,43号道路,0,Sunday,伽勒尔(Galar),40,"{""path"": ""encounters_research/out/encounters.json"", ""json_pointer"": ""/broadcast/entries/41/sets/2/species/0"", ""file_sha256"": ""37eb8635e2952e74a2e39cfd62a20d3edb4def344f131b7ab04cada388371458""}",world/pages/maps/g03_n099.md,/broadcast_metadata/gating
1,1127,来电汪,20,broadcast:41:0:1,3:99,43号道路,0,Sunday,伽勒尔(Galar),20,"{""path"": ""encounters_research/out/encounters.json"", ""json_pointer"": ""/broadcast/entries/41/sets/2/species/1"", ""file_sha256"": ""37eb8635e2952e74a2e39cfd62a20d3edb4def344f131b7ab04cada388371458""}",world/pages/maps/g03_n099.md,/broadcast_metadata/gating
2,1111,贪心栗鼠,20,broadcast:41:0:2,3:99,43号道路,0,Sunday,伽勒尔(Galar),20,"{""path"": ""encounters_research/out/encounters.json"", ""json_pointer"": ""/broadcast/entries/41/sets/2/species/2"", ""file_sha256"": ""37eb8635e2952e74a2e39cfd62a20d3edb4def344f131b7ab04cada388371458""}",world/pages/maps/g03_n099.md,/broadcast_metadata/gating
3,1111,贪心栗鼠,20,broadcast:41:0:3,3:99,43号道路,0,Sunday,伽勒尔(Galar),20,"{""path"": ""encounters_research/out/encounters.json"", ""json_pointer"": ""/broadcast/entries/41/sets/2/species/3"", ""file_sha256"": ""37eb8635e2952e74a2e39cfd62a20d3edb4def344f131b7ab04cada388371458""}",world/pages/maps/g03_n099.md,/broadcast_metadata/gating
0,332,大颚蚁,40,broadcast:42:3:0,3:101,45号道路,3,Wednesday,丰缘(Hoenn),40,"{""path"": ""encounters_research/out/encounters.json"", ""json_pointer"": ""/broadcast/entries/42/sets/0/species/0"", ""file_sha256"": ""37eb8635e2952e74a2e39cfd62a20d3edb4def344f131b7ab04cada388371458""}",world/pages/maps/g03_n101.md,/broadcast_metadata/gating
1,333,超音波幼虫,20,broadcast:42:3:1,3:101,45号道路,3,Wednesday,丰缘(Hoenn),20,"{""path"": ""encounters_research/out/encounters.json"", ""json_pointer"": ""/broadcast/entries/42/sets/0/species/1"", ""file_sha256"": ""37eb8635e2952e74a2e39cfd62a20d3edb4def344f131b7ab04cada388371458""}",world/pages/maps/g03_n101.md,/broadcast_metadata/gating
2,382,可可多拉,20,broadcast:42:3:2,3:101,45号道路,3,Wednesday,丰缘(Hoenn),20,"{""path"": ""encounters_research/out/encounters.json"", ""json_pointer"": ""/broadcast/entries/42/sets/0/species/2"", ""file_sha256"": ""37eb8635e2952e74a2e39cfd62a20d3edb4def344f131b7ab04cada388371458""}",world/pages/maps/g03_n101.md,/broadcast_metadata/gating
3,382,可可多拉,20,broadcast:42:3:3,3:101,45号道路,3,Wednesday,丰缘(Hoenn),20,"{""path"": ""encounters_research/out/encounters.json"", ""json_pointer"": ""/broadcast/entries/42/sets/0/species/3"", ""file_sha256"": ""37eb8635e2952e74a2e39cfd62a20d3edb4def344f131b7ab04cada388371458""}",world/pages/maps/g03_n101.md,/broadcast_metadata/gating
0,502,沙河马,40,broadcast:42:4:0,3:101,45号道路,4,Thursday,神奥(Sinnoh),40,"{""path"": ""encounters_research/out/encounters.json"", ""json_pointer"": ""/broadcast/entries/42/sets/1/species/0"", ""file_sha256"": ""37eb8635e2952e74a2e39cfd62a20d3edb4def344f131b7ab04cada388371458""}",world/pages/maps/g03_n101.md,/broadcast_metadata/gating
1,504,钳尾蝎,20,broadcast:42:4:1,3:101,45号道路,4,Thursday,神奥(Sinnoh),20,"{""path"": ""encounters_research/out/encounters.json"", ""json_pointer"": ""/broadcast/entries/42/sets/1/species/1"", ""file_sha256"": ""37eb8635e2952e74a2e39cfd62a20d3edb4def344f131b7ab04cada388371458""}",world/pages/maps/g03_n101.md,/broadcast_metadata/gating
2,489,铜镜怪,20,broadcast:42:4:2,3:101,45号道路,4,Thursday,神奥(Sinnoh),20,"{""path"": ""encounters_research/out/encounters.json"", ""json_pointer"": ""/broadcast/entries/42/sets/1/species/2"", ""file_sha256"": ""37eb8635e2952e74a2e39cfd62a20d3edb4def344f131b7ab04cada388371458""}",world/pages/maps/g03_n101.md,/broadcast_metadata/gating
3,489,铜镜怪,20,broadcast:42:4:3,3:101,45号道路,4,Thursday,神奥(Sinnoh),20,"{""path"": ""encounters_research/out/encounters.json"", ""json_pointer"": ""/broadcast/entries/42/sets/1/species/3"", ""file_sha256"": ""37eb8635e2952e74a2e39cfd62a20d3edb4def344f131b7ab04cada388371458""}",world/pages/maps/g03_n101.md,/broadcast_metadata/gating
0,1129,小炭仔,40,broadcast:42:0:0,3:101,45号道路,0,Sunday,伽勒尔(Galar),40,"{""path"": ""encounters_research/out/encounters.json"", ""json_pointer"": ""/broadcast/entries/42/sets/2/species/0"", ""file_sha256"": ""37eb8635e2952e74a2e39cfd62a20d3edb4def344f131b7ab04cada388371458""}",world/pages/maps/g03_n101.md,/broadcast_metadata/gating
1,1135,沙包蛇,20,broadcast:42:0:1,3:101,45号道路,0,Sunday,伽勒尔(Galar),20,"{""path"": ""encounters_research/out/encounters.json"", ""json_pointer"": ""/broadcast/entries/42/sets/2/species/1"", ""file_sha256"": ""37eb8635e2952e74a2e39cfd62a20d3edb4def344f131b7ab04cada388371458""}",world/pages/maps/g03_n101.md,/broadcast_metadata/gating
2,1170,铜象,20,broadcast:42:0:2,3:101,45号道路,0,Sunday,伽勒尔(Galar),20,"{""path"": ""encounters_research/out/encounters.json"", ""json_pointer"": ""/broadcast/entries/42/sets/2/species/2"", ""file_sha256"": ""37eb8635e2952e74a2e39cfd62a20d3edb4def344f131b7ab04cada388371458""}",world/pages/maps/g03_n101.md,/broadcast_metadata/gating
3,1170,铜象,20,broadcast:42:0:3,3:101,45号道路,0,Sunday,伽勒尔(Galar),20,"{""path"": ""encounters_research/out/encounters.json"", ""json_pointer"": ""/broadcast/entries/42/sets/2/species/3"", ""file_sha256"": ""37eb8635e2952e74a2e39cfd62a20d3edb4def344f131b7ab04cada388371458""}",world/pages/maps/g03_n101.md,/broadcast_metadata/gating
0,295,莲叶童子,40,broadcast:43:3:0,56:17,不知名遗迹,3,Wednesday,丰缘(Hoenn),40,"{""path"": ""encounters_research/out/encounters.json"", ""json_pointer"": ""/broadcast/entries/43/sets/0/species/0"", ""file_sha256"": ""37eb8635e2952e74a2e39cfd62a20d3edb4def344f131b7ab04cada388371458""}",world/pages/maps/g56_n017.md,/broadcast_metadata/gating
1,306,蘑蘑菇,20,broadcast:43:3:1,56:17,不知名遗迹,3,Wednesday,丰缘(Hoenn),20,"{""path"": ""encounters_research/out/encounters.json"", ""json_pointer"": ""/broadcast/entries/43/sets/0/species/1"", ""file_sha256"": ""37eb8635e2952e74a2e39cfd62a20d3edb4def344f131b7ab04cada388371458""}",world/pages/maps/g56_n017.md,/broadcast_metadata/gating
2,304,傲骨燕,20,broadcast:43:3:2,56:17,不知名遗迹,3,Wednesday,丰缘(Hoenn),20,"{""path"": ""encounters_research/out/encounters.json"", ""json_pointer"": ""/broadcast/entries/43/sets/0/species/2"", ""file_sha256"": ""37eb8635e2952e74a2e39cfd62a20d3edb4def344f131b7ab04cada388371458""}",world/pages/maps/g56_n017.md,/broadcast_metadata/gating
3,304,傲骨燕,20,broadcast:43:3:3,56:17,不知名遗迹,3,Wednesday,丰缘(Hoenn),20,"{""path"": ""encounters_research/out/encounters.json"", ""json_pointer"": ""/broadcast/entries/43/sets/0/species/3"", ""file_sha256"": ""37eb8635e2952e74a2e39cfd62a20d3edb4def344f131b7ab04cada388371458""}",world/pages/maps/g56_n017.md,/broadcast_metadata/gating
0,459,含羞苞,40,broadcast:43:4:0,56:17,不知名遗迹,4,Thursday,神奥(Sinnoh),40,"{""path"": ""encounters_research/out/encounters.json"", ""json_pointer"": ""/broadcast/entries/43/sets/1/species/0"", ""file_sha256"": ""37eb8635e2952e74a2e39cfd62a20d3edb4def344f131b7ab04cada388371458""}",world/pages/maps/g56_n017.md,/broadcast_metadata/gating
1,465,结草儿,20,broadcast:43:4:1,56:17,不知名遗迹,4,Thursday,神奥(Sinnoh),20,"{""path"": ""encounters_research/out/encounters.json"", ""json_pointer"": ""/broadcast/entries/43/sets/1/species/1"", ""file_sha256"": ""37eb8635e2952e74a2e39cfd62a20d3edb4def344f131b7ab04cada388371458""}",world/pages/maps/g56_n017.md,/broadcast_metadata/gating
2,473,樱花宝,20,broadcast:43:4:2,56:17,不知名遗迹,4,Thursday,神奥(Sinnoh),20,"{""path"": ""encounters_research/out/encounters.json"", ""json_pointer"": ""/broadcast/entries/43/sets/1/species/2"", ""file_sha256"": ""37eb8635e2952e74a2e39cfd62a20d3edb4def344f131b7ab04cada388371458""}",world/pages/maps/g56_n017.md,/broadcast_metadata/gating
3,473,樱花宝,20,broadcast:43:4:3,56:17,不知名遗迹,4,Thursday,神奥(Sinnoh),20,"{""path"": ""encounters_research/out/encounters.json"", ""json_pointer"": ""/broadcast/entries/43/sets/1/species/3"", ""file_sha256"": ""37eb8635e2952e74a2e39cfd62a20d3edb4def344f131b7ab04cada388371458""}",world/pages/maps/g56_n017.md,/broadcast_metadata/gating
0,1146,来悲茶,40,broadcast:43:0:0,56:17,不知名遗迹,0,Sunday,伽勒尔(Galar),40,"{""path"": ""encounters_research/out/encounters.json"", ""json_pointer"": ""/broadcast/entries/43/sets/2/species/0"", ""file_sha256"": ""37eb8635e2952e74a2e39cfd62a20d3edb4def344f131b7ab04cada388371458""}",world/pages/maps/g56_n017.md,/broadcast_metadata/gating
1,1151,捣蛋小妖,20,broadcast:43:0:1,56:17,不知名遗迹,0,Sunday,伽勒尔(Galar),20,"{""path"": ""encounters_research/out/encounters.json"", ""json_pointer"": ""/broadcast/entries/43/sets/2/species/1"", ""file_sha256"": ""37eb8635e2952e74a2e39cfd62a20d3edb4def344f131b7ab04cada388371458""}",world/pages/maps/g56_n017.md,/broadcast_metadata/gating
2,1148,迷布莉姆,20,broadcast:43:0:2,56:17,不知名遗迹,0,Sunday,伽勒尔(Galar),20,"{""path"": ""encounters_research/out/encounters.json"", ""json_pointer"": ""/broadcast/entries/43/sets/2/species/2"", ""file_sha256"": ""37eb8635e2952e74a2e39cfd62a20d3edb4def344f131b7ab04cada388371458""}",world/pages/maps/g56_n017.md,/broadcast_metadata/gating
3,1148,迷布莉姆,20,broadcast:43:0:3,56:17,不知名遗迹,0,Sunday,伽勒尔(Galar),20,"{""path"": ""encounters_research/out/encounters.json"", ""json_pointer"": ""/broadcast/entries/43/sets/2/species/3"", ""file_sha256"": ""37eb8635e2952e74a2e39cfd62a20d3edb4def344f131b7ab04cada388371458""}",world/pages/maps/g56_n017.md,/broadcast_metadata/gating
0,361,夜巡灵,40,broadcast:44:3:0,56:18,不知名遗迹,3,Wednesday,丰缘(Hoenn),40,"{""path"": ""encounters_research/out/encounters.json"", ""json_pointer"": ""/broadcast/entries/44/sets/0/species/0"", ""file_sha256"": ""37eb8635e2952e74a2e39cfd62a20d3edb4def344f131b7ab04cada388371458""}",world/pages/maps/g56_n018.md,/broadcast_metadata/gating
1,377,怨影娃娃,20,broadcast:44:3:1,56:18,不知名遗迹,3,Wednesday,丰缘(Hoenn),20,"{""path"": ""encounters_research/out/encounters.json"", ""json_pointer"": ""/broadcast/entries/44/sets/0/species/1"", ""file_sha256"": ""37eb8635e2952e74a2e39cfd62a20d3edb4def344f131b7ab04cada388371458""}",world/pages/maps/g56_n018.md,/broadcast_metadata/gating
2,322,勾魂眼,20,broadcast:44:3:2,56:18,不知名遗迹,3,Wednesday,丰缘(Hoenn),20,"{""path"": ""encounters_research/out/encounters.json"", ""json_pointer"": ""/broadcast/entries/44/sets/0/species/2"", ""file_sha256"": ""37eb8635e2952e74a2e39cfd62a20d3edb4def344f131b7ab04cada388371458""}",world/pages/maps/g56_n018.md,/broadcast_metadata/gating
3,322,勾魂眼,20,broadcast:44:3:3,56:18,不知名遗迹,3,Wednesday,丰缘(Hoenn),20,"{""path"": ""encounters_research/out/encounters.json"", ""json_pointer"": ""/broadcast/entries/44/sets/0/species/3"", ""file_sha256"": ""37eb8635e2952e74a2e39cfd62a20d3edb4def344f131b7ab04cada388371458""}",world/pages/maps/g56_n018.md,/broadcast_metadata/gating
0,489,铜镜怪,40,broadcast:44:4:0,56:18,不知名遗迹,4,Thursday,神奥(Sinnoh),40,"{""path"": ""encounters_research/out/encounters.json"", ""json_pointer"": ""/broadcast/entries/44/sets/1/species/0"", ""file_sha256"": ""37eb8635e2952e74a2e39cfd62a20d3edb4def344f131b7ab04cada388371458""}",world/pages/maps/g56_n018.md,/broadcast_metadata/gating
1,486,铃铛响,20,broadcast:44:4:1,56:18,不知名遗迹,4,Thursday,神奥(Sinnoh),20,"{""path"": ""encounters_research/out/encounters.json"", ""json_pointer"": ""/broadcast/entries/44/sets/1/species/1"", ""file_sha256"": ""37eb8635e2952e74a2e39cfd62a20d3edb4def344f131b7ab04cada388371458""}",world/pages/maps/g56_n018.md,/broadcast_metadata/gating
2,484,魅力喵,20,broadcast:44:4:2,56:18,不知名遗迹,4,Thursday,神奥(Sinnoh),20,"{""path"": ""encounters_research/out/encounters.json"", ""json_pointer"": ""/broadcast/entries/44/sets/1/species/2"", ""file_sha256"": ""37eb8635e2952e74a2e39cfd62a20d3edb4def344f131b7ab04cada388371458""}",world/pages/maps/g56_n018.md,/broadcast_metadata/gating
3,484,魅力喵,20,broadcast:44:4:3,56:18,不知名遗迹,4,Thursday,神奥(Sinnoh),20,"{""path"": ""encounters_research/out/encounters.json"", ""json_pointer"": ""/broadcast/entries/44/sets/1/species/3"", ""file_sha256"": ""37eb8635e2952e74a2e39cfd62a20d3edb4def344f131b7ab04cada388371458""}",world/pages/maps/g56_n018.md,/broadcast_metadata/gating
0,1146,来悲茶,40,broadcast:44:0:0,56:18,不知名遗迹,0,Sunday,伽勒尔(Galar),40,"{""path"": ""encounters_research/out/encounters.json"", ""json_pointer"": ""/broadcast/entries/44/sets/2/species/0"", ""file_sha256"": ""37eb8635e2952e74a2e39cfd62a20d3edb4def344f131b7ab04cada388371458""}",world/pages/maps/g56_n018.md,/broadcast_metadata/gating
1,1151,捣蛋小妖,20,broadcast:44:0:1,56:18,不知名遗迹,0,Sunday,伽勒尔(Galar),20,"{""path"": ""encounters_research/out/encounters.json"", ""json_pointer"": ""/broadcast/entries/44/sets/2/species/1"", ""file_sha256"": ""37eb8635e2952e74a2e39cfd62a20d3edb4def344f131b7ab04cada388371458""}",world/pages/maps/g56_n018.md,/broadcast_metadata/gating
2,1148,迷布莉姆,20,broadcast:44:0:2,56:18,不知名遗迹,0,Sunday,伽勒尔(Galar),20,"{""path"": ""encounters_research/out/encounters.json"", ""json_pointer"": ""/broadcast/entries/44/sets/2/species/2"", ""file_sha256"": ""37eb8635e2952e74a2e39cfd62a20d3edb4def344f131b7ab04cada388371458""}",world/pages/maps/g56_n018.md,/broadcast_metadata/gating
3,1148,迷布莉姆,20,broadcast:44:0:3,56:18,不知名遗迹,0,Sunday,伽勒尔(Galar),20,"{""path"": ""encounters_research/out/encounters.json"", ""json_pointer"": ""/broadcast/entries/44/sets/2/species/3"", ""file_sha256"": ""37eb8635e2952e74a2e39cfd62a20d3edb4def344f131b7ab04cada388371458""}",world/pages/maps/g56_n018.md,/broadcast_metadata/gating
0,361,夜巡灵,40,broadcast:45:3:0,56:19,不知名遗迹,3,Wednesday,丰缘(Hoenn),40,"{""path"": ""encounters_research/out/encounters.json"", ""json_pointer"": ""/broadcast/entries/45/sets/0/species/0"", ""file_sha256"": ""37eb8635e2952e74a2e39cfd62a20d3edb4def344f131b7ab04cada388371458""}",world/pages/maps/g56_n019.md,/broadcast_metadata/gating
1,377,怨影娃娃,20,broadcast:45:3:1,56:19,不知名遗迹,3,Wednesday,丰缘(Hoenn),20,"{""path"": ""encounters_research/out/encounters.json"", ""json_pointer"": ""/broadcast/entries/45/sets/0/species/1"", ""file_sha256"": ""37eb8635e2952e74a2e39cfd62a20d3edb4def344f131b7ab04cada388371458""}",world/pages/maps/g56_n019.md,/broadcast_metadata/gating
2,322,勾魂眼,20,broadcast:45:3:2,56:19,不知名遗迹,3,Wednesday,丰缘(Hoenn),20,"{""path"": ""encounters_research/out/encounters.json"", ""json_pointer"": ""/broadcast/entries/45/sets/0/species/2"", ""file_sha256"": ""37eb8635e2952e74a2e39cfd62a20d3edb4def344f131b7ab04cada388371458""}",world/pages/maps/g56_n019.md,/broadcast_metadata/gating
3,322,勾魂眼,20,broadcast:45:3:3,56:19,不知名遗迹,3,Wednesday,丰缘(Hoenn),20,"{""path"": ""encounters_research/out/encounters.json"", ""json_pointer"": ""/broadcast/entries/45/sets/0/species/3"", ""file_sha256"": ""37eb8635e2952e74a2e39cfd62a20d3edb4def344f131b7ab04cada388371458""}",world/pages/maps/g56_n019.md,/broadcast_metadata/gating
0,489,铜镜怪,40,broadcast:45:4:0,56:19,不知名遗迹,4,Thursday,神奥(Sinnoh),40,"{""path"": ""encounters_research/out/encounters.json"", ""json_pointer"": ""/broadcast/entries/45/sets/1/species/0"", ""file_sha256"": ""37eb8635e2952e74a2e39cfd62a20d3edb4def344f131b7ab04cada388371458""}",world/pages/maps/g56_n019.md,/broadcast_metadata/gating
1,486,铃铛响,20,broadcast:45:4:1,56:19,不知名遗迹,4,Thursday,神奥(Sinnoh),20,"{""path"": ""encounters_research/out/encounters.json"", ""json_pointer"": ""/broadcast/entries/45/sets/1/species/1"", ""file_sha256"": ""37eb8635e2952e74a2e39cfd62a20d3edb4def344f131b7ab04cada388371458""}",world/pages/maps/g56_n019.md,/broadcast_metadata/gating
2,484,魅力喵,20,broadcast:45:4:2,56:19,不知名遗迹,4,Thursday,神奥(Sinnoh),20,"{""path"": ""encounters_research/out/encounters.json"", ""json_pointer"": ""/broadcast/entries/45/sets/1/species/2"", ""file_sha256"": ""37eb8635e2952e74a2e39cfd62a20d3edb4def344f131b7ab04cada388371458""}",world/pages/maps/g56_n019.md,/broadcast_metadata/gating
3,484,魅力喵,20,broadcast:45:4:3,56:19,不知名遗迹,4,Thursday,神奥(Sinnoh),20,"{""path"": ""encounters_research/out/encounters.json"", ""json_pointer"": ""/broadcast/entries/45/sets/1/species/3"", ""file_sha256"": ""37eb8635e2952e74a2e39cfd62a20d3edb4def344f131b7ab04cada388371458""}",world/pages/maps/g56_n019.md,/broadcast_metadata/gating
0,1146,来悲茶,40,broadcast:45:0:0,56:19,不知名遗迹,0,Sunday,伽勒尔(Galar),40,"{""path"": ""encounters_research/out/encounters.json"", ""json_pointer"": ""/broadcast/entries/45/sets/2/species/0"", ""file_sha256"": ""37eb8635e2952e74a2e39cfd62a20d3edb4def344f131b7ab04cada388371458""}",world/pages/maps/g56_n019.md,/broadcast_metadata/gating
1,1151,捣蛋小妖,20,broadcast:45:0:1,56:19,不知名遗迹,0,Sunday,伽勒尔(Galar),20,"{""path"": ""encounters_research/out/encounters.json"", ""json_pointer"": ""/broadcast/entries/45/sets/2/species/1"", ""file_sha256"": ""37eb8635e2952e74a2e39cfd62a20d3edb4def344f131b7ab04cada388371458""}",world/pages/maps/g56_n019.md,/broadcast_metadata/gating
2,1148,迷布莉姆,20,broadcast:45:0:2,56:19,不知名遗迹,0,Sunday,伽勒尔(Galar),20,"{""path"": ""encounters_research/out/encounters.json"", ""json_pointer"": ""/broadcast/entries/45/sets/2/species/2"", ""file_sha256"": ""37eb8635e2952e74a2e39cfd62a20d3edb4def344f131b7ab04cada388371458""}",world/pages/maps/g56_n019.md,/broadcast_metadata/gating
3,1148,迷布莉姆,20,broadcast:45:0:3,56:19,不知名遗迹,0,Sunday,伽勒尔(Galar),20,"{""path"": ""encounters_research/out/encounters.json"", ""json_pointer"": ""/broadcast/entries/45/sets/2/species/3"", ""file_sha256"": ""37eb8635e2952e74a2e39cfd62a20d3edb4def344f131b7ab04cada388371458""}",world/pages/maps/g56_n019.md,/broadcast_metadata/gating
0,361,夜巡灵,40,broadcast:46:3:0,56:20,不知名遗迹,3,Wednesday,丰缘(Hoenn),40,"{""path"": ""encounters_research/out/encounters.json"", ""json_pointer"": ""/broadcast/entries/46/sets/0/species/0"", ""file_sha256"": ""37eb8635e2952e74a2e39cfd62a20d3edb4def344f131b7ab04cada388371458""}",world/pages/maps/g56_n020.md,/broadcast_metadata/gating
1,377,怨影娃娃,20,broadcast:46:3:1,56:20,不知名遗迹,3,Wednesday,丰缘(Hoenn),20,"{""path"": ""encounters_research/out/encounters.json"", ""json_pointer"": ""/broadcast/entries/46/sets/0/species/1"", ""file_sha256"": ""37eb8635e2952e74a2e39cfd62a20d3edb4def344f131b7ab04cada388371458""}",world/pages/maps/g56_n020.md,/broadcast_metadata/gating
2,322,勾魂眼,20,broadcast:46:3:2,56:20,不知名遗迹,3,Wednesday,丰缘(Hoenn),20,"{""path"": ""encounters_research/out/encounters.json"", ""json_pointer"": ""/broadcast/entries/46/sets/0/species/2"", ""file_sha256"": ""37eb8635e2952e74a2e39cfd62a20d3edb4def344f131b7ab04cada388371458""}",world/pages/maps/g56_n020.md,/broadcast_metadata/gating
3,322,勾魂眼,20,broadcast:46:3:3,56:20,不知名遗迹,3,Wednesday,丰缘(Hoenn),20,"{""path"": ""encounters_research/out/encounters.json"", ""json_pointer"": ""/broadcast/entries/46/sets/0/species/3"", ""file_sha256"": ""37eb8635e2952e74a2e39cfd62a20d3edb4def344f131b7ab04cada388371458""}",world/pages/maps/g56_n020.md,/broadcast_metadata/gating
0,489,铜镜怪,40,broadcast:46:4:0,56:20,不知名遗迹,4,Thursday,神奥(Sinnoh),40,"{""path"": ""encounters_research/out/encounters.json"", ""json_pointer"": ""/broadcast/entries/46/sets/1/species/0"", ""file_sha256"": ""37eb8635e2952e74a2e39cfd62a20d3edb4def344f131b7ab04cada388371458""}",world/pages/maps/g56_n020.md,/broadcast_metadata/gating
1,486,铃铛响,20,broadcast:46:4:1,56:20,不知名遗迹,4,Thursday,神奥(Sinnoh),20,"{""path"": ""encounters_research/out/encounters.json"", ""json_pointer"": ""/broadcast/entries/46/sets/1/species/1"", ""file_sha256"": ""37eb8635e2952e74a2e39cfd62a20d3edb4def344f131b7ab04cada388371458""}",world/pages/maps/g56_n020.md,/broadcast_metadata/gating
2,484,魅力喵,20,broadcast:46:4:2,56:20,不知名遗迹,4,Thursday,神奥(Sinnoh),20,"{""path"": ""encounters_research/out/encounters.json"", ""json_pointer"": ""/broadcast/entries/46/sets/1/species/2"", ""file_sha256"": ""37eb8635e2952e74a2e39cfd62a20d3edb4def344f131b7ab04cada388371458""}",world/pages/maps/g56_n020.md,/broadcast_metadata/gating
3,484,魅力喵,20,broadcast:46:4:3,56:20,不知名遗迹,4,Thursday,神奥(Sinnoh),20,"{""path"": ""encounters_research/out/encounters.json"", ""json_pointer"": ""/broadcast/entries/46/sets/1/species/3"", ""file_sha256"": ""37eb8635e2952e74a2e39cfd62a20d3edb4def344f131b7ab04cada388371458""}",world/pages/maps/g56_n020.md,/broadcast_metadata/gating
0,1146,来悲茶,40,broadcast:46:0:0,56:20,不知名遗迹,0,Sunday,伽勒尔(Galar),40,"{""path"": ""encounters_research/out/encounters.json"", ""json_pointer"": ""/broadcast/entries/46/sets/2/species/0"", ""file_sha256"": ""37eb8635e2952e74a2e39cfd62a20d3edb4def344f131b7ab04cada388371458""}",world/pages/maps/g56_n020.md,/broadcast_metadata/gating
1,1151,捣蛋小妖,20,broadcast:46:0:1,56:20,不知名遗迹,0,Sunday,伽勒尔(Galar),20,"{""path"": ""encounters_research/out/encounters.json"", ""json_pointer"": ""/broadcast/entries/46/sets/2/species/1"", ""file_sha256"": ""37eb8635e2952e74a2e39cfd62a20d3edb4def344f131b7ab04cada388371458""}",world/pages/maps/g56_n020.md,/broadcast_metadata/gating
2,1148,迷布莉姆,20,broadcast:46:0:2,56:20,不知名遗迹,0,Sunday,伽勒尔(Galar),20,"{""path"": ""encounters_research/out/encounters.json"", ""json_pointer"": ""/broadcast/entries/46/sets/2/species/2"", ""file_sha256"": ""37eb8635e2952e74a2e39cfd62a20d3edb4def344f131b7ab04cada388371458""}",world/pages/maps/g56_n020.md,/broadcast_metadata/gating
3,1148,迷布莉姆,20,broadcast:46:0:3,56:20,不知名遗迹,0,Sunday,伽勒尔(Galar),20,"{""path"": ""encounters_research/out/encounters.json"", ""json_pointer"": ""/broadcast/entries/46/sets/2/species/3"", ""file_sha256"": ""37eb8635e2952e74a2e39cfd62a20d3edb4def344f131b7ab04cada388371458""}",world/pages/maps/g56_n020.md,/broadcast_metadata/gating
0,361,夜巡灵,40,broadcast:47:3:0,56:21,不知名遗迹,3,Wednesday,丰缘(Hoenn),40,"{""path"": ""encounters_research/out/encounters.json"", ""json_pointer"": ""/broadcast/entries/47/sets/0/species/0"", ""file_sha256"": ""37eb8635e2952e74a2e39cfd62a20d3edb4def344f131b7ab04cada388371458""}",world/pages/maps/g56_n021.md,/broadcast_metadata/gating
1,377,怨影娃娃,20,broadcast:47:3:1,56:21,不知名遗迹,3,Wednesday,丰缘(Hoenn),20,"{""path"": ""encounters_research/out/encounters.json"", ""json_pointer"": ""/broadcast/entries/47/sets/0/species/1"", ""file_sha256"": ""37eb8635e2952e74a2e39cfd62a20d3edb4def344f131b7ab04cada388371458""}",world/pages/maps/g56_n021.md,/broadcast_metadata/gating
2,322,勾魂眼,20,broadcast:47:3:2,56:21,不知名遗迹,3,Wednesday,丰缘(Hoenn),20,"{""path"": ""encounters_research/out/encounters.json"", ""json_pointer"": ""/broadcast/entries/47/sets/0/species/2"", ""file_sha256"": ""37eb8635e2952e74a2e39cfd62a20d3edb4def344f131b7ab04cada388371458""}",world/pages/maps/g56_n021.md,/broadcast_metadata/gating
3,322,勾魂眼,20,broadcast:47:3:3,56:21,不知名遗迹,3,Wednesday,丰缘(Hoenn),20,"{""path"": ""encounters_research/out/encounters.json"", ""json_pointer"": ""/broadcast/entries/47/sets/0/species/3"", ""file_sha256"": ""37eb8635e2952e74a2e39cfd62a20d3edb4def344f131b7ab04cada388371458""}",world/pages/maps/g56_n021.md,/broadcast_metadata/gating
0,489,铜镜怪,40,broadcast:47:4:0,56:21,不知名遗迹,4,Thursday,神奥(Sinnoh),40,"{""path"": ""encounters_research/out/encounters.json"", ""json_pointer"": ""/broadcast/entries/47/sets/1/species/0"", ""file_sha256"": ""37eb8635e2952e74a2e39cfd62a20d3edb4def344f131b7ab04cada388371458""}",world/pages/maps/g56_n021.md,/broadcast_metadata/gating
1,486,铃铛响,20,broadcast:47:4:1,56:21,不知名遗迹,4,Thursday,神奥(Sinnoh),20,"{""path"": ""encounters_research/out/encounters.json"", ""json_pointer"": ""/broadcast/entries/47/sets/1/species/1"", ""file_sha256"": ""37eb8635e2952e74a2e39cfd62a20d3edb4def344f131b7ab04cada388371458""}",world/pages/maps/g56_n021.md,/broadcast_metadata/gating
2,484,魅力喵,20,broadcast:47:4:2,56:21,不知名遗迹,4,Thursday,神奥(Sinnoh),20,"{""path"": ""encounters_research/out/encounters.json"", ""json_pointer"": ""/broadcast/entries/47/sets/1/species/2"", ""file_sha256"": ""37eb8635e2952e74a2e39cfd62a20d3edb4def344f131b7ab04cada388371458""}",world/pages/maps/g56_n021.md,/broadcast_metadata/gating
3,484,魅力喵,20,broadcast:47:4:3,56:21,不知名遗迹,4,Thursday,神奥(Sinnoh),20,"{""path"": ""encounters_research/out/encounters.json"", ""json_pointer"": ""/broadcast/entries/47/sets/1/species/3"", ""file_sha256"": ""37eb8635e2952e74a2e39cfd62a20d3edb4def344f131b7ab04cada388371458""}",world/pages/maps/g56_n021.md,/broadcast_metadata/gating
0,1146,来悲茶,40,broadcast:47:0:0,56:21,不知名遗迹,0,Sunday,伽勒尔(Galar),40,"{""path"": ""encounters_research/out/encounters.json"", ""json_pointer"": ""/broadcast/entries/47/sets/2/species/0"", ""file_sha256"": ""37eb8635e2952e74a2e39cfd62a20d3edb4def344f131b7ab04cada388371458""}",world/pages/maps/g56_n021.md,/broadcast_metadata/gating
1,1151,捣蛋小妖,20,broadcast:47:0:1,56:21,不知名遗迹,0,Sunday,伽勒尔(Galar),20,"{""path"": ""encounters_research/out/encounters.json"", ""json_pointer"": ""/broadcast/entries/47/sets/2/species/1"", ""file_sha256"": ""37eb8635e2952e74a2e39cfd62a20d3edb4def344f131b7ab04cada388371458""}",world/pages/maps/g56_n021.md,/broadcast_metadata/gating
2,1148,迷布莉姆,20,broadcast:47:0:2,56:21,不知名遗迹,0,Sunday,伽勒尔(Galar),20,"{""path"": ""encounters_research/out/encounters.json"", ""json_pointer"": ""/broadcast/entries/47/sets/2/species/2"", ""file_sha256"": ""37eb8635e2952e74a2e39cfd62a20d3edb4def344f131b7ab04cada388371458""}",world/pages/maps/g56_n021.md,/broadcast_metadata/gating
3,1148,迷布莉姆,20,broadcast:47:0:3,56:21,不知名遗迹,0,Sunday,伽勒尔(Galar),20,"{""path"": ""encounters_research/out/encounters.json"", ""json_pointer"": ""/broadcast/entries/47/sets/2/species/3"", ""file_sha256"": ""37eb8635e2952e74a2e39cfd62a20d3edb4def344f131b7ab04cada388371458""}",world/pages/maps/g56_n021.md,/broadcast_metadata/gating
0,361,夜巡灵,40,broadcast:48:3:0,56:22,不知名遗迹,3,Wednesday,丰缘(Hoenn),40,"{""path"": ""encounters_research/out/encounters.json"", ""json_pointer"": ""/broadcast/entries/48/sets/0/species/0"", ""file_sha256"": ""37eb8635e2952e74a2e39cfd62a20d3edb4def344f131b7ab04cada388371458""}",world/pages/maps/g56_n022.md,/broadcast_metadata/gating
1,377,怨影娃娃,20,broadcast:48:3:1,56:22,不知名遗迹,3,Wednesday,丰缘(Hoenn),20,"{""path"": ""encounters_research/out/encounters.json"", ""json_pointer"": ""/broadcast/entries/48/sets/0/species/1"", ""file_sha256"": ""37eb8635e2952e74a2e39cfd62a20d3edb4def344f131b7ab04cada388371458""}",world/pages/maps/g56_n022.md,/broadcast_metadata/gating
2,322,勾魂眼,20,broadcast:48:3:2,56:22,不知名遗迹,3,Wednesday,丰缘(Hoenn),20,"{""path"": ""encounters_research/out/encounters.json"", ""json_pointer"": ""/broadcast/entries/48/sets/0/species/2"", ""file_sha256"": ""37eb8635e2952e74a2e39cfd62a20d3edb4def344f131b7ab04cada388371458""}",world/pages/maps/g56_n022.md,/broadcast_metadata/gating
3,322,勾魂眼,20,broadcast:48:3:3,56:22,不知名遗迹,3,Wednesday,丰缘(Hoenn),20,"{""path"": ""encounters_research/out/encounters.json"", ""json_pointer"": ""/broadcast/entries/48/sets/0/species/3"", ""file_sha256"": ""37eb8635e2952e74a2e39cfd62a20d3edb4def344f131b7ab04cada388371458""}",world/pages/maps/g56_n022.md,/broadcast_metadata/gating
0,489,铜镜怪,40,broadcast:48:4:0,56:22,不知名遗迹,4,Thursday,神奥(Sinnoh),40,"{""path"": ""encounters_research/out/encounters.json"", ""json_pointer"": ""/broadcast/entries/48/sets/1/species/0"", ""file_sha256"": ""37eb8635e2952e74a2e39cfd62a20d3edb4def344f131b7ab04cada388371458""}",world/pages/maps/g56_n022.md,/broadcast_metadata/gating
1,486,铃铛响,20,broadcast:48:4:1,56:22,不知名遗迹,4,Thursday,神奥(Sinnoh),20,"{""path"": ""encounters_research/out/encounters.json"", ""json_pointer"": ""/broadcast/entries/48/sets/1/species/1"", ""file_sha256"": ""37eb8635e2952e74a2e39cfd62a20d3edb4def344f131b7ab04cada388371458""}",world/pages/maps/g56_n022.md,/broadcast_metadata/gating
2,484,魅力喵,20,broadcast:48:4:2,56:22,不知名遗迹,4,Thursday,神奥(Sinnoh),20,"{""path"": ""encounters_research/out/encounters.json"", ""json_pointer"": ""/broadcast/entries/48/sets/1/species/2"", ""file_sha256"": ""37eb8635e2952e74a2e39cfd62a20d3edb4def344f131b7ab04cada388371458""}",world/pages/maps/g56_n022.md,/broadcast_metadata/gating
3,484,魅力喵,20,broadcast:48:4:3,56:22,不知名遗迹,4,Thursday,神奥(Sinnoh),20,"{""path"": ""encounters_research/out/encounters.json"", ""json_pointer"": ""/broadcast/entries/48/sets/1/species/3"", ""file_sha256"": ""37eb8635e2952e74a2e39cfd62a20d3edb4def344f131b7ab04cada388371458""}",world/pages/maps/g56_n022.md,/broadcast_metadata/gating
0,1146,来悲茶,40,broadcast:48:0:0,56:22,不知名遗迹,0,Sunday,伽勒尔(Galar),40,"{""path"": ""encounters_research/out/encounters.json"", ""json_pointer"": ""/broadcast/entries/48/sets/2/species/0"", ""file_sha256"": ""37eb8635e2952e74a2e39cfd62a20d3edb4def344f131b7ab04cada388371458""}",world/pages/maps/g56_n022.md,/broadcast_metadata/gating
1,1151,捣蛋小妖,20,broadcast:48:0:1,56:22,不知名遗迹,0,Sunday,伽勒尔(Galar),20,"{""path"": ""encounters_research/out/encounters.json"", ""json_pointer"": ""/broadcast/entries/48/sets/2/species/1"", ""file_sha256"": ""37eb8635e2952e74a2e39cfd62a20d3edb4def344f131b7ab04cada388371458""}",world/pages/maps/g56_n022.md,/broadcast_metadata/gating
2,1148,迷布莉姆,20,broadcast:48:0:2,56:22,不知名遗迹,0,Sunday,伽勒尔(Galar),20,"{""path"": ""encounters_research/out/encounters.json"", ""json_pointer"": ""/broadcast/entries/48/sets/2/species/2"", ""file_sha256"": ""37eb8635e2952e74a2e39cfd62a20d3edb4def344f131b7ab04cada388371458""}",world/pages/maps/g56_n022.md,/broadcast_metadata/gating
3,1148,迷布莉姆,20,broadcast:48:0:3,56:22,不知名遗迹,0,Sunday,伽勒尔(Galar),20,"{""path"": ""encounters_research/out/encounters.json"", ""json_pointer"": ""/broadcast/entries/48/sets/2/species/3"", ""file_sha256"": ""37eb8635e2952e74a2e39cfd62a20d3edb4def344f131b7ab04cada388371458""}",world/pages/maps/g56_n022.md,/broadcast_metadata/gating
0,320,朝北鼻,40,broadcast:49:3:0,1:97,寂静之丘,3,Wednesday,丰缘(Hoenn),40,"{""path"": ""encounters_research/out/encounters.json"", ""json_pointer"": ""/broadcast/entries/49/sets/0/species/0"", ""file_sha256"": ""37eb8635e2952e74a2e39cfd62a20d3edb4def344f131b7ab04cada388371458""}",world/pages/maps/g01_n097.md,/broadcast_metadata/gating
1,361,夜巡灵,20,broadcast:49:3:1,1:97,寂静之丘,3,Wednesday,丰缘(Hoenn),20,"{""path"": ""encounters_research/out/encounters.json"", ""json_pointer"": ""/broadcast/entries/49/sets/0/species/1"", ""file_sha256"": ""37eb8635e2952e74a2e39cfd62a20d3edb4def344f131b7ab04cada388371458""}",world/pages/maps/g01_n097.md,/broadcast_metadata/gating
2,377,怨影娃娃,20,broadcast:49:3:2,1:97,寂静之丘,3,Wednesday,丰缘(Hoenn),20,"{""path"": ""encounters_research/out/encounters.json"", ""json_pointer"": ""/broadcast/entries/49/sets/0/species/2"", ""file_sha256"": ""37eb8635e2952e74a2e39cfd62a20d3edb4def344f131b7ab04cada388371458""}",world/pages/maps/g01_n097.md,/broadcast_metadata/gating
3,377,怨影娃娃,20,broadcast:49:3:3,1:97,寂静之丘,3,Wednesday,丰缘(Hoenn),20,"{""path"": ""encounters_research/out/encounters.json"", ""json_pointer"": ""/broadcast/entries/49/sets/0/species/3"", ""file_sha256"": ""37eb8635e2952e74a2e39cfd62a20d3edb4def344f131b7ab04cada388371458""}",world/pages/maps/g01_n097.md,/broadcast_metadata/gating
0,489,铜镜怪,40,broadcast:49:4:0,1:97,寂静之丘,4,Thursday,神奥(Sinnoh),40,"{""path"": ""encounters_research/out/encounters.json"", ""json_pointer"": ""/broadcast/entries/49/sets/1/species/0"", ""file_sha256"": ""37eb8635e2952e74a2e39cfd62a20d3edb4def344f131b7ab04cada388371458""}",world/pages/maps/g01_n097.md,/broadcast_metadata/gating
1,478,飘飘球,20,broadcast:49:4:1,1:97,寂静之丘,4,Thursday,神奥(Sinnoh),20,"{""path"": ""encounters_research/out/encounters.json"", ""json_pointer"": ""/broadcast/entries/49/sets/1/species/1"", ""file_sha256"": ""37eb8635e2952e74a2e39cfd62a20d3edb4def344f131b7ab04cada388371458""}",world/pages/maps/g01_n097.md,/broadcast_metadata/gating
2,486,铃铛响,20,broadcast:49:4:2,1:97,寂静之丘,4,Thursday,神奥(Sinnoh),20,"{""path"": ""encounters_research/out/encounters.json"", ""json_pointer"": ""/broadcast/entries/49/sets/1/species/2"", ""file_sha256"": ""37eb8635e2952e74a2e39cfd62a20d3edb4def344f131b7ab04cada388371458""}",world/pages/maps/g01_n097.md,/broadcast_metadata/gating
3,486,铃铛响,20,broadcast:49:4:3,1:97,寂静之丘,4,Thursday,神奥(Sinnoh),20,"{""path"": ""encounters_research/out/encounters.json"", ""json_pointer"": ""/broadcast/entries/49/sets/1/species/3"", ""file_sha256"": ""37eb8635e2952e74a2e39cfd62a20d3edb4def344f131b7ab04cada388371458""}",world/pages/maps/g01_n097.md,/broadcast_metadata/gating
0,1129,小炭仔,40,broadcast:49:0:0,1:97,寂静之丘,0,Sunday,伽勒尔(Galar),40,"{""path"": ""encounters_research/out/encounters.json"", ""json_pointer"": ""/broadcast/entries/49/sets/2/species/0"", ""file_sha256"": ""37eb8635e2952e74a2e39cfd62a20d3edb4def344f131b7ab04cada388371458""}",world/pages/maps/g01_n097.md,/broadcast_metadata/gating
1,1146,来悲茶,20,broadcast:49:0:1,1:97,寂静之丘,0,Sunday,伽勒尔(Galar),20,"{""path"": ""encounters_research/out/encounters.json"", ""json_pointer"": ""/broadcast/entries/49/sets/2/species/1"", ""file_sha256"": ""37eb8635e2952e74a2e39cfd62a20d3edb4def344f131b7ab04cada388371458""}",world/pages/maps/g01_n097.md,/broadcast_metadata/gating
2,660,烛光灵,20,broadcast:49:0:2,1:97,寂静之丘,0,Sunday,伽勒尔(Galar),20,"{""path"": ""encounters_research/out/encounters.json"", ""json_pointer"": ""/broadcast/entries/49/sets/2/species/2"", ""file_sha256"": ""37eb8635e2952e74a2e39cfd62a20d3edb4def344f131b7ab04cada388371458""}",world/pages/maps/g01_n097.md,/broadcast_metadata/gating
3,660,烛光灵,20,broadcast:49:0:3,1:97,寂静之丘,0,Sunday,伽勒尔(Galar),20,"{""path"": ""encounters_research/out/encounters.json"", ""json_pointer"": ""/broadcast/entries/49/sets/2/species/3"", ""file_sha256"": ""37eb8635e2952e74a2e39cfd62a20d3edb4def344f131b7ab04cada388371458""}",world/pages/maps/g01_n097.md,/broadcast_metadata/gating
0,320,朝北鼻,40,broadcast:50:3:0,1:98,寂静之丘,3,Wednesday,丰缘(Hoenn),40,"{""path"": ""encounters_research/out/encounters.json"", ""json_pointer"": ""/broadcast/entries/50/sets/0/species/0"", ""file_sha256"": ""37eb8635e2952e74a2e39cfd62a20d3edb4def344f131b7ab04cada388371458""}",world/pages/maps/g01_n098.md,/broadcast_metadata/gating
1,361,夜巡灵,20,broadcast:50:3:1,1:98,寂静之丘,3,Wednesday,丰缘(Hoenn),20,"{""path"": ""encounters_research/out/encounters.json"", ""json_pointer"": ""/broadcast/entries/50/sets/0/species/1"", ""file_sha256"": ""37eb8635e2952e74a2e39cfd62a20d3edb4def344f131b7ab04cada388371458""}",world/pages/maps/g01_n098.md,/broadcast_metadata/gating
2,377,怨影娃娃,20,broadcast:50:3:2,1:98,寂静之丘,3,Wednesday,丰缘(Hoenn),20,"{""path"": ""encounters_research/out/encounters.json"", ""json_pointer"": ""/broadcast/entries/50/sets/0/species/2"", ""file_sha256"": ""37eb8635e2952e74a2e39cfd62a20d3edb4def344f131b7ab04cada388371458""}",world/pages/maps/g01_n098.md,/broadcast_metadata/gating
3,377,怨影娃娃,20,broadcast:50:3:3,1:98,寂静之丘,3,Wednesday,丰缘(Hoenn),20,"{""path"": ""encounters_research/out/encounters.json"", ""json_pointer"": ""/broadcast/entries/50/sets/0/species/3"", ""file_sha256"": ""37eb8635e2952e74a2e39cfd62a20d3edb4def344f131b7ab04cada388371458""}",world/pages/maps/g01_n098.md,/broadcast_metadata/gating
0,489,铜镜怪,40,broadcast:50:4:0,1:98,寂静之丘,4,Thursday,神奥(Sinnoh),40,"{""path"": ""encounters_research/out/encounters.json"", ""json_pointer"": ""/broadcast/entries/50/sets/1/species/0"", ""file_sha256"": ""37eb8635e2952e74a2e39cfd62a20d3edb4def344f131b7ab04cada388371458""}",world/pages/maps/g01_n098.md,/broadcast_metadata/gating
1,478,飘飘球,20,broadcast:50:4:1,1:98,寂静之丘,4,Thursday,神奥(Sinnoh),20,"{""path"": ""encounters_research/out/encounters.json"", ""json_pointer"": ""/broadcast/entries/50/sets/1/species/1"", ""file_sha256"": ""37eb8635e2952e74a2e39cfd62a20d3edb4def344f131b7ab04cada388371458""}",world/pages/maps/g01_n098.md,/broadcast_metadata/gating
2,486,铃铛响,20,broadcast:50:4:2,1:98,寂静之丘,4,Thursday,神奥(Sinnoh),20,"{""path"": ""encounters_research/out/encounters.json"", ""json_pointer"": ""/broadcast/entries/50/sets/1/species/2"", ""file_sha256"": ""37eb8635e2952e74a2e39cfd62a20d3edb4def344f131b7ab04cada388371458""}",world/pages/maps/g01_n098.md,/broadcast_metadata/gating
3,486,铃铛响,20,broadcast:50:4:3,1:98,寂静之丘,4,Thursday,神奥(Sinnoh),20,"{""path"": ""encounters_research/out/encounters.json"", ""json_pointer"": ""/broadcast/entries/50/sets/1/species/3"", ""file_sha256"": ""37eb8635e2952e74a2e39cfd62a20d3edb4def344f131b7ab04cada388371458""}",world/pages/maps/g01_n098.md,/broadcast_metadata/gating
0,1129,小炭仔,40,broadcast:50:0:0,1:98,寂静之丘,0,Sunday,伽勒尔(Galar),40,"{""path"": ""encounters_research/out/encounters.json"", ""json_pointer"": ""/broadcast/entries/50/sets/2/species/0"", ""file_sha256"": ""37eb8635e2952e74a2e39cfd62a20d3edb4def344f131b7ab04cada388371458""}",world/pages/maps/g01_n098.md,/broadcast_metadata/gating
1,1146,来悲茶,20,broadcast:50:0:1,1:98,寂静之丘,0,Sunday,伽勒尔(Galar),20,"{""path"": ""encounters_research/out/encounters.json"", ""json_pointer"": ""/broadcast/entries/50/sets/2/species/1"", ""file_sha256"": ""37eb8635e2952e74a2e39cfd62a20d3edb4def344f131b7ab04cada388371458""}",world/pages/maps/g01_n098.md,/broadcast_metadata/gating
2,660,烛光灵,20,broadcast:50:0:2,1:98,寂静之丘,0,Sunday,伽勒尔(Galar),20,"{""path"": ""encounters_research/out/encounters.json"", ""json_pointer"": ""/broadcast/entries/50/sets/2/species/2"", ""file_sha256"": ""37eb8635e2952e74a2e39cfd62a20d3edb4def344f131b7ab04cada388371458""}",world/pages/maps/g01_n098.md,/broadcast_metadata/gating
3,660,烛光灵,20,broadcast:50:0:3,1:98,寂静之丘,0,Sunday,伽勒尔(Galar),20,"{""path"": ""encounters_research/out/encounters.json"", ""json_pointer"": ""/broadcast/entries/50/sets/2/species/3"", ""file_sha256"": ""37eb8635e2952e74a2e39cfd62a20d3edb4def344f131b7ab04cada388371458""}",world/pages/maps/g01_n098.md,/broadcast_metadata/gating
0,320,朝北鼻,40,broadcast:51:3:0,1:100,寂静之丘,3,Wednesday,丰缘(Hoenn),40,"{""path"": ""encounters_research/out/encounters.json"", ""json_pointer"": ""/broadcast/entries/51/sets/0/species/0"", ""file_sha256"": ""37eb8635e2952e74a2e39cfd62a20d3edb4def344f131b7ab04cada388371458""}",world/pages/maps/g01_n100.md,/broadcast_metadata/gating
1,361,夜巡灵,20,broadcast:51:3:1,1:100,寂静之丘,3,Wednesday,丰缘(Hoenn),20,"{""path"": ""encounters_research/out/encounters.json"", ""json_pointer"": ""/broadcast/entries/51/sets/0/species/1"", ""file_sha256"": ""37eb8635e2952e74a2e39cfd62a20d3edb4def344f131b7ab04cada388371458""}",world/pages/maps/g01_n100.md,/broadcast_metadata/gating
2,377,怨影娃娃,20,broadcast:51:3:2,1:100,寂静之丘,3,Wednesday,丰缘(Hoenn),20,"{""path"": ""encounters_research/out/encounters.json"", ""json_pointer"": ""/broadcast/entries/51/sets/0/species/2"", ""file_sha256"": ""37eb8635e2952e74a2e39cfd62a20d3edb4def344f131b7ab04cada388371458""}",world/pages/maps/g01_n100.md,/broadcast_metadata/gating
3,377,怨影娃娃,20,broadcast:51:3:3,1:100,寂静之丘,3,Wednesday,丰缘(Hoenn),20,"{""path"": ""encounters_research/out/encounters.json"", ""json_pointer"": ""/broadcast/entries/51/sets/0/species/3"", ""file_sha256"": ""37eb8635e2952e74a2e39cfd62a20d3edb4def344f131b7ab04cada388371458""}",world/pages/maps/g01_n100.md,/broadcast_metadata/gating
0,489,铜镜怪,40,broadcast:51:4:0,1:100,寂静之丘,4,Thursday,神奥(Sinnoh),40,"{""path"": ""encounters_research/out/encounters.json"", ""json_pointer"": ""/broadcast/entries/51/sets/1/species/0"", ""file_sha256"": ""37eb8635e2952e74a2e39cfd62a20d3edb4def344f131b7ab04cada388371458""}",world/pages/maps/g01_n100.md,/broadcast_metadata/gating
1,478,飘飘球,20,broadcast:51:4:1,1:100,寂静之丘,4,Thursday,神奥(Sinnoh),20,"{""path"": ""encounters_research/out/encounters.json"", ""json_pointer"": ""/broadcast/entries/51/sets/1/species/1"", ""file_sha256"": ""37eb8635e2952e74a2e39cfd62a20d3edb4def344f131b7ab04cada388371458""}",world/pages/maps/g01_n100.md,/broadcast_metadata/gating
2,486,铃铛响,20,broadcast:51:4:2,1:100,寂静之丘,4,Thursday,神奥(Sinnoh),20,"{""path"": ""encounters_research/out/encounters.json"", ""json_pointer"": ""/broadcast/entries/51/sets/1/species/2"", ""file_sha256"": ""37eb8635e2952e74a2e39cfd62a20d3edb4def344f131b7ab04cada388371458""}",world/pages/maps/g01_n100.md,/broadcast_metadata/gating
3,486,铃铛响,20,broadcast:51:4:3,1:100,寂静之丘,4,Thursday,神奥(Sinnoh),20,"{""path"": ""encounters_research/out/encounters.json"", ""json_pointer"": ""/broadcast/entries/51/sets/1/species/3"", ""file_sha256"": ""37eb8635e2952e74a2e39cfd62a20d3edb4def344f131b7ab04cada388371458""}",world/pages/maps/g01_n100.md,/broadcast_metadata/gating
0,1129,小炭仔,40,broadcast:51:0:0,1:100,寂静之丘,0,Sunday,伽勒尔(Galar),40,"{""path"": ""encounters_research/out/encounters.json"", ""json_pointer"": ""/broadcast/entries/51/sets/2/species/0"", ""file_sha256"": ""37eb8635e2952e74a2e39cfd62a20d3edb4def344f131b7ab04cada388371458""}",world/pages/maps/g01_n100.md,/broadcast_metadata/gating
1,1146,来悲茶,20,broadcast:51:0:1,1:100,寂静之丘,0,Sunday,伽勒尔(Galar),20,"{""path"": ""encounters_research/out/encounters.json"", ""json_pointer"": ""/broadcast/entries/51/sets/2/species/1"", ""file_sha256"": ""37eb8635e2952e74a2e39cfd62a20d3edb4def344f131b7ab04cada388371458""}",world/pages/maps/g01_n100.md,/broadcast_metadata/gating
2,660,烛光灵,20,broadcast:51:0:2,1:100,寂静之丘,0,Sunday,伽勒尔(Galar),20,"{""path"": ""encounters_research/out/encounters.json"", ""json_pointer"": ""/broadcast/entries/51/sets/2/species/2"", ""file_sha256"": ""37eb8635e2952e74a2e39cfd62a20d3edb4def344f131b7ab04cada388371458""}",world/pages/maps/g01_n100.md,/broadcast_metadata/gating
3,660,烛光灵,20,broadcast:51:0:3,1:100,寂静之丘,0,Sunday,伽勒尔(Galar),20,"{""path"": ""encounters_research/out/encounters.json"", ""json_pointer"": ""/broadcast/entries/51/sets/2/species/3"", ""file_sha256"": ""37eb8635e2952e74a2e39cfd62a20d3edb4def344f131b7ab04cada388371458""}",world/pages/maps/g01_n100.md,/broadcast_metadata/gating
0,320,朝北鼻,40,broadcast:52:3:0,1:102,寂静之丘,3,Wednesday,丰缘(Hoenn),40,"{""path"": ""encounters_research/out/encounters.json"", ""json_pointer"": ""/broadcast/entries/52/sets/0/species/0"", ""file_sha256"": ""37eb8635e2952e74a2e39cfd62a20d3edb4def344f131b7ab04cada388371458""}",world/pages/maps/g01_n102.md,/broadcast_metadata/gating
1,361,夜巡灵,20,broadcast:52:3:1,1:102,寂静之丘,3,Wednesday,丰缘(Hoenn),20,"{""path"": ""encounters_research/out/encounters.json"", ""json_pointer"": ""/broadcast/entries/52/sets/0/species/1"", ""file_sha256"": ""37eb8635e2952e74a2e39cfd62a20d3edb4def344f131b7ab04cada388371458""}",world/pages/maps/g01_n102.md,/broadcast_metadata/gating
2,377,怨影娃娃,20,broadcast:52:3:2,1:102,寂静之丘,3,Wednesday,丰缘(Hoenn),20,"{""path"": ""encounters_research/out/encounters.json"", ""json_pointer"": ""/broadcast/entries/52/sets/0/species/2"", ""file_sha256"": ""37eb8635e2952e74a2e39cfd62a20d3edb4def344f131b7ab04cada388371458""}",world/pages/maps/g01_n102.md,/broadcast_metadata/gating
3,377,怨影娃娃,20,broadcast:52:3:3,1:102,寂静之丘,3,Wednesday,丰缘(Hoenn),20,"{""path"": ""encounters_research/out/encounters.json"", ""json_pointer"": ""/broadcast/entries/52/sets/0/species/3"", ""file_sha256"": ""37eb8635e2952e74a2e39cfd62a20d3edb4def344f131b7ab04cada388371458""}",world/pages/maps/g01_n102.md,/broadcast_metadata/gating
0,489,铜镜怪,40,broadcast:52:4:0,1:102,寂静之丘,4,Thursday,神奥(Sinnoh),40,"{""path"": ""encounters_research/out/encounters.json"", ""json_pointer"": ""/broadcast/entries/52/sets/1/species/0"", ""file_sha256"": ""37eb8635e2952e74a2e39cfd62a20d3edb4def344f131b7ab04cada388371458""}",world/pages/maps/g01_n102.md,/broadcast_metadata/gating
1,478,飘飘球,20,broadcast:52:4:1,1:102,寂静之丘,4,Thursday,神奥(Sinnoh),20,"{""path"": ""encounters_research/out/encounters.json"", ""json_pointer"": ""/broadcast/entries/52/sets/1/species/1"", ""file_sha256"": ""37eb8635e2952e74a2e39cfd62a20d3edb4def344f131b7ab04cada388371458""}",world/pages/maps/g01_n102.md,/broadcast_metadata/gating
2,486,铃铛响,20,broadcast:52:4:2,1:102,寂静之丘,4,Thursday,神奥(Sinnoh),20,"{""path"": ""encounters_research/out/encounters.json"", ""json_pointer"": ""/broadcast/entries/52/sets/1/species/2"", ""file_sha256"": ""37eb8635e2952e74a2e39cfd62a20d3edb4def344f131b7ab04cada388371458""}",world/pages/maps/g01_n102.md,/broadcast_metadata/gating
3,486,铃铛响,20,broadcast:52:4:3,1:102,寂静之丘,4,Thursday,神奥(Sinnoh),20,"{""path"": ""encounters_research/out/encounters.json"", ""json_pointer"": ""/broadcast/entries/52/sets/1/species/3"", ""file_sha256"": ""37eb8635e2952e74a2e39cfd62a20d3edb4def344f131b7ab04cada388371458""}",world/pages/maps/g01_n102.md,/broadcast_metadata/gating
0,1129,小炭仔,40,broadcast:52:0:0,1:102,寂静之丘,0,Sunday,伽勒尔(Galar),40,"{""path"": ""encounters_research/out/encounters.json"", ""json_pointer"": ""/broadcast/entries/52/sets/2/species/0"", ""file_sha256"": ""37eb8635e2952e74a2e39cfd62a20d3edb4def344f131b7ab04cada388371458""}",world/pages/maps/g01_n102.md,/broadcast_metadata/gating
1,1146,来悲茶,20,broadcast:52:0:1,1:102,寂静之丘,0,Sunday,伽勒尔(Galar),20,"{""path"": ""encounters_research/out/encounters.json"", ""json_pointer"": ""/broadcast/entries/52/sets/2/species/1"", ""file_sha256"": ""37eb8635e2952e74a2e39cfd62a20d3edb4def344f131b7ab04cada388371458""}",world/pages/maps/g01_n102.md,/broadcast_metadata/gating
2,660,烛光灵,20,broadcast:52:0:2,1:102,寂静之丘,0,Sunday,伽勒尔(Galar),20,"{""path"": ""encounters_research/out/encounters.json"", ""json_pointer"": ""/broadcast/entries/52/sets/2/species/2"", ""file_sha256"": ""37eb8635e2952e74a2e39cfd62a20d3edb4def344f131b7ab04cada388371458""}",world/pages/maps/g01_n102.md,/broadcast_metadata/gating
3,660,烛光灵,20,broadcast:52:0:3,1:102,寂静之丘,0,Sunday,伽勒尔(Galar),20,"{""path"": ""encounters_research/out/encounters.json"", ""json_pointer"": ""/broadcast/entries/52/sets/2/species/3"", ""file_sha256"": ""37eb8635e2952e74a2e39cfd62a20d3edb4def344f131b7ab04cada388371458""}",world/pages/maps/g01_n102.md,/broadcast_metadata/gating
0,320,朝北鼻,40,broadcast:53:3:0,1:103,寂静之丘,3,Wednesday,丰缘(Hoenn),40,"{""path"": ""encounters_research/out/encounters.json"", ""json_pointer"": ""/broadcast/entries/53/sets/0/species/0"", ""file_sha256"": ""37eb8635e2952e74a2e39cfd62a20d3edb4def344f131b7ab04cada388371458""}",world/pages/maps/g01_n103.md,/broadcast_metadata/gating
1,361,夜巡灵,20,broadcast:53:3:1,1:103,寂静之丘,3,Wednesday,丰缘(Hoenn),20,"{""path"": ""encounters_research/out/encounters.json"", ""json_pointer"": ""/broadcast/entries/53/sets/0/species/1"", ""file_sha256"": ""37eb8635e2952e74a2e39cfd62a20d3edb4def344f131b7ab04cada388371458""}",world/pages/maps/g01_n103.md,/broadcast_metadata/gating
2,377,怨影娃娃,20,broadcast:53:3:2,1:103,寂静之丘,3,Wednesday,丰缘(Hoenn),20,"{""path"": ""encounters_research/out/encounters.json"", ""json_pointer"": ""/broadcast/entries/53/sets/0/species/2"", ""file_sha256"": ""37eb8635e2952e74a2e39cfd62a20d3edb4def344f131b7ab04cada388371458""}",world/pages/maps/g01_n103.md,/broadcast_metadata/gating
3,377,怨影娃娃,20,broadcast:53:3:3,1:103,寂静之丘,3,Wednesday,丰缘(Hoenn),20,"{""path"": ""encounters_research/out/encounters.json"", ""json_pointer"": ""/broadcast/entries/53/sets/0/species/3"", ""file_sha256"": ""37eb8635e2952e74a2e39cfd62a20d3edb4def344f131b7ab04cada388371458""}",world/pages/maps/g01_n103.md,/broadcast_metadata/gating
0,489,铜镜怪,40,broadcast:53:4:0,1:103,寂静之丘,4,Thursday,神奥(Sinnoh),40,"{""path"": ""encounters_research/out/encounters.json"", ""json_pointer"": ""/broadcast/entries/53/sets/1/species/0"", ""file_sha256"": ""37eb8635e2952e74a2e39cfd62a20d3edb4def344f131b7ab04cada388371458""}",world/pages/maps/g01_n103.md,/broadcast_metadata/gating
1,478,飘飘球,20,broadcast:53:4:1,1:103,寂静之丘,4,Thursday,神奥(Sinnoh),20,"{""path"": ""encounters_research/out/encounters.json"", ""json_pointer"": ""/broadcast/entries/53/sets/1/species/1"", ""file_sha256"": ""37eb8635e2952e74a2e39cfd62a20d3edb4def344f131b7ab04cada388371458""}",world/pages/maps/g01_n103.md,/broadcast_metadata/gating
2,486,铃铛响,20,broadcast:53:4:2,1:103,寂静之丘,4,Thursday,神奥(Sinnoh),20,"{""path"": ""encounters_research/out/encounters.json"", ""json_pointer"": ""/broadcast/entries/53/sets/1/species/2"", ""file_sha256"": ""37eb8635e2952e74a2e39cfd62a20d3edb4def344f131b7ab04cada388371458""}",world/pages/maps/g01_n103.md,/broadcast_metadata/gating
3,486,铃铛响,20,broadcast:53:4:3,1:103,寂静之丘,4,Thursday,神奥(Sinnoh),20,"{""path"": ""encounters_research/out/encounters.json"", ""json_pointer"": ""/broadcast/entries/53/sets/1/species/3"", ""file_sha256"": ""37eb8635e2952e74a2e39cfd62a20d3edb4def344f131b7ab04cada388371458""}",world/pages/maps/g01_n103.md,/broadcast_metadata/gating
0,1129,小炭仔,40,broadcast:53:0:0,1:103,寂静之丘,0,Sunday,伽勒尔(Galar),40,"{""path"": ""encounters_research/out/encounters.json"", ""json_pointer"": ""/broadcast/entries/53/sets/2/species/0"", ""file_sha256"": ""37eb8635e2952e74a2e39cfd62a20d3edb4def344f131b7ab04cada388371458""}",world/pages/maps/g01_n103.md,/broadcast_metadata/gating
1,1146,来悲茶,20,broadcast:53:0:1,1:103,寂静之丘,0,Sunday,伽勒尔(Galar),20,"{""path"": ""encounters_research/out/encounters.json"", ""json_pointer"": ""/broadcast/entries/53/sets/2/species/1"", ""file_sha256"": ""37eb8635e2952e74a2e39cfd62a20d3edb4def344f131b7ab04cada388371458""}",world/pages/maps/g01_n103.md,/broadcast_metadata/gating
2,660,烛光灵,20,broadcast:53:0:2,1:103,寂静之丘,0,Sunday,伽勒尔(Galar),20,"{""path"": ""encounters_research/out/encounters.json"", ""json_pointer"": ""/broadcast/entries/53/sets/2/species/2"", ""file_sha256"": ""37eb8635e2952e74a2e39cfd62a20d3edb4def344f131b7ab04cada388371458""}",world/pages/maps/g01_n103.md,/broadcast_metadata/gating
3,660,烛光灵,20,broadcast:53:0:3,1:103,寂静之丘,0,Sunday,伽勒尔(Galar),20,"{""path"": ""encounters_research/out/encounters.json"", ""json_pointer"": ""/broadcast/entries/53/sets/2/species/3"", ""file_sha256"": ""37eb8635e2952e74a2e39cfd62a20d3edb4def344f131b7ab04cada388371458""}",world/pages/maps/g01_n103.md,/broadcast_metadata/gating
0,320,朝北鼻,40,broadcast:54:3:0,1:104,寂静之丘,3,Wednesday,丰缘(Hoenn),40,"{""path"": ""encounters_research/out/encounters.json"", ""json_pointer"": ""/broadcast/entries/54/sets/0/species/0"", ""file_sha256"": ""37eb8635e2952e74a2e39cfd62a20d3edb4def344f131b7ab04cada388371458""}",world/pages/maps/g01_n104.md,/broadcast_metadata/gating
1,361,夜巡灵,20,broadcast:54:3:1,1:104,寂静之丘,3,Wednesday,丰缘(Hoenn),20,"{""path"": ""encounters_research/out/encounters.json"", ""json_pointer"": ""/broadcast/entries/54/sets/0/species/1"", ""file_sha256"": ""37eb8635e2952e74a2e39cfd62a20d3edb4def344f131b7ab04cada388371458""}",world/pages/maps/g01_n104.md,/broadcast_metadata/gating
2,377,怨影娃娃,20,broadcast:54:3:2,1:104,寂静之丘,3,Wednesday,丰缘(Hoenn),20,"{""path"": ""encounters_research/out/encounters.json"", ""json_pointer"": ""/broadcast/entries/54/sets/0/species/2"", ""file_sha256"": ""37eb8635e2952e74a2e39cfd62a20d3edb4def344f131b7ab04cada388371458""}",world/pages/maps/g01_n104.md,/broadcast_metadata/gating
3,377,怨影娃娃,20,broadcast:54:3:3,1:104,寂静之丘,3,Wednesday,丰缘(Hoenn),20,"{""path"": ""encounters_research/out/encounters.json"", ""json_pointer"": ""/broadcast/entries/54/sets/0/species/3"", ""file_sha256"": ""37eb8635e2952e74a2e39cfd62a20d3edb4def344f131b7ab04cada388371458""}",world/pages/maps/g01_n104.md,/broadcast_metadata/gating
0,489,铜镜怪,40,broadcast:54:4:0,1:104,寂静之丘,4,Thursday,神奥(Sinnoh),40,"{""path"": ""encounters_research/out/encounters.json"", ""json_pointer"": ""/broadcast/entries/54/sets/1/species/0"", ""file_sha256"": ""37eb8635e2952e74a2e39cfd62a20d3edb4def344f131b7ab04cada388371458""}",world/pages/maps/g01_n104.md,/broadcast_metadata/gating
1,478,飘飘球,20,broadcast:54:4:1,1:104,寂静之丘,4,Thursday,神奥(Sinnoh),20,"{""path"": ""encounters_research/out/encounters.json"", ""json_pointer"": ""/broadcast/entries/54/sets/1/species/1"", ""file_sha256"": ""37eb8635e2952e74a2e39cfd62a20d3edb4def344f131b7ab04cada388371458""}",world/pages/maps/g01_n104.md,/broadcast_metadata/gating
2,486,铃铛响,20,broadcast:54:4:2,1:104,寂静之丘,4,Thursday,神奥(Sinnoh),20,"{""path"": ""encounters_research/out/encounters.json"", ""json_pointer"": ""/broadcast/entries/54/sets/1/species/2"", ""file_sha256"": ""37eb8635e2952e74a2e39cfd62a20d3edb4def344f131b7ab04cada388371458""}",world/pages/maps/g01_n104.md,/broadcast_metadata/gating
3,486,铃铛响,20,broadcast:54:4:3,1:104,寂静之丘,4,Thursday,神奥(Sinnoh),20,"{""path"": ""encounters_research/out/encounters.json"", ""json_pointer"": ""/broadcast/entries/54/sets/1/species/3"", ""file_sha256"": ""37eb8635e2952e74a2e39cfd62a20d3edb4def344f131b7ab04cada388371458""}",world/pages/maps/g01_n104.md,/broadcast_metadata/gating
0,1129,小炭仔,40,broadcast:54:0:0,1:104,寂静之丘,0,Sunday,伽勒尔(Galar),40,"{""path"": ""encounters_research/out/encounters.json"", ""json_pointer"": ""/broadcast/entries/54/sets/2/species/0"", ""file_sha256"": ""37eb8635e2952e74a2e39cfd62a20d3edb4def344f131b7ab04cada388371458""}",world/pages/maps/g01_n104.md,/broadcast_metadata/gating
1,1146,来悲茶,20,broadcast:54:0:1,1:104,寂静之丘,0,Sunday,伽勒尔(Galar),20,"{""path"": ""encounters_research/out/encounters.json"", ""json_pointer"": ""/broadcast/entries/54/sets/2/species/1"", ""file_sha256"": ""37eb8635e2952e74a2e39cfd62a20d3edb4def344f131b7ab04cada388371458""}",world/pages/maps/g01_n104.md,/broadcast_metadata/gating
2,660,烛光灵,20,broadcast:54:0:2,1:104,寂静之丘,0,Sunday,伽勒尔(Galar),20,"{""path"": ""encounters_research/out/encounters.json"", ""json_pointer"": ""/broadcast/entries/54/sets/2/species/2"", ""file_sha256"": ""37eb8635e2952e74a2e39cfd62a20d3edb4def344f131b7ab04cada388371458""}",world/pages/maps/g01_n104.md,/broadcast_metadata/gating
3,660,烛光灵,20,broadcast:54:0:3,1:104,寂静之丘,0,Sunday,伽勒尔(Galar),20,"{""path"": ""encounters_research/out/encounters.json"", ""json_pointer"": ""/broadcast/entries/54/sets/2/species/3"", ""file_sha256"": ""37eb8635e2952e74a2e39cfd62a20d3edb4def344f131b7ab04cada388371458""}",world/pages/maps/g01_n104.md,/broadcast_metadata/gating
0,320,朝北鼻,40,broadcast:55:3:0,1:105,寂静之丘,3,Wednesday,丰缘(Hoenn),40,"{""path"": ""encounters_research/out/encounters.json"", ""json_pointer"": ""/broadcast/entries/55/sets/0/species/0"", ""file_sha256"": ""37eb8635e2952e74a2e39cfd62a20d3edb4def344f131b7ab04cada388371458""}",world/pages/maps/g01_n105.md,/broadcast_metadata/gating
1,361,夜巡灵,20,broadcast:55:3:1,1:105,寂静之丘,3,Wednesday,丰缘(Hoenn),20,"{""path"": ""encounters_research/out/encounters.json"", ""json_pointer"": ""/broadcast/entries/55/sets/0/species/1"", ""file_sha256"": ""37eb8635e2952e74a2e39cfd62a20d3edb4def344f131b7ab04cada388371458""}",world/pages/maps/g01_n105.md,/broadcast_metadata/gating
2,377,怨影娃娃,20,broadcast:55:3:2,1:105,寂静之丘,3,Wednesday,丰缘(Hoenn),20,"{""path"": ""encounters_research/out/encounters.json"", ""json_pointer"": ""/broadcast/entries/55/sets/0/species/2"", ""file_sha256"": ""37eb8635e2952e74a2e39cfd62a20d3edb4def344f131b7ab04cada388371458""}",world/pages/maps/g01_n105.md,/broadcast_metadata/gating
3,377,怨影娃娃,20,broadcast:55:3:3,1:105,寂静之丘,3,Wednesday,丰缘(Hoenn),20,"{""path"": ""encounters_research/out/encounters.json"", ""json_pointer"": ""/broadcast/entries/55/sets/0/species/3"", ""file_sha256"": ""37eb8635e2952e74a2e39cfd62a20d3edb4def344f131b7ab04cada388371458""}",world/pages/maps/g01_n105.md,/broadcast_metadata/gating
0,489,铜镜怪,40,broadcast:55:4:0,1:105,寂静之丘,4,Thursday,神奥(Sinnoh),40,"{""path"": ""encounters_research/out/encounters.json"", ""json_pointer"": ""/broadcast/entries/55/sets/1/species/0"", ""file_sha256"": ""37eb8635e2952e74a2e39cfd62a20d3edb4def344f131b7ab04cada388371458""}",world/pages/maps/g01_n105.md,/broadcast_metadata/gating
1,478,飘飘球,20,broadcast:55:4:1,1:105,寂静之丘,4,Thursday,神奥(Sinnoh),20,"{""path"": ""encounters_research/out/encounters.json"", ""json_pointer"": ""/broadcast/entries/55/sets/1/species/1"", ""file_sha256"": ""37eb8635e2952e74a2e39cfd62a20d3edb4def344f131b7ab04cada388371458""}",world/pages/maps/g01_n105.md,/broadcast_metadata/gating
2,486,铃铛响,20,broadcast:55:4:2,1:105,寂静之丘,4,Thursday,神奥(Sinnoh),20,"{""path"": ""encounters_research/out/encounters.json"", ""json_pointer"": ""/broadcast/entries/55/sets/1/species/2"", ""file_sha256"": ""37eb8635e2952e74a2e39cfd62a20d3edb4def344f131b7ab04cada388371458""}",world/pages/maps/g01_n105.md,/broadcast_metadata/gating
3,486,铃铛响,20,broadcast:55:4:3,1:105,寂静之丘,4,Thursday,神奥(Sinnoh),20,"{""path"": ""encounters_research/out/encounters.json"", ""json_pointer"": ""/broadcast/entries/55/sets/1/species/3"", ""file_sha256"": ""37eb8635e2952e74a2e39cfd62a20d3edb4def344f131b7ab04cada388371458""}",world/pages/maps/g01_n105.md,/broadcast_metadata/gating
0,1129,小炭仔,40,broadcast:55:0:0,1:105,寂静之丘,0,Sunday,伽勒尔(Galar),40,"{""path"": ""encounters_research/out/encounters.json"", ""json_pointer"": ""/broadcast/entries/55/sets/2/species/0"", ""file_sha256"": ""37eb8635e2952e74a2e39cfd62a20d3edb4def344f131b7ab04cada388371458""}",world/pages/maps/g01_n105.md,/broadcast_metadata/gating
1,1146,来悲茶,20,broadcast:55:0:1,1:105,寂静之丘,0,Sunday,伽勒尔(Galar),20,"{""path"": ""encounters_research/out/encounters.json"", ""json_pointer"": ""/broadcast/entries/55/sets/2/species/1"", ""file_sha256"": ""37eb8635e2952e74a2e39cfd62a20d3edb4def344f131b7ab04cada388371458""}",world/pages/maps/g01_n105.md,/broadcast_metadata/gating
2,660,烛光灵,20,broadcast:55:0:2,1:105,寂静之丘,0,Sunday,伽勒尔(Galar),20,"{""path"": ""encounters_research/out/encounters.json"", ""json_pointer"": ""/broadcast/entries/55/sets/2/species/2"", ""file_sha256"": ""37eb8635e2952e74a2e39cfd62a20d3edb4def344f131b7ab04cada388371458""}",world/pages/maps/g01_n105.md,/broadcast_metadata/gating
3,660,烛光灵,20,broadcast:55:0:3,1:105,寂静之丘,0,Sunday,伽勒尔(Galar),20,"{""path"": ""encounters_research/out/encounters.json"", ""json_pointer"": ""/broadcast/entries/55/sets/2/species/3"", ""file_sha256"": ""37eb8635e2952e74a2e39cfd62a20d3edb4def344f131b7ab04cada388371458""}",world/pages/maps/g01_n105.md,/broadcast_metadata/gating
0,320,朝北鼻,40,broadcast:56:3:0,1:106,寂静之丘,3,Wednesday,丰缘(Hoenn),40,"{""path"": ""encounters_research/out/encounters.json"", ""json_pointer"": ""/broadcast/entries/56/sets/0/species/0"", ""file_sha256"": ""37eb8635e2952e74a2e39cfd62a20d3edb4def344f131b7ab04cada388371458""}",world/pages/maps/g01_n106.md,/broadcast_metadata/gating
1,361,夜巡灵,20,broadcast:56:3:1,1:106,寂静之丘,3,Wednesday,丰缘(Hoenn),20,"{""path"": ""encounters_research/out/encounters.json"", ""json_pointer"": ""/broadcast/entries/56/sets/0/species/1"", ""file_sha256"": ""37eb8635e2952e74a2e39cfd62a20d3edb4def344f131b7ab04cada388371458""}",world/pages/maps/g01_n106.md,/broadcast_metadata/gating
2,377,怨影娃娃,20,broadcast:56:3:2,1:106,寂静之丘,3,Wednesday,丰缘(Hoenn),20,"{""path"": ""encounters_research/out/encounters.json"", ""json_pointer"": ""/broadcast/entries/56/sets/0/species/2"", ""file_sha256"": ""37eb8635e2952e74a2e39cfd62a20d3edb4def344f131b7ab04cada388371458""}",world/pages/maps/g01_n106.md,/broadcast_metadata/gating
3,377,怨影娃娃,20,broadcast:56:3:3,1:106,寂静之丘,3,Wednesday,丰缘(Hoenn),20,"{""path"": ""encounters_research/out/encounters.json"", ""json_pointer"": ""/broadcast/entries/56/sets/0/species/3"", ""file_sha256"": ""37eb8635e2952e74a2e39cfd62a20d3edb4def344f131b7ab04cada388371458""}",world/pages/maps/g01_n106.md,/broadcast_metadata/gating
0,489,铜镜怪,40,broadcast:56:4:0,1:106,寂静之丘,4,Thursday,神奥(Sinnoh),40,"{""path"": ""encounters_research/out/encounters.json"", ""json_pointer"": ""/broadcast/entries/56/sets/1/species/0"", ""file_sha256"": ""37eb8635e2952e74a2e39cfd62a20d3edb4def344f131b7ab04cada388371458""}",world/pages/maps/g01_n106.md,/broadcast_metadata/gating
1,478,飘飘球,20,broadcast:56:4:1,1:106,寂静之丘,4,Thursday,神奥(Sinnoh),20,"{""path"": ""encounters_research/out/encounters.json"", ""json_pointer"": ""/broadcast/entries/56/sets/1/species/1"", ""file_sha256"": ""37eb8635e2952e74a2e39cfd62a20d3edb4def344f131b7ab04cada388371458""}",world/pages/maps/g01_n106.md,/broadcast_metadata/gating
2,486,铃铛响,20,broadcast:56:4:2,1:106,寂静之丘,4,Thursday,神奥(Sinnoh),20,"{""path"": ""encounters_research/out/encounters.json"", ""json_pointer"": ""/broadcast/entries/56/sets/1/species/2"", ""file_sha256"": ""37eb8635e2952e74a2e39cfd62a20d3edb4def344f131b7ab04cada388371458""}",world/pages/maps/g01_n106.md,/broadcast_metadata/gating
3,486,铃铛响,20,broadcast:56:4:3,1:106,寂静之丘,4,Thursday,神奥(Sinnoh),20,"{""path"": ""encounters_research/out/encounters.json"", ""json_pointer"": ""/broadcast/entries/56/sets/1/species/3"", ""file_sha256"": ""37eb8635e2952e74a2e39cfd62a20d3edb4def344f131b7ab04cada388371458""}",world/pages/maps/g01_n106.md,/broadcast_metadata/gating
0,1129,小炭仔,40,broadcast:56:0:0,1:106,寂静之丘,0,Sunday,伽勒尔(Galar),40,"{""path"": ""encounters_research/out/encounters.json"", ""json_pointer"": ""/broadcast/entries/56/sets/2/species/0"", ""file_sha256"": ""37eb8635e2952e74a2e39cfd62a20d3edb4def344f131b7ab04cada388371458""}",world/pages/maps/g01_n106.md,/broadcast_metadata/gating
1,1146,来悲茶,20,broadcast:56:0:1,1:106,寂静之丘,0,Sunday,伽勒尔(Galar),20,"{""path"": ""encounters_research/out/encounters.json"", ""json_pointer"": ""/broadcast/entries/56/sets/2/species/1"", ""file_sha256"": ""37eb8635e2952e74a2e39cfd62a20d3edb4def344f131b7ab04cada388371458""}",world/pages/maps/g01_n106.md,/broadcast_metadata/gating
2,660,烛光灵,20,broadcast:56:0:2,1:106,寂静之丘,0,Sunday,伽勒尔(Galar),20,"{""path"": ""encounters_research/out/encounters.json"", ""json_pointer"": ""/broadcast/entries/56/sets/2/species/2"", ""file_sha256"": ""37eb8635e2952e74a2e39cfd62a20d3edb4def344f131b7ab04cada388371458""}",world/pages/maps/g01_n106.md,/broadcast_metadata/gating
3,660,烛光灵,20,broadcast:56:0:3,1:106,寂静之丘,0,Sunday,伽勒尔(Galar),20,"{""path"": ""encounters_research/out/encounters.json"", ""json_pointer"": ""/broadcast/entries/56/sets/2/species/3"", ""file_sha256"": ""37eb8635e2952e74a2e39cfd62a20d3edb4def344f131b7ab04cada388371458""}",world/pages/maps/g01_n106.md,/broadcast_metadata/gating
0,320,朝北鼻,40,broadcast:57:3:0,56:40,寂静之丘,3,Wednesday,丰缘(Hoenn),40,"{""path"": ""encounters_research/out/encounters.json"", ""json_pointer"": ""/broadcast/entries/57/sets/0/species/0"", ""file_sha256"": ""37eb8635e2952e74a2e39cfd62a20d3edb4def344f131b7ab04cada388371458""}",world/pages/maps/g56_n040.md,/broadcast_metadata/gating
1,361,夜巡灵,20,broadcast:57:3:1,56:40,寂静之丘,3,Wednesday,丰缘(Hoenn),20,"{""path"": ""encounters_research/out/encounters.json"", ""json_pointer"": ""/broadcast/entries/57/sets/0/species/1"", ""file_sha256"": ""37eb8635e2952e74a2e39cfd62a20d3edb4def344f131b7ab04cada388371458""}",world/pages/maps/g56_n040.md,/broadcast_metadata/gating
2,377,怨影娃娃,20,broadcast:57:3:2,56:40,寂静之丘,3,Wednesday,丰缘(Hoenn),20,"{""path"": ""encounters_research/out/encounters.json"", ""json_pointer"": ""/broadcast/entries/57/sets/0/species/2"", ""file_sha256"": ""37eb8635e2952e74a2e39cfd62a20d3edb4def344f131b7ab04cada388371458""}",world/pages/maps/g56_n040.md,/broadcast_metadata/gating
3,377,怨影娃娃,20,broadcast:57:3:3,56:40,寂静之丘,3,Wednesday,丰缘(Hoenn),20,"{""path"": ""encounters_research/out/encounters.json"", ""json_pointer"": ""/broadcast/entries/57/sets/0/species/3"", ""file_sha256"": ""37eb8635e2952e74a2e39cfd62a20d3edb4def344f131b7ab04cada388371458""}",world/pages/maps/g56_n040.md,/broadcast_metadata/gating
0,489,铜镜怪,40,broadcast:57:4:0,56:40,寂静之丘,4,Thursday,神奥(Sinnoh),40,"{""path"": ""encounters_research/out/encounters.json"", ""json_pointer"": ""/broadcast/entries/57/sets/1/species/0"", ""file_sha256"": ""37eb8635e2952e74a2e39cfd62a20d3edb4def344f131b7ab04cada388371458""}",world/pages/maps/g56_n040.md,/broadcast_metadata/gating
1,478,飘飘球,20,broadcast:57:4:1,56:40,寂静之丘,4,Thursday,神奥(Sinnoh),20,"{""path"": ""encounters_research/out/encounters.json"", ""json_pointer"": ""/broadcast/entries/57/sets/1/species/1"", ""file_sha256"": ""37eb8635e2952e74a2e39cfd62a20d3edb4def344f131b7ab04cada388371458""}",world/pages/maps/g56_n040.md,/broadcast_metadata/gating
2,486,铃铛响,20,broadcast:57:4:2,56:40,寂静之丘,4,Thursday,神奥(Sinnoh),20,"{""path"": ""encounters_research/out/encounters.json"", ""json_pointer"": ""/broadcast/entries/57/sets/1/species/2"", ""file_sha256"": ""37eb8635e2952e74a2e39cfd62a20d3edb4def344f131b7ab04cada388371458""}",world/pages/maps/g56_n040.md,/broadcast_metadata/gating
3,486,铃铛响,20,broadcast:57:4:3,56:40,寂静之丘,4,Thursday,神奥(Sinnoh),20,"{""path"": ""encounters_research/out/encounters.json"", ""json_pointer"": ""/broadcast/entries/57/sets/1/species/3"", ""file_sha256"": ""37eb8635e2952e74a2e39cfd62a20d3edb4def344f131b7ab04cada388371458""}",world/pages/maps/g56_n040.md,/broadcast_metadata/gating
0,1129,小炭仔,40,broadcast:57:0:0,56:40,寂静之丘,0,Sunday,伽勒尔(Galar),40,"{""path"": ""encounters_research/out/encounters.json"", ""json_pointer"": ""/broadcast/entries/57/sets/2/species/0"", ""file_sha256"": ""37eb8635e2952e74a2e39cfd62a20d3edb4def344f131b7ab04cada388371458""}",world/pages/maps/g56_n040.md,/broadcast_metadata/gating
1,1146,来悲茶,20,broadcast:57:0:1,56:40,寂静之丘,0,Sunday,伽勒尔(Galar),20,"{""path"": ""encounters_research/out/encounters.json"", ""json_pointer"": ""/broadcast/entries/57/sets/2/species/1"", ""file_sha256"": ""37eb8635e2952e74a2e39cfd62a20d3edb4def344f131b7ab04cada388371458""}",world/pages/maps/g56_n040.md,/broadcast_metadata/gating
2,660,烛光灵,20,broadcast:57:0:2,56:40,寂静之丘,0,Sunday,伽勒尔(Galar),20,"{""path"": ""encounters_research/out/encounters.json"", ""json_pointer"": ""/broadcast/entries/57/sets/2/species/2"", ""file_sha256"": ""37eb8635e2952e74a2e39cfd62a20d3edb4def344f131b7ab04cada388371458""}",world/pages/maps/g56_n040.md,/broadcast_metadata/gating
3,660,烛光灵,20,broadcast:57:0:3,56:40,寂静之丘,0,Sunday,伽勒尔(Galar),20,"{""path"": ""encounters_research/out/encounters.json"", ""json_pointer"": ""/broadcast/entries/57/sets/2/species/3"", ""file_sha256"": ""37eb8635e2952e74a2e39cfd62a20d3edb4def344f131b7ab04cada388371458""}",world/pages/maps/g56_n040.md,/broadcast_metadata/gating
0,370,咕妞妞,40,broadcast:58:3:0,1:99,断崖通道,3,Wednesday,丰缘(Hoenn),40,"{""path"": ""encounters_research/out/encounters.json"", ""json_pointer"": ""/broadcast/entries/58/sets/0/species/0"", ""file_sha256"": ""37eb8635e2952e74a2e39cfd62a20d3edb4def344f131b7ab04cada388371458""}",world/pages/maps/g01_n099.md,/broadcast_metadata/gating
1,335,幕下力士,20,broadcast:58:3:1,1:99,断崖通道,3,Wednesday,丰缘(Hoenn),20,"{""path"": ""encounters_research/out/encounters.json"", ""json_pointer"": ""/broadcast/entries/58/sets/0/species/1"", ""file_sha256"": ""37eb8635e2952e74a2e39cfd62a20d3edb4def344f131b7ab04cada388371458""}",world/pages/maps/g01_n099.md,/broadcast_metadata/gating
2,355,大嘴娃,20,broadcast:58:3:2,1:99,断崖通道,3,Wednesday,丰缘(Hoenn),20,"{""path"": ""encounters_research/out/encounters.json"", ""json_pointer"": ""/broadcast/entries/58/sets/0/species/2"", ""file_sha256"": ""37eb8635e2952e74a2e39cfd62a20d3edb4def344f131b7ab04cada388371458""}",world/pages/maps/g01_n099.md,/broadcast_metadata/gating
3,355,大嘴娃,20,broadcast:58:3:3,1:99,断崖通道,3,Wednesday,丰缘(Hoenn),20,"{""path"": ""encounters_research/out/encounters.json"", ""json_pointer"": ""/broadcast/entries/58/sets/0/species/3"", ""file_sha256"": ""37eb8635e2952e74a2e39cfd62a20d3edb4def344f131b7ab04cada388371458""}",world/pages/maps/g01_n099.md,/broadcast_metadata/gating
0,356,玛沙那,40,broadcast:58:4:0,1:99,断崖通道,4,Thursday,神奥(Sinnoh),40,"{""path"": ""encounters_research/out/encounters.json"", ""json_pointer"": ""/broadcast/entries/58/sets/1/species/0"", ""file_sha256"": ""37eb8635e2952e74a2e39cfd62a20d3edb4def344f131b7ab04cada388371458""}",world/pages/maps/g01_n099.md,/broadcast_metadata/gating
1,489,铜镜怪,20,broadcast:58:4:1,1:99,断崖通道,4,Thursday,神奥(Sinnoh),20,"{""path"": ""encounters_research/out/encounters.json"", ""json_pointer"": ""/broadcast/entries/58/sets/1/species/1"", ""file_sha256"": ""37eb8635e2952e74a2e39cfd62a20d3edb4def344f131b7ab04cada388371458""}",world/pages/maps/g01_n099.md,/broadcast_metadata/gating
2,506,不良蛙,20,broadcast:58:4:2,1:99,断崖通道,4,Thursday,神奥(Sinnoh),20,"{""path"": ""encounters_research/out/encounters.json"", ""json_pointer"": ""/broadcast/entries/58/sets/1/species/2"", ""file_sha256"": ""37eb8635e2952e74a2e39cfd62a20d3edb4def344f131b7ab04cada388371458""}",world/pages/maps/g01_n099.md,/broadcast_metadata/gating
3,506,不良蛙,20,broadcast:58:4:3,1:99,断崖通道,4,Thursday,神奥(Sinnoh),20,"{""path"": ""encounters_research/out/encounters.json"", ""json_pointer"": ""/broadcast/entries/58/sets/1/species/3"", ""file_sha256"": ""37eb8635e2952e74a2e39cfd62a20d3edb4def344f131b7ab04cada388371458""}",world/pages/maps/g01_n099.md,/broadcast_metadata/gating
0,585,搬运小匠,40,broadcast:58:0:0,1:99,断崖通道,0,Sunday,伽勒尔(Galar),40,"{""path"": ""encounters_research/out/encounters.json"", ""json_pointer"": ""/broadcast/entries/58/sets/2/species/0"", ""file_sha256"": ""37eb8635e2952e74a2e39cfd62a20d3edb4def344f131b7ab04cada388371458""}",world/pages/maps/g01_n099.md,/broadcast_metadata/gating
1,577,石丸子,20,broadcast:58:0:1,1:99,断崖通道,0,Sunday,伽勒尔(Galar),20,"{""path"": ""encounters_research/out/encounters.json"", ""json_pointer"": ""/broadcast/entries/58/sets/2/species/1"", ""file_sha256"": ""37eb8635e2952e74a2e39cfd62a20d3edb4def344f131b7ab04cada388371458""}",world/pages/maps/g01_n099.md,/broadcast_metadata/gating
2,1125,咬咬龟,20,broadcast:58:0:2,1:99,断崖通道,0,Sunday,伽勒尔(Galar),20,"{""path"": ""encounters_research/out/encounters.json"", ""json_pointer"": ""/broadcast/entries/58/sets/2/species/2"", ""file_sha256"": ""37eb8635e2952e74a2e39cfd62a20d3edb4def344f131b7ab04cada388371458""}",world/pages/maps/g01_n099.md,/broadcast_metadata/gating
3,1125,咬咬龟,20,broadcast:58:0:3,1:99,断崖通道,0,Sunday,伽勒尔(Galar),20,"{""path"": ""encounters_research/out/encounters.json"", ""json_pointer"": ""/broadcast/entries/58/sets/2/species/3"", ""file_sha256"": ""37eb8635e2952e74a2e39cfd62a20d3edb4def344f131b7ab04cada388371458""}",world/pages/maps/g01_n099.md,/broadcast_metadata/gating
0,370,咕妞妞,40,broadcast:59:3:0,1:107,断崖通道,3,Wednesday,丰缘(Hoenn),40,"{""path"": ""encounters_research/out/encounters.json"", ""json_pointer"": ""/broadcast/entries/59/sets/0/species/0"", ""file_sha256"": ""37eb8635e2952e74a2e39cfd62a20d3edb4def344f131b7ab04cada388371458""}",world/pages/maps/g01_n107.md,/broadcast_metadata/gating
1,335,幕下力士,20,broadcast:59:3:1,1:107,断崖通道,3,Wednesday,丰缘(Hoenn),20,"{""path"": ""encounters_research/out/encounters.json"", ""json_pointer"": ""/broadcast/entries/59/sets/0/species/1"", ""file_sha256"": ""37eb8635e2952e74a2e39cfd62a20d3edb4def344f131b7ab04cada388371458""}",world/pages/maps/g01_n107.md,/broadcast_metadata/gating
2,355,大嘴娃,20,broadcast:59:3:2,1:107,断崖通道,3,Wednesday,丰缘(Hoenn),20,"{""path"": ""encounters_research/out/encounters.json"", ""json_pointer"": ""/broadcast/entries/59/sets/0/species/2"", ""file_sha256"": ""37eb8635e2952e74a2e39cfd62a20d3edb4def344f131b7ab04cada388371458""}",world/pages/maps/g01_n107.md,/broadcast_metadata/gating
3,355,大嘴娃,20,broadcast:59:3:3,1:107,断崖通道,3,Wednesday,丰缘(Hoenn),20,"{""path"": ""encounters_research/out/encounters.json"", ""json_pointer"": ""/broadcast/entries/59/sets/0/species/3"", ""file_sha256"": ""37eb8635e2952e74a2e39cfd62a20d3edb4def344f131b7ab04cada388371458""}",world/pages/maps/g01_n107.md,/broadcast_metadata/gating
0,356,玛沙那,40,broadcast:59:4:0,1:107,断崖通道,4,Thursday,神奥(Sinnoh),40,"{""path"": ""encounters_research/out/encounters.json"", ""json_pointer"": ""/broadcast/entries/59/sets/1/species/0"", ""file_sha256"": ""37eb8635e2952e74a2e39cfd62a20d3edb4def344f131b7ab04cada388371458""}",world/pages/maps/g01_n107.md,/broadcast_metadata/gating
1,489,铜镜怪,20,broadcast:59:4:1,1:107,断崖通道,4,Thursday,神奥(Sinnoh),20,"{""path"": ""encounters_research/out/encounters.json"", ""json_pointer"": ""/broadcast/entries/59/sets/1/species/1"", ""file_sha256"": ""37eb8635e2952e74a2e39cfd62a20d3edb4def344f131b7ab04cada388371458""}",world/pages/maps/g01_n107.md,/broadcast_metadata/gating
2,506,不良蛙,20,broadcast:59:4:2,1:107,断崖通道,4,Thursday,神奥(Sinnoh),20,"{""path"": ""encounters_research/out/encounters.json"", ""json_pointer"": ""/broadcast/entries/59/sets/1/species/2"", ""file_sha256"": ""37eb8635e2952e74a2e39cfd62a20d3edb4def344f131b7ab04cada388371458""}",world/pages/maps/g01_n107.md,/broadcast_metadata/gating
3,506,不良蛙,20,broadcast:59:4:3,1:107,断崖通道,4,Thursday,神奥(Sinnoh),20,"{""path"": ""encounters_research/out/encounters.json"", ""json_pointer"": ""/broadcast/entries/59/sets/1/species/3"", ""file_sha256"": ""37eb8635e2952e74a2e39cfd62a20d3edb4def344f131b7ab04cada388371458""}",world/pages/maps/g01_n107.md,/broadcast_metadata/gating
0,585,搬运小匠,40,broadcast:59:0:0,1:107,断崖通道,0,Sunday,伽勒尔(Galar),40,"{""path"": ""encounters_research/out/encounters.json"", ""json_pointer"": ""/broadcast/entries/59/sets/2/species/0"", ""file_sha256"": ""37eb8635e2952e74a2e39cfd62a20d3edb4def344f131b7ab04cada388371458""}",world/pages/maps/g01_n107.md,/broadcast_metadata/gating
1,577,石丸子,20,broadcast:59:0:1,1:107,断崖通道,0,Sunday,伽勒尔(Galar),20,"{""path"": ""encounters_research/out/encounters.json"", ""json_pointer"": ""/broadcast/entries/59/sets/2/species/1"", ""file_sha256"": ""37eb8635e2952e74a2e39cfd62a20d3edb4def344f131b7ab04cada388371458""}",world/pages/maps/g01_n107.md,/broadcast_metadata/gating
2,1125,咬咬龟,20,broadcast:59:0:2,1:107,断崖通道,0,Sunday,伽勒尔(Galar),20,"{""path"": ""encounters_research/out/encounters.json"", ""json_pointer"": ""/broadcast/entries/59/sets/2/species/2"", ""file_sha256"": ""37eb8635e2952e74a2e39cfd62a20d3edb4def344f131b7ab04cada388371458""}",world/pages/maps/g01_n107.md,/broadcast_metadata/gating
3,1125,咬咬龟,20,broadcast:59:0:3,1:107,断崖通道,0,Sunday,伽勒尔(Galar),20,"{""path"": ""encounters_research/out/encounters.json"", ""json_pointer"": ""/broadcast/entries/59/sets/2/species/3"", ""file_sha256"": ""37eb8635e2952e74a2e39cfd62a20d3edb4def344f131b7ab04cada388371458""}",world/pages/maps/g01_n107.md,/broadcast_metadata/gating
0,370,咕妞妞,40,broadcast:60:3:0,56:28,断崖通道,3,Wednesday,丰缘(Hoenn),40,"{""path"": ""encounters_research/out/encounters.json"", ""json_pointer"": ""/broadcast/entries/60/sets/0/species/0"", ""file_sha256"": ""37eb8635e2952e74a2e39cfd62a20d3edb4def344f131b7ab04cada388371458""}",world/pages/maps/g56_n028.md,/broadcast_metadata/gating
1,335,幕下力士,20,broadcast:60:3:1,56:28,断崖通道,3,Wednesday,丰缘(Hoenn),20,"{""path"": ""encounters_research/out/encounters.json"", ""json_pointer"": ""/broadcast/entries/60/sets/0/species/1"", ""file_sha256"": ""37eb8635e2952e74a2e39cfd62a20d3edb4def344f131b7ab04cada388371458""}",world/pages/maps/g56_n028.md,/broadcast_metadata/gating
2,355,大嘴娃,20,broadcast:60:3:2,56:28,断崖通道,3,Wednesday,丰缘(Hoenn),20,"{""path"": ""encounters_research/out/encounters.json"", ""json_pointer"": ""/broadcast/entries/60/sets/0/species/2"", ""file_sha256"": ""37eb8635e2952e74a2e39cfd62a20d3edb4def344f131b7ab04cada388371458""}",world/pages/maps/g56_n028.md,/broadcast_metadata/gating
3,355,大嘴娃,20,broadcast:60:3:3,56:28,断崖通道,3,Wednesday,丰缘(Hoenn),20,"{""path"": ""encounters_research/out/encounters.json"", ""json_pointer"": ""/broadcast/entries/60/sets/0/species/3"", ""file_sha256"": ""37eb8635e2952e74a2e39cfd62a20d3edb4def344f131b7ab04cada388371458""}",world/pages/maps/g56_n028.md,/broadcast_metadata/gating
0,356,玛沙那,40,broadcast:60:4:0,56:28,断崖通道,4,Thursday,神奥(Sinnoh),40,"{""path"": ""encounters_research/out/encounters.json"", ""json_pointer"": ""/broadcast/entries/60/sets/1/species/0"", ""file_sha256"": ""37eb8635e2952e74a2e39cfd62a20d3edb4def344f131b7ab04cada388371458""}",world/pages/maps/g56_n028.md,/broadcast_metadata/gating
1,489,铜镜怪,20,broadcast:60:4:1,56:28,断崖通道,4,Thursday,神奥(Sinnoh),20,"{""path"": ""encounters_research/out/encounters.json"", ""json_pointer"": ""/broadcast/entries/60/sets/1/species/1"", ""file_sha256"": ""37eb8635e2952e74a2e39cfd62a20d3edb4def344f131b7ab04cada388371458""}",world/pages/maps/g56_n028.md,/broadcast_metadata/gating
2,506,不良蛙,20,broadcast:60:4:2,56:28,断崖通道,4,Thursday,神奥(Sinnoh),20,"{""path"": ""encounters_research/out/encounters.json"", ""json_pointer"": ""/broadcast/entries/60/sets/1/species/2"", ""file_sha256"": ""37eb8635e2952e74a2e39cfd62a20d3edb4def344f131b7ab04cada388371458""}",world/pages/maps/g56_n028.md,/broadcast_metadata/gating
3,506,不良蛙,20,broadcast:60:4:3,56:28,断崖通道,4,Thursday,神奥(Sinnoh),20,"{""path"": ""encounters_research/out/encounters.json"", ""json_pointer"": ""/broadcast/entries/60/sets/1/species/3"", ""file_sha256"": ""37eb8635e2952e74a2e39cfd62a20d3edb4def344f131b7ab04cada388371458""}",world/pages/maps/g56_n028.md,/broadcast_metadata/gating
0,585,搬运小匠,40,broadcast:60:0:0,56:28,断崖通道,0,Sunday,伽勒尔(Galar),40,"{""path"": ""encounters_research/out/encounters.json"", ""json_pointer"": ""/broadcast/entries/60/sets/2/species/0"", ""file_sha256"": ""37eb8635e2952e74a2e39cfd62a20d3edb4def344f131b7ab04cada388371458""}",world/pages/maps/g56_n028.md,/broadcast_metadata/gating
1,577,石丸子,20,broadcast:60:0:1,56:28,断崖通道,0,Sunday,伽勒尔(Galar),20,"{""path"": ""encounters_research/out/encounters.json"", ""json_pointer"": ""/broadcast/entries/60/sets/2/species/1"", ""file_sha256"": ""37eb8635e2952e74a2e39cfd62a20d3edb4def344f131b7ab04cada388371458""}",world/pages/maps/g56_n028.md,/broadcast_metadata/gating
2,1125,咬咬龟,20,broadcast:60:0:2,56:28,断崖通道,0,Sunday,伽勒尔(Galar),20,"{""path"": ""encounters_research/out/encounters.json"", ""json_pointer"": ""/broadcast/entries/60/sets/2/species/2"", ""file_sha256"": ""37eb8635e2952e74a2e39cfd62a20d3edb4def344f131b7ab04cada388371458""}",world/pages/maps/g56_n028.md,/broadcast_metadata/gating
3,1125,咬咬龟,20,broadcast:60:0:3,56:28,断崖通道,0,Sunday,伽勒尔(Galar),20,"{""path"": ""encounters_research/out/encounters.json"", ""json_pointer"": ""/broadcast/entries/60/sets/2/species/3"", ""file_sha256"": ""37eb8635e2952e74a2e39cfd62a20d3edb4def344f131b7ab04cada388371458""}",world/pages/maps/g56_n028.md,/broadcast_metadata/gating
0,370,咕妞妞,40,broadcast:61:3:0,56:29,断崖通道,3,Wednesday,丰缘(Hoenn),40,"{""path"": ""encounters_research/out/encounters.json"", ""json_pointer"": ""/broadcast/entries/61/sets/0/species/0"", ""file_sha256"": ""37eb8635e2952e74a2e39cfd62a20d3edb4def344f131b7ab04cada388371458""}",world/pages/maps/g56_n029.md,/broadcast_metadata/gating
1,335,幕下力士,20,broadcast:61:3:1,56:29,断崖通道,3,Wednesday,丰缘(Hoenn),20,"{""path"": ""encounters_research/out/encounters.json"", ""json_pointer"": ""/broadcast/entries/61/sets/0/species/1"", ""file_sha256"": ""37eb8635e2952e74a2e39cfd62a20d3edb4def344f131b7ab04cada388371458""}",world/pages/maps/g56_n029.md,/broadcast_metadata/gating
2,355,大嘴娃,20,broadcast:61:3:2,56:29,断崖通道,3,Wednesday,丰缘(Hoenn),20,"{""path"": ""encounters_research/out/encounters.json"", ""json_pointer"": ""/broadcast/entries/61/sets/0/species/2"", ""file_sha256"": ""37eb8635e2952e74a2e39cfd62a20d3edb4def344f131b7ab04cada388371458""}",world/pages/maps/g56_n029.md,/broadcast_metadata/gating
3,355,大嘴娃,20,broadcast:61:3:3,56:29,断崖通道,3,Wednesday,丰缘(Hoenn),20,"{""path"": ""encounters_research/out/encounters.json"", ""json_pointer"": ""/broadcast/entries/61/sets/0/species/3"", ""file_sha256"": ""37eb8635e2952e74a2e39cfd62a20d3edb4def344f131b7ab04cada388371458""}",world/pages/maps/g56_n029.md,/broadcast_metadata/gating
0,356,玛沙那,40,broadcast:61:4:0,56:29,断崖通道,4,Thursday,神奥(Sinnoh),40,"{""path"": ""encounters_research/out/encounters.json"", ""json_pointer"": ""/broadcast/entries/61/sets/1/species/0"", ""file_sha256"": ""37eb8635e2952e74a2e39cfd62a20d3edb4def344f131b7ab04cada388371458""}",world/pages/maps/g56_n029.md,/broadcast_metadata/gating
1,489,铜镜怪,20,broadcast:61:4:1,56:29,断崖通道,4,Thursday,神奥(Sinnoh),20,"{""path"": ""encounters_research/out/encounters.json"", ""json_pointer"": ""/broadcast/entries/61/sets/1/species/1"", ""file_sha256"": ""37eb8635e2952e74a2e39cfd62a20d3edb4def344f131b7ab04cada388371458""}",world/pages/maps/g56_n029.md,/broadcast_metadata/gating
2,506,不良蛙,20,broadcast:61:4:2,56:29,断崖通道,4,Thursday,神奥(Sinnoh),20,"{""path"": ""encounters_research/out/encounters.json"", ""json_pointer"": ""/broadcast/entries/61/sets/1/species/2"", ""file_sha256"": ""37eb8635e2952e74a2e39cfd62a20d3edb4def344f131b7ab04cada388371458""}",world/pages/maps/g56_n029.md,/broadcast_metadata/gating
3,506,不良蛙,20,broadcast:61:4:3,56:29,断崖通道,4,Thursday,神奥(Sinnoh),20,"{""path"": ""encounters_research/out/encounters.json"", ""json_pointer"": ""/broadcast/entries/61/sets/1/species/3"", ""file_sha256"": ""37eb8635e2952e74a2e39cfd62a20d3edb4def344f131b7ab04cada388371458""}",world/pages/maps/g56_n029.md,/broadcast_metadata/gating
0,585,搬运小匠,40,broadcast:61:0:0,56:29,断崖通道,0,Sunday,伽勒尔(Galar),40,"{""path"": ""encounters_research/out/encounters.json"", ""json_pointer"": ""/broadcast/entries/61/sets/2/species/0"", ""file_sha256"": ""37eb8635e2952e74a2e39cfd62a20d3edb4def344f131b7ab04cada388371458""}",world/pages/maps/g56_n029.md,/broadcast_metadata/gating
1,577,石丸子,20,broadcast:61:0:1,56:29,断崖通道,0,Sunday,伽勒尔(Galar),20,"{""path"": ""encounters_research/out/encounters.json"", ""json_pointer"": ""/broadcast/entries/61/sets/2/species/1"", ""file_sha256"": ""37eb8635e2952e74a2e39cfd62a20d3edb4def344f131b7ab04cada388371458""}",world/pages/maps/g56_n029.md,/broadcast_metadata/gating
2,1125,咬咬龟,20,broadcast:61:0:2,56:29,断崖通道,0,Sunday,伽勒尔(Galar),20,"{""path"": ""encounters_research/out/encounters.json"", ""json_pointer"": ""/broadcast/entries/61/sets/2/species/2"", ""file_sha256"": ""37eb8635e2952e74a2e39cfd62a20d3edb4def344f131b7ab04cada388371458""}",world/pages/maps/g56_n029.md,/broadcast_metadata/gating
3,1125,咬咬龟,20,broadcast:61:0:3,56:29,断崖通道,0,Sunday,伽勒尔(Galar),20,"{""path"": ""encounters_research/out/encounters.json"", ""json_pointer"": ""/broadcast/entries/61/sets/2/species/3"", ""file_sha256"": ""37eb8635e2952e74a2e39cfd62a20d3edb4def344f131b7ab04cada388371458""}",world/pages/maps/g56_n029.md,/broadcast_metadata/gating
0,370,咕妞妞,40,broadcast:62:3:0,56:30,断崖通道,3,Wednesday,丰缘(Hoenn),40,"{""path"": ""encounters_research/out/encounters.json"", ""json_pointer"": ""/broadcast/entries/62/sets/0/species/0"", ""file_sha256"": ""37eb8635e2952e74a2e39cfd62a20d3edb4def344f131b7ab04cada388371458""}",world/pages/maps/g56_n030.md,/broadcast_metadata/gating
1,335,幕下力士,20,broadcast:62:3:1,56:30,断崖通道,3,Wednesday,丰缘(Hoenn),20,"{""path"": ""encounters_research/out/encounters.json"", ""json_pointer"": ""/broadcast/entries/62/sets/0/species/1"", ""file_sha256"": ""37eb8635e2952e74a2e39cfd62a20d3edb4def344f131b7ab04cada388371458""}",world/pages/maps/g56_n030.md,/broadcast_metadata/gating
2,355,大嘴娃,20,broadcast:62:3:2,56:30,断崖通道,3,Wednesday,丰缘(Hoenn),20,"{""path"": ""encounters_research/out/encounters.json"", ""json_pointer"": ""/broadcast/entries/62/sets/0/species/2"", ""file_sha256"": ""37eb8635e2952e74a2e39cfd62a20d3edb4def344f131b7ab04cada388371458""}",world/pages/maps/g56_n030.md,/broadcast_metadata/gating
3,355,大嘴娃,20,broadcast:62:3:3,56:30,断崖通道,3,Wednesday,丰缘(Hoenn),20,"{""path"": ""encounters_research/out/encounters.json"", ""json_pointer"": ""/broadcast/entries/62/sets/0/species/3"", ""file_sha256"": ""37eb8635e2952e74a2e39cfd62a20d3edb4def344f131b7ab04cada388371458""}",world/pages/maps/g56_n030.md,/broadcast_metadata/gating
0,356,玛沙那,40,broadcast:62:4:0,56:30,断崖通道,4,Thursday,神奥(Sinnoh),40,"{""path"": ""encounters_research/out/encounters.json"", ""json_pointer"": ""/broadcast/entries/62/sets/1/species/0"", ""file_sha256"": ""37eb8635e2952e74a2e39cfd62a20d3edb4def344f131b7ab04cada388371458""}",world/pages/maps/g56_n030.md,/broadcast_metadata/gating
1,489,铜镜怪,20,broadcast:62:4:1,56:30,断崖通道,4,Thursday,神奥(Sinnoh),20,"{""path"": ""encounters_research/out/encounters.json"", ""json_pointer"": ""/broadcast/entries/62/sets/1/species/1"", ""file_sha256"": ""37eb8635e2952e74a2e39cfd62a20d3edb4def344f131b7ab04cada388371458""}",world/pages/maps/g56_n030.md,/broadcast_metadata/gating
2,506,不良蛙,20,broadcast:62:4:2,56:30,断崖通道,4,Thursday,神奥(Sinnoh),20,"{""path"": ""encounters_research/out/encounters.json"", ""json_pointer"": ""/broadcast/entries/62/sets/1/species/2"", ""file_sha256"": ""37eb8635e2952e74a2e39cfd62a20d3edb4def344f131b7ab04cada388371458""}",world/pages/maps/g56_n030.md,/broadcast_metadata/gating
3,506,不良蛙,20,broadcast:62:4:3,56:30,断崖通道,4,Thursday,神奥(Sinnoh),20,"{""path"": ""encounters_research/out/encounters.json"", ""json_pointer"": ""/broadcast/entries/62/sets/1/species/3"", ""file_sha256"": ""37eb8635e2952e74a2e39cfd62a20d3edb4def344f131b7ab04cada388371458""}",world/pages/maps/g56_n030.md,/broadcast_metadata/gating
0,585,搬运小匠,40,broadcast:62:0:0,56:30,断崖通道,0,Sunday,伽勒尔(Galar),40,"{""path"": ""encounters_research/out/encounters.json"", ""json_pointer"": ""/broadcast/entries/62/sets/2/species/0"", ""file_sha256"": ""37eb8635e2952e74a2e39cfd62a20d3edb4def344f131b7ab04cada388371458""}",world/pages/maps/g56_n030.md,/broadcast_metadata/gating
1,577,石丸子,20,broadcast:62:0:1,56:30,断崖通道,0,Sunday,伽勒尔(Galar),20,"{""path"": ""encounters_research/out/encounters.json"", ""json_pointer"": ""/broadcast/entries/62/sets/2/species/1"", ""file_sha256"": ""37eb8635e2952e74a2e39cfd62a20d3edb4def344f131b7ab04cada388371458""}",world/pages/maps/g56_n030.md,/broadcast_metadata/gating
2,1125,咬咬龟,20,broadcast:62:0:2,56:30,断崖通道,0,Sunday,伽勒尔(Galar),20,"{""path"": ""encounters_research/out/encounters.json"", ""json_pointer"": ""/broadcast/entries/62/sets/2/species/2"", ""file_sha256"": ""37eb8635e2952e74a2e39cfd62a20d3edb4def344f131b7ab04cada388371458""}",world/pages/maps/g56_n030.md,/broadcast_metadata/gating
3,1125,咬咬龟,20,broadcast:62:0:3,56:30,断崖通道,0,Sunday,伽勒尔(Galar),20,"{""path"": ""encounters_research/out/encounters.json"", ""json_pointer"": ""/broadcast/entries/62/sets/2/species/3"", ""file_sha256"": ""37eb8635e2952e74a2e39cfd62a20d3edb4def344f131b7ab04cada388371458""}",world/pages/maps/g56_n030.md,/broadcast_metadata/gating
0,320,朝北鼻,40,broadcast:63:3:0,1:126,黑暗洞穴,3,Wednesday,丰缘(Hoenn),40,"{""path"": ""encounters_research/out/encounters.json"", ""json_pointer"": ""/broadcast/entries/63/sets/0/species/0"", ""file_sha256"": ""37eb8635e2952e74a2e39cfd62a20d3edb4def344f131b7ab04cada388371458""}",world/pages/maps/g01_n126.md,/broadcast_metadata/gating
1,382,可可多拉,20,broadcast:63:3:1,1:126,黑暗洞穴,3,Wednesday,丰缘(Hoenn),20,"{""path"": ""encounters_research/out/encounters.json"", ""json_pointer"": ""/broadcast/entries/63/sets/0/species/1"", ""file_sha256"": ""37eb8635e2952e74a2e39cfd62a20d3edb4def344f131b7ab04cada388371458""}",world/pages/maps/g01_n126.md,/broadcast_metadata/gating
2,322,勾魂眼,20,broadcast:63:3:2,1:126,黑暗洞穴,3,Wednesday,丰缘(Hoenn),20,"{""path"": ""encounters_research/out/encounters.json"", ""json_pointer"": ""/broadcast/entries/63/sets/0/species/2"", ""file_sha256"": ""37eb8635e2952e74a2e39cfd62a20d3edb4def344f131b7ab04cada388371458""}",world/pages/maps/g01_n126.md,/broadcast_metadata/gating
3,322,勾魂眼,20,broadcast:63:3:3,1:126,黑暗洞穴,3,Wednesday,丰缘(Hoenn),20,"{""path"": ""encounters_research/out/encounters.json"", ""json_pointer"": ""/broadcast/entries/63/sets/0/species/3"", ""file_sha256"": ""37eb8635e2952e74a2e39cfd62a20d3edb4def344f131b7ab04cada388371458""}",world/pages/maps/g01_n126.md,/broadcast_metadata/gating
0,489,铜镜怪,40,broadcast:63:4:0,1:126,黑暗洞穴,4,Thursday,神奥(Sinnoh),40,"{""path"": ""encounters_research/out/encounters.json"", ""json_pointer"": ""/broadcast/entries/63/sets/1/species/0"", ""file_sha256"": ""37eb8635e2952e74a2e39cfd62a20d3edb4def344f131b7ab04cada388371458""}",world/pages/maps/g01_n126.md,/broadcast_metadata/gating
1,502,沙河马,20,broadcast:63:4:1,1:126,黑暗洞穴,4,Thursday,神奥(Sinnoh),20,"{""path"": ""encounters_research/out/encounters.json"", ""json_pointer"": ""/broadcast/entries/63/sets/1/species/1"", ""file_sha256"": ""37eb8635e2952e74a2e39cfd62a20d3edb4def344f131b7ab04cada388371458""}",world/pages/maps/g01_n126.md,/broadcast_metadata/gating
2,504,钳尾蝎,20,broadcast:63:4:2,1:126,黑暗洞穴,4,Thursday,神奥(Sinnoh),20,"{""path"": ""encounters_research/out/encounters.json"", ""json_pointer"": ""/broadcast/entries/63/sets/1/species/2"", ""file_sha256"": ""37eb8635e2952e74a2e39cfd62a20d3edb4def344f131b7ab04cada388371458""}",world/pages/maps/g01_n126.md,/broadcast_metadata/gating
3,504,钳尾蝎,20,broadcast:63:4:3,1:126,黑暗洞穴,4,Thursday,神奥(Sinnoh),20,"{""path"": ""encounters_research/out/encounters.json"", ""json_pointer"": ""/broadcast/entries/63/sets/1/species/3"", ""file_sha256"": ""37eb8635e2952e74a2e39cfd62a20d3edb4def344f131b7ab04cada388371458""}",world/pages/maps/g01_n126.md,/broadcast_metadata/gating
0,1129,小炭仔,40,broadcast:63:0:0,1:126,黑暗洞穴,0,Sunday,伽勒尔(Galar),40,"{""path"": ""encounters_research/out/encounters.json"", ""json_pointer"": ""/broadcast/entries/63/sets/2/species/0"", ""file_sha256"": ""37eb8635e2952e74a2e39cfd62a20d3edb4def344f131b7ab04cada388371458""}",world/pages/maps/g01_n126.md,/broadcast_metadata/gating
1,585,搬运小匠,20,broadcast:63:0:1,1:126,黑暗洞穴,0,Sunday,伽勒尔(Galar),20,"{""path"": ""encounters_research/out/encounters.json"", ""json_pointer"": ""/broadcast/entries/63/sets/2/species/1"", ""file_sha256"": ""37eb8635e2952e74a2e39cfd62a20d3edb4def344f131b7ab04cada388371458""}",world/pages/maps/g01_n126.md,/broadcast_metadata/gating
2,1170,铜象,20,broadcast:63:0:2,1:126,黑暗洞穴,0,Sunday,伽勒尔(Galar),20,"{""path"": ""encounters_research/out/encounters.json"", ""json_pointer"": ""/broadcast/entries/63/sets/2/species/2"", ""file_sha256"": ""37eb8635e2952e74a2e39cfd62a20d3edb4def344f131b7ab04cada388371458""}",world/pages/maps/g01_n126.md,/broadcast_metadata/gating
3,1170,铜象,20,broadcast:63:0:3,1:126,黑暗洞穴,0,Sunday,伽勒尔(Galar),20,"{""path"": ""encounters_research/out/encounters.json"", ""json_pointer"": ""/broadcast/entries/63/sets/2/species/3"", ""file_sha256"": ""37eb8635e2952e74a2e39cfd62a20d3edb4def344f131b7ab04cada388371458""}",world/pages/maps/g01_n126.md,/broadcast_metadata/gating
0,320,朝北鼻,40,broadcast:64:3:0,51:9,城都矿山,3,Wednesday,丰缘(Hoenn),40,"{""path"": ""encounters_research/out/encounters.json"", ""json_pointer"": ""/broadcast/entries/64/sets/0/species/0"", ""file_sha256"": ""37eb8635e2952e74a2e39cfd62a20d3edb4def344f131b7ab04cada388371458""}",world/pages/maps/g51_n009.md,/broadcast_metadata/gating
1,382,可可多拉,20,broadcast:64:3:1,51:9,城都矿山,3,Wednesday,丰缘(Hoenn),20,"{""path"": ""encounters_research/out/encounters.json"", ""json_pointer"": ""/broadcast/entries/64/sets/0/species/1"", ""file_sha256"": ""37eb8635e2952e74a2e39cfd62a20d3edb4def344f131b7ab04cada388371458""}",world/pages/maps/g51_n009.md,/broadcast_metadata/gating
2,322,勾魂眼,20,broadcast:64:3:2,51:9,城都矿山,3,Wednesday,丰缘(Hoenn),20,"{""path"": ""encounters_research/out/encounters.json"", ""json_pointer"": ""/broadcast/entries/64/sets/0/species/2"", ""file_sha256"": ""37eb8635e2952e74a2e39cfd62a20d3edb4def344f131b7ab04cada388371458""}",world/pages/maps/g51_n009.md,/broadcast_metadata/gating
3,322,勾魂眼,20,broadcast:64:3:3,51:9,城都矿山,3,Wednesday,丰缘(Hoenn),20,"{""path"": ""encounters_research/out/encounters.json"", ""json_pointer"": ""/broadcast/entries/64/sets/0/species/3"", ""file_sha256"": ""37eb8635e2952e74a2e39cfd62a20d3edb4def344f131b7ab04cada388371458""}",world/pages/maps/g51_n009.md,/broadcast_metadata/gating
0,489,铜镜怪,40,broadcast:64:4:0,51:9,城都矿山,4,Thursday,神奥(Sinnoh),40,"{""path"": ""encounters_research/out/encounters.json"", ""json_pointer"": ""/broadcast/entries/64/sets/1/species/0"", ""file_sha256"": ""37eb8635e2952e74a2e39cfd62a20d3edb4def344f131b7ab04cada388371458""}",world/pages/maps/g51_n009.md,/broadcast_metadata/gating
1,502,沙河马,20,broadcast:64:4:1,51:9,城都矿山,4,Thursday,神奥(Sinnoh),20,"{""path"": ""encounters_research/out/encounters.json"", ""json_pointer"": ""/broadcast/entries/64/sets/1/species/1"", ""file_sha256"": ""37eb8635e2952e74a2e39cfd62a20d3edb4def344f131b7ab04cada388371458""}",world/pages/maps/g51_n009.md,/broadcast_metadata/gating
2,504,钳尾蝎,20,broadcast:64:4:2,51:9,城都矿山,4,Thursday,神奥(Sinnoh),20,"{""path"": ""encounters_research/out/encounters.json"", ""json_pointer"": ""/broadcast/entries/64/sets/1/species/2"", ""file_sha256"": ""37eb8635e2952e74a2e39cfd62a20d3edb4def344f131b7ab04cada388371458""}",world/pages/maps/g51_n009.md,/broadcast_metadata/gating
3,504,钳尾蝎,20,broadcast:64:4:3,51:9,城都矿山,4,Thursday,神奥(Sinnoh),20,"{""path"": ""encounters_research/out/encounters.json"", ""json_pointer"": ""/broadcast/entries/64/sets/1/species/3"", ""file_sha256"": ""37eb8635e2952e74a2e39cfd62a20d3edb4def344f131b7ab04cada388371458""}",world/pages/maps/g51_n009.md,/broadcast_metadata/gating
0,1129,小炭仔,40,broadcast:64:0:0,51:9,城都矿山,0,Sunday,伽勒尔(Galar),40,"{""path"": ""encounters_research/out/encounters.json"", ""json_pointer"": ""/broadcast/entries/64/sets/2/species/0"", ""file_sha256"": ""37eb8635e2952e74a2e39cfd62a20d3edb4def344f131b7ab04cada388371458""}",world/pages/maps/g51_n009.md,/broadcast_metadata/gating
1,585,搬运小匠,20,broadcast:64:0:1,51:9,城都矿山,0,Sunday,伽勒尔(Galar),20,"{""path"": ""encounters_research/out/encounters.json"", ""json_pointer"": ""/broadcast/entries/64/sets/2/species/1"", ""file_sha256"": ""37eb8635e2952e74a2e39cfd62a20d3edb4def344f131b7ab04cada388371458""}",world/pages/maps/g51_n009.md,/broadcast_metadata/gating
2,1170,铜象,20,broadcast:64:0:2,51:9,城都矿山,0,Sunday,伽勒尔(Galar),20,"{""path"": ""encounters_research/out/encounters.json"", ""json_pointer"": ""/broadcast/entries/64/sets/2/species/2"", ""file_sha256"": ""37eb8635e2952e74a2e39cfd62a20d3edb4def344f131b7ab04cada388371458""}",world/pages/maps/g51_n009.md,/broadcast_metadata/gating
3,1170,铜象,20,broadcast:64:0:3,51:9,城都矿山,0,Sunday,伽勒尔(Galar),20,"{""path"": ""encounters_research/out/encounters.json"", ""json_pointer"": ""/broadcast/entries/64/sets/2/species/3"", ""file_sha256"": ""37eb8635e2952e74a2e39cfd62a20d3edb4def344f131b7ab04cada388371458""}",world/pages/maps/g51_n009.md,/broadcast_metadata/gating
0,346,雪童子,40,broadcast:65:3:0,53:4,冰天地,3,Wednesday,丰缘(Hoenn),40,"{""path"": ""encounters_research/out/encounters.json"", ""json_pointer"": ""/broadcast/entries/65/sets/0/species/0"", ""file_sha256"": ""37eb8635e2952e74a2e39cfd62a20d3edb4def344f131b7ab04cada388371458""}",world/pages/maps/g53_n004.md,/broadcast_metadata/gating
1,341,海豹球,20,broadcast:65:3:1,53:4,冰天地,3,Wednesday,丰缘(Hoenn),20,"{""path"": ""encounters_research/out/encounters.json"", ""json_pointer"": ""/broadcast/entries/65/sets/0/species/1"", ""file_sha256"": ""37eb8635e2952e74a2e39cfd62a20d3edb4def344f131b7ab04cada388371458""}",world/pages/maps/g53_n004.md,/broadcast_metadata/gating
2,376,阿勃梭鲁,20,broadcast:65:3:2,53:4,冰天地,3,Wednesday,丰缘(Hoenn),20,"{""path"": ""encounters_research/out/encounters.json"", ""json_pointer"": ""/broadcast/entries/65/sets/0/species/2"", ""file_sha256"": ""37eb8635e2952e74a2e39cfd62a20d3edb4def344f131b7ab04cada388371458""}",world/pages/maps/g53_n004.md,/broadcast_metadata/gating
3,376,阿勃梭鲁,20,broadcast:65:3:3,53:4,冰天地,3,Wednesday,丰缘(Hoenn),20,"{""path"": ""encounters_research/out/encounters.json"", ""json_pointer"": ""/broadcast/entries/65/sets/0/species/3"", ""file_sha256"": ""37eb8635e2952e74a2e39cfd62a20d3edb4def344f131b7ab04cada388371458""}",world/pages/maps/g53_n004.md,/broadcast_metadata/gating
0,512,雪笠怪,40,broadcast:65:4:0,53:4,冰天地,4,Thursday,神奥(Sinnoh),40,"{""path"": ""encounters_research/out/encounters.json"", ""json_pointer"": ""/broadcast/entries/65/sets/1/species/0"", ""file_sha256"": ""37eb8635e2952e74a2e39cfd62a20d3edb4def344f131b7ab04cada388371458""}",world/pages/maps/g53_n004.md,/broadcast_metadata/gating
1,446,波加曼,20,broadcast:65:4:1,53:4,冰天地,4,Thursday,神奥(Sinnoh),20,"{""path"": ""encounters_research/out/encounters.json"", ""json_pointer"": ""/broadcast/entries/65/sets/1/species/1"", ""file_sha256"": ""37eb8635e2952e74a2e39cfd62a20d3edb4def344f131b7ab04cada388371458""}",world/pages/maps/g53_n004.md,/broadcast_metadata/gating
2,480,卷卷耳,20,broadcast:65:4:2,53:4,冰天地,4,Thursday,神奥(Sinnoh),20,"{""path"": ""encounters_research/out/encounters.json"", ""json_pointer"": ""/broadcast/entries/65/sets/1/species/2"", ""file_sha256"": ""37eb8635e2952e74a2e39cfd62a20d3edb4def344f131b7ab04cada388371458""}",world/pages/maps/g53_n004.md,/broadcast_metadata/gating
3,480,卷卷耳,20,broadcast:65:4:3,53:4,冰天地,4,Thursday,神奥(Sinnoh),20,"{""path"": ""encounters_research/out/encounters.json"", ""json_pointer"": ""/broadcast/entries/65/sets/1/species/3"", ""file_sha256"": ""37eb8635e2952e74a2e39cfd62a20d3edb4def344f131b7ab04cada388371458""}",world/pages/maps/g53_n004.md,/broadcast_metadata/gating
0,1164,雪吞虫,40,broadcast:65:0:0,53:4,冰天地,0,Sunday,伽勒尔(Galar),40,"{""path"": ""encounters_research/out/encounters.json"", ""json_pointer"": ""/broadcast/entries/65/sets/2/species/0"", ""file_sha256"": ""37eb8635e2952e74a2e39cfd62a20d3edb4def344f131b7ab04cada388371458""}",world/pages/maps/g53_n004.md,/broadcast_metadata/gating
1,1229,火红不倒翁,20,broadcast:65:0:1,53:4,冰天地,0,Sunday,伽勒尔(Galar),20,"{""path"": ""encounters_research/out/encounters.json"", ""json_pointer"": ""/broadcast/entries/65/sets/2/species/1"", ""file_sha256"": ""37eb8635e2952e74a2e39cfd62a20d3edb4def344f131b7ab04cada388371458""}",world/pages/maps/g53_n004.md,/broadcast_metadata/gating
2,1167,冰砌鹅,20,broadcast:65:0:2,53:4,冰天地,0,Sunday,伽勒尔(Galar),20,"{""path"": ""encounters_research/out/encounters.json"", ""json_pointer"": ""/broadcast/entries/65/sets/2/species/2"", ""file_sha256"": ""37eb8635e2952e74a2e39cfd62a20d3edb4def344f131b7ab04cada388371458""}",world/pages/maps/g53_n004.md,/broadcast_metadata/gating
3,1167,冰砌鹅,20,broadcast:65:0:3,53:4,冰天地,0,Sunday,伽勒尔(Galar),20,"{""path"": ""encounters_research/out/encounters.json"", ""json_pointer"": ""/broadcast/entries/65/sets/2/species/3"", ""file_sha256"": ""37eb8635e2952e74a2e39cfd62a20d3edb4def344f131b7ab04cada388371458""}",world/pages/maps/g53_n004.md,/broadcast_metadata/gating
0,346,雪童子,40,broadcast:66:3:0,53:5,冰天地,3,Wednesday,丰缘(Hoenn),40,"{""path"": ""encounters_research/out/encounters.json"", ""json_pointer"": ""/broadcast/entries/66/sets/0/species/0"", ""file_sha256"": ""37eb8635e2952e74a2e39cfd62a20d3edb4def344f131b7ab04cada388371458""}",world/pages/maps/g53_n005.md,/broadcast_metadata/gating
1,341,海豹球,20,broadcast:66:3:1,53:5,冰天地,3,Wednesday,丰缘(Hoenn),20,"{""path"": ""encounters_research/out/encounters.json"", ""json_pointer"": ""/broadcast/entries/66/sets/0/species/1"", ""file_sha256"": ""37eb8635e2952e74a2e39cfd62a20d3edb4def344f131b7ab04cada388371458""}",world/pages/maps/g53_n005.md,/broadcast_metadata/gating
2,376,阿勃梭鲁,20,broadcast:66:3:2,53:5,冰天地,3,Wednesday,丰缘(Hoenn),20,"{""path"": ""encounters_research/out/encounters.json"", ""json_pointer"": ""/broadcast/entries/66/sets/0/species/2"", ""file_sha256"": ""37eb8635e2952e74a2e39cfd62a20d3edb4def344f131b7ab04cada388371458""}",world/pages/maps/g53_n005.md,/broadcast_metadata/gating
3,376,阿勃梭鲁,20,broadcast:66:3:3,53:5,冰天地,3,Wednesday,丰缘(Hoenn),20,"{""path"": ""encounters_research/out/encounters.json"", ""json_pointer"": ""/broadcast/entries/66/sets/0/species/3"", ""file_sha256"": ""37eb8635e2952e74a2e39cfd62a20d3edb4def344f131b7ab04cada388371458""}",world/pages/maps/g53_n005.md,/broadcast_metadata/gating
0,512,雪笠怪,40,broadcast:66:4:0,53:5,冰天地,4,Thursday,神奥(Sinnoh),40,"{""path"": ""encounters_research/out/encounters.json"", ""json_pointer"": ""/broadcast/entries/66/sets/1/species/0"", ""file_sha256"": ""37eb8635e2952e74a2e39cfd62a20d3edb4def344f131b7ab04cada388371458""}",world/pages/maps/g53_n005.md,/broadcast_metadata/gating
1,446,波加曼,20,broadcast:66:4:1,53:5,冰天地,4,Thursday,神奥(Sinnoh),20,"{""path"": ""encounters_research/out/encounters.json"", ""json_pointer"": ""/broadcast/entries/66/sets/1/species/1"", ""file_sha256"": ""37eb8635e2952e74a2e39cfd62a20d3edb4def344f131b7ab04cada388371458""}",world/pages/maps/g53_n005.md,/broadcast_metadata/gating
2,480,卷卷耳,20,broadcast:66:4:2,53:5,冰天地,4,Thursday,神奥(Sinnoh),20,"{""path"": ""encounters_research/out/encounters.json"", ""json_pointer"": ""/broadcast/entries/66/sets/1/species/2"", ""file_sha256"": ""37eb8635e2952e74a2e39cfd62a20d3edb4def344f131b7ab04cada388371458""}",world/pages/maps/g53_n005.md,/broadcast_metadata/gating
3,480,卷卷耳,20,broadcast:66:4:3,53:5,冰天地,4,Thursday,神奥(Sinnoh),20,"{""path"": ""encounters_research/out/encounters.json"", ""json_pointer"": ""/broadcast/entries/66/sets/1/species/3"", ""file_sha256"": ""37eb8635e2952e74a2e39cfd62a20d3edb4def344f131b7ab04cada388371458""}",world/pages/maps/g53_n005.md,/broadcast_metadata/gating
0,1164,雪吞虫,40,broadcast:66:0:0,53:5,冰天地,0,Sunday,伽勒尔(Galar),40,"{""path"": ""encounters_research/out/encounters.json"", ""json_pointer"": ""/broadcast/entries/66/sets/2/species/0"", ""file_sha256"": ""37eb8635e2952e74a2e39cfd62a20d3edb4def344f131b7ab04cada388371458""}",world/pages/maps/g53_n005.md,/broadcast_metadata/gating
1,1229,火红不倒翁,20,broadcast:66:0:1,53:5,冰天地,0,Sunday,伽勒尔(Galar),20,"{""path"": ""encounters_research/out/encounters.json"", ""json_pointer"": ""/broadcast/entries/66/sets/2/species/1"", ""file_sha256"": ""37eb8635e2952e74a2e39cfd62a20d3edb4def344f131b7ab04cada388371458""}",world/pages/maps/g53_n005.md,/broadcast_metadata/gating
2,1167,冰砌鹅,20,broadcast:66:0:2,53:5,冰天地,0,Sunday,伽勒尔(Galar),20,"{""path"": ""encounters_research/out/encounters.json"", ""json_pointer"": ""/broadcast/entries/66/sets/2/species/2"", ""file_sha256"": ""37eb8635e2952e74a2e39cfd62a20d3edb4def344f131b7ab04cada388371458""}",world/pages/maps/g53_n005.md,/broadcast_metadata/gating
3,1167,冰砌鹅,20,broadcast:66:0:3,53:5,冰天地,0,Sunday,伽勒尔(Galar),20,"{""path"": ""encounters_research/out/encounters.json"", ""json_pointer"": ""/broadcast/entries/66/sets/2/species/3"", ""file_sha256"": ""37eb8635e2952e74a2e39cfd62a20d3edb4def344f131b7ab04cada388371458""}",world/pages/maps/g53_n005.md,/broadcast_metadata/gating
0,346,雪童子,40,broadcast:67:3:0,53:6,冰天地,3,Wednesday,丰缘(Hoenn),40,"{""path"": ""encounters_research/out/encounters.json"", ""json_pointer"": ""/broadcast/entries/67/sets/0/species/0"", ""file_sha256"": ""37eb8635e2952e74a2e39cfd62a20d3edb4def344f131b7ab04cada388371458""}",world/pages/maps/g53_n006.md,/broadcast_metadata/gating
1,341,海豹球,20,broadcast:67:3:1,53:6,冰天地,3,Wednesday,丰缘(Hoenn),20,"{""path"": ""encounters_research/out/encounters.json"", ""json_pointer"": ""/broadcast/entries/67/sets/0/species/1"", ""file_sha256"": ""37eb8635e2952e74a2e39cfd62a20d3edb4def344f131b7ab04cada388371458""}",world/pages/maps/g53_n006.md,/broadcast_metadata/gating
2,376,阿勃梭鲁,20,broadcast:67:3:2,53:6,冰天地,3,Wednesday,丰缘(Hoenn),20,"{""path"": ""encounters_research/out/encounters.json"", ""json_pointer"": ""/broadcast/entries/67/sets/0/species/2"", ""file_sha256"": ""37eb8635e2952e74a2e39cfd62a20d3edb4def344f131b7ab04cada388371458""}",world/pages/maps/g53_n006.md,/broadcast_metadata/gating
3,376,阿勃梭鲁,20,broadcast:67:3:3,53:6,冰天地,3,Wednesday,丰缘(Hoenn),20,"{""path"": ""encounters_research/out/encounters.json"", ""json_pointer"": ""/broadcast/entries/67/sets/0/species/3"", ""file_sha256"": ""37eb8635e2952e74a2e39cfd62a20d3edb4def344f131b7ab04cada388371458""}",world/pages/maps/g53_n006.md,/broadcast_metadata/gating
0,512,雪笠怪,40,broadcast:67:4:0,53:6,冰天地,4,Thursday,神奥(Sinnoh),40,"{""path"": ""encounters_research/out/encounters.json"", ""json_pointer"": ""/broadcast/entries/67/sets/1/species/0"", ""file_sha256"": ""37eb8635e2952e74a2e39cfd62a20d3edb4def344f131b7ab04cada388371458""}",world/pages/maps/g53_n006.md,/broadcast_metadata/gating
1,446,波加曼,20,broadcast:67:4:1,53:6,冰天地,4,Thursday,神奥(Sinnoh),20,"{""path"": ""encounters_research/out/encounters.json"", ""json_pointer"": ""/broadcast/entries/67/sets/1/species/1"", ""file_sha256"": ""37eb8635e2952e74a2e39cfd62a20d3edb4def344f131b7ab04cada388371458""}",world/pages/maps/g53_n006.md,/broadcast_metadata/gating
2,480,卷卷耳,20,broadcast:67:4:2,53:6,冰天地,4,Thursday,神奥(Sinnoh),20,"{""path"": ""encounters_research/out/encounters.json"", ""json_pointer"": ""/broadcast/entries/67/sets/1/species/2"", ""file_sha256"": ""37eb8635e2952e74a2e39cfd62a20d3edb4def344f131b7ab04cada388371458""}",world/pages/maps/g53_n006.md,/broadcast_metadata/gating
3,480,卷卷耳,20,broadcast:67:4:3,53:6,冰天地,4,Thursday,神奥(Sinnoh),20,"{""path"": ""encounters_research/out/encounters.json"", ""json_pointer"": ""/broadcast/entries/67/sets/1/species/3"", ""file_sha256"": ""37eb8635e2952e74a2e39cfd62a20d3edb4def344f131b7ab04cada388371458""}",world/pages/maps/g53_n006.md,/broadcast_metadata/gating
0,1164,雪吞虫,40,broadcast:67:0:0,53:6,冰天地,0,Sunday,伽勒尔(Galar),40,"{""path"": ""encounters_research/out/encounters.json"", ""json_pointer"": ""/broadcast/entries/67/sets/2/species/0"", ""file_sha256"": ""37eb8635e2952e74a2e39cfd62a20d3edb4def344f131b7ab04cada388371458""}",world/pages/maps/g53_n006.md,/broadcast_metadata/gating
1,1229,火红不倒翁,20,broadcast:67:0:1,53:6,冰天地,0,Sunday,伽勒尔(Galar),20,"{""path"": ""encounters_research/out/encounters.json"", ""json_pointer"": ""/broadcast/entries/67/sets/2/species/1"", ""file_sha256"": ""37eb8635e2952e74a2e39cfd62a20d3edb4def344f131b7ab04cada388371458""}",world/pages/maps/g53_n006.md,/broadcast_metadata/gating
2,1167,冰砌鹅,20,broadcast:67:0:2,53:6,冰天地,0,Sunday,伽勒尔(Galar),20,"{""path"": ""encounters_research/out/encounters.json"", ""json_pointer"": ""/broadcast/entries/67/sets/2/species/2"", ""file_sha256"": ""37eb8635e2952e74a2e39cfd62a20d3edb4def344f131b7ab04cada388371458""}",world/pages/maps/g53_n006.md,/broadcast_metadata/gating
3,1167,冰砌鹅,20,broadcast:67:0:3,53:6,冰天地,0,Sunday,伽勒尔(Galar),20,"{""path"": ""encounters_research/out/encounters.json"", ""json_pointer"": ""/broadcast/entries/67/sets/2/species/3"", ""file_sha256"": ""37eb8635e2952e74a2e39cfd62a20d3edb4def344f131b7ab04cada388371458""}",world/pages/maps/g53_n006.md,/broadcast_metadata/gating
0,346,雪童子,40,broadcast:68:3:0,53:7,冰天地,3,Wednesday,丰缘(Hoenn),40,"{""path"": ""encounters_research/out/encounters.json"", ""json_pointer"": ""/broadcast/entries/68/sets/0/species/0"", ""file_sha256"": ""37eb8635e2952e74a2e39cfd62a20d3edb4def344f131b7ab04cada388371458""}",world/pages/maps/g53_n007.md,/broadcast_metadata/gating
1,341,海豹球,20,broadcast:68:3:1,53:7,冰天地,3,Wednesday,丰缘(Hoenn),20,"{""path"": ""encounters_research/out/encounters.json"", ""json_pointer"": ""/broadcast/entries/68/sets/0/species/1"", ""file_sha256"": ""37eb8635e2952e74a2e39cfd62a20d3edb4def344f131b7ab04cada388371458""}",world/pages/maps/g53_n007.md,/broadcast_metadata/gating
2,376,阿勃梭鲁,20,broadcast:68:3:2,53:7,冰天地,3,Wednesday,丰缘(Hoenn),20,"{""path"": ""encounters_research/out/encounters.json"", ""json_pointer"": ""/broadcast/entries/68/sets/0/species/2"", ""file_sha256"": ""37eb8635e2952e74a2e39cfd62a20d3edb4def344f131b7ab04cada388371458""}",world/pages/maps/g53_n007.md,/broadcast_metadata/gating
3,376,阿勃梭鲁,20,broadcast:68:3:3,53:7,冰天地,3,Wednesday,丰缘(Hoenn),20,"{""path"": ""encounters_research/out/encounters.json"", ""json_pointer"": ""/broadcast/entries/68/sets/0/species/3"", ""file_sha256"": ""37eb8635e2952e74a2e39cfd62a20d3edb4def344f131b7ab04cada388371458""}",world/pages/maps/g53_n007.md,/broadcast_metadata/gating
0,512,雪笠怪,40,broadcast:68:4:0,53:7,冰天地,4,Thursday,神奥(Sinnoh),40,"{""path"": ""encounters_research/out/encounters.json"", ""json_pointer"": ""/broadcast/entries/68/sets/1/species/0"", ""file_sha256"": ""37eb8635e2952e74a2e39cfd62a20d3edb4def344f131b7ab04cada388371458""}",world/pages/maps/g53_n007.md,/broadcast_metadata/gating
1,446,波加曼,20,broadcast:68:4:1,53:7,冰天地,4,Thursday,神奥(Sinnoh),20,"{""path"": ""encounters_research/out/encounters.json"", ""json_pointer"": ""/broadcast/entries/68/sets/1/species/1"", ""file_sha256"": ""37eb8635e2952e74a2e39cfd62a20d3edb4def344f131b7ab04cada388371458""}",world/pages/maps/g53_n007.md,/broadcast_metadata/gating
2,480,卷卷耳,20,broadcast:68:4:2,53:7,冰天地,4,Thursday,神奥(Sinnoh),20,"{""path"": ""encounters_research/out/encounters.json"", ""json_pointer"": ""/broadcast/entries/68/sets/1/species/2"", ""file_sha256"": ""37eb8635e2952e74a2e39cfd62a20d3edb4def344f131b7ab04cada388371458""}",world/pages/maps/g53_n007.md,/broadcast_metadata/gating
3,480,卷卷耳,20,broadcast:68:4:3,53:7,冰天地,4,Thursday,神奥(Sinnoh),20,"{""path"": ""encounters_research/out/encounters.json"", ""json_pointer"": ""/broadcast/entries/68/sets/1/species/3"", ""file_sha256"": ""37eb8635e2952e74a2e39cfd62a20d3edb4def344f131b7ab04cada388371458""}",world/pages/maps/g53_n007.md,/broadcast_metadata/gating
0,1164,雪吞虫,40,broadcast:68:0:0,53:7,冰天地,0,Sunday,伽勒尔(Galar),40,"{""path"": ""encounters_research/out/encounters.json"", ""json_pointer"": ""/broadcast/entries/68/sets/2/species/0"", ""file_sha256"": ""37eb8635e2952e74a2e39cfd62a20d3edb4def344f131b7ab04cada388371458""}",world/pages/maps/g53_n007.md,/broadcast_metadata/gating
1,1229,火红不倒翁,20,broadcast:68:0:1,53:7,冰天地,0,Sunday,伽勒尔(Galar),20,"{""path"": ""encounters_research/out/encounters.json"", ""json_pointer"": ""/broadcast/entries/68/sets/2/species/1"", ""file_sha256"": ""37eb8635e2952e74a2e39cfd62a20d3edb4def344f131b7ab04cada388371458""}",world/pages/maps/g53_n007.md,/broadcast_metadata/gating
2,1167,冰砌鹅,20,broadcast:68:0:2,53:7,冰天地,0,Sunday,伽勒尔(Galar),20,"{""path"": ""encounters_research/out/encounters.json"", ""json_pointer"": ""/broadcast/entries/68/sets/2/species/2"", ""file_sha256"": ""37eb8635e2952e74a2e39cfd62a20d3edb4def344f131b7ab04cada388371458""}",world/pages/maps/g53_n007.md,/broadcast_metadata/gating
3,1167,冰砌鹅,20,broadcast:68:0:3,53:7,冰天地,0,Sunday,伽勒尔(Galar),20,"{""path"": ""encounters_research/out/encounters.json"", ""json_pointer"": ""/broadcast/entries/68/sets/2/species/3"", ""file_sha256"": ""37eb8635e2952e74a2e39cfd62a20d3edb4def344f131b7ab04cada388371458""}",world/pages/maps/g53_n007.md,/broadcast_metadata/gating
0,370,咕妞妞,40,broadcast:69:3:0,55:0,都城瀑布,3,Wednesday,丰缘(Hoenn),40,"{""path"": ""encounters_research/out/encounters.json"", ""json_pointer"": ""/broadcast/entries/69/sets/0/species/0"", ""file_sha256"": ""37eb8635e2952e74a2e39cfd62a20d3edb4def344f131b7ab04cada388371458""}",world/pages/maps/g55_n000.md,/broadcast_metadata/gating
1,322,勾魂眼,20,broadcast:69:3:1,55:0,都城瀑布,3,Wednesday,丰缘(Hoenn),20,"{""path"": ""encounters_research/out/encounters.json"", ""json_pointer"": ""/broadcast/entries/69/sets/0/species/1"", ""file_sha256"": ""37eb8635e2952e74a2e39cfd62a20d3edb4def344f131b7ab04cada388371458""}",world/pages/maps/g55_n000.md,/broadcast_metadata/gating
2,355,大嘴娃,20,broadcast:69:3:2,55:0,都城瀑布,3,Wednesday,丰缘(Hoenn),20,"{""path"": ""encounters_research/out/encounters.json"", ""json_pointer"": ""/broadcast/entries/69/sets/0/species/2"", ""file_sha256"": ""37eb8635e2952e74a2e39cfd62a20d3edb4def344f131b7ab04cada388371458""}",world/pages/maps/g55_n000.md,/broadcast_metadata/gating
3,355,大嘴娃,20,broadcast:69:3:3,55:0,都城瀑布,3,Wednesday,丰缘(Hoenn),20,"{""path"": ""encounters_research/out/encounters.json"", ""json_pointer"": ""/broadcast/entries/69/sets/0/species/3"", ""file_sha256"": ""37eb8635e2952e74a2e39cfd62a20d3edb4def344f131b7ab04cada388371458""}",world/pages/maps/g55_n000.md,/broadcast_metadata/gating
0,475,无壳海兔,40,broadcast:69:4:0,55:0,都城瀑布,4,Thursday,神奥(Sinnoh),40,"{""path"": ""encounters_research/out/encounters.json"", ""json_pointer"": ""/broadcast/entries/69/sets/1/species/0"", ""file_sha256"": ""37eb8635e2952e74a2e39cfd62a20d3edb4def344f131b7ab04cada388371458""}",world/pages/maps/g55_n000.md,/broadcast_metadata/gating
1,506,不良蛙,20,broadcast:69:4:1,55:0,都城瀑布,4,Thursday,神奥(Sinnoh),20,"{""path"": ""encounters_research/out/encounters.json"", ""json_pointer"": ""/broadcast/entries/69/sets/1/species/1"", ""file_sha256"": ""37eb8635e2952e74a2e39cfd62a20d3edb4def344f131b7ab04cada388371458""}",world/pages/maps/g55_n000.md,/broadcast_metadata/gating
2,486,铃铛响,20,broadcast:69:4:2,55:0,都城瀑布,4,Thursday,神奥(Sinnoh),20,"{""path"": ""encounters_research/out/encounters.json"", ""json_pointer"": ""/broadcast/entries/69/sets/1/species/2"", ""file_sha256"": ""37eb8635e2952e74a2e39cfd62a20d3edb4def344f131b7ab04cada388371458""}",world/pages/maps/g55_n000.md,/broadcast_metadata/gating
3,486,铃铛响,20,broadcast:69:4:3,55:0,都城瀑布,4,Thursday,神奥(Sinnoh),20,"{""path"": ""encounters_research/out/encounters.json"", ""json_pointer"": ""/broadcast/entries/69/sets/1/species/3"", ""file_sha256"": ""37eb8635e2952e74a2e39cfd62a20d3edb4def344f131b7ab04cada388371458""}",world/pages/maps/g55_n000.md,/broadcast_metadata/gating
0,1125,咬咬龟,40,broadcast:69:0:0,55:0,都城瀑布,0,Sunday,伽勒尔(Galar),40,"{""path"": ""encounters_research/out/encounters.json"", ""json_pointer"": ""/broadcast/entries/69/sets/2/species/0"", ""file_sha256"": ""37eb8635e2952e74a2e39cfd62a20d3edb4def344f131b7ab04cada388371458""}",world/pages/maps/g55_n000.md,/broadcast_metadata/gating
1,580,滚滚蝙蝠,20,broadcast:69:0:1,55:0,都城瀑布,0,Sunday,伽勒尔(Galar),20,"{""path"": ""encounters_research/out/encounters.json"", ""json_pointer"": ""/broadcast/entries/69/sets/2/species/1"", ""file_sha256"": ""37eb8635e2952e74a2e39cfd62a20d3edb4def344f131b7ab04cada388371458""}",world/pages/maps/g55_n000.md,/broadcast_metadata/gating
2,577,石丸子,20,broadcast:69:0:2,55:0,都城瀑布,0,Sunday,伽勒尔(Galar),20,"{""path"": ""encounters_research/out/encounters.json"", ""json_pointer"": ""/broadcast/entries/69/sets/2/species/2"", ""file_sha256"": ""37eb8635e2952e74a2e39cfd62a20d3edb4def344f131b7ab04cada388371458""}",world/pages/maps/g55_n000.md,/broadcast_metadata/gating
3,577,石丸子,20,broadcast:69:0:3,55:0,都城瀑布,0,Sunday,伽勒尔(Galar),20,"{""path"": ""encounters_research/out/encounters.json"", ""json_pointer"": ""/broadcast/entries/69/sets/2/species/3"", ""file_sha256"": ""37eb8635e2952e74a2e39cfd62a20d3edb4def344f131b7ab04cada388371458""}",world/pages/maps/g55_n000.md,/broadcast_metadata/gating
0,370,咕妞妞,40,broadcast:70:3:0,55:2,呆呆兽之井,3,Wednesday,丰缘(Hoenn),40,"{""path"": ""encounters_research/out/encounters.json"", ""json_pointer"": ""/broadcast/entries/70/sets/0/species/0"", ""file_sha256"": ""37eb8635e2952e74a2e39cfd62a20d3edb4def344f131b7ab04cada388371458""}",world/pages/maps/g55_n002.md,/broadcast_metadata/gating
1,322,勾魂眼,20,broadcast:70:3:1,55:2,呆呆兽之井,3,Wednesday,丰缘(Hoenn),20,"{""path"": ""encounters_research/out/encounters.json"", ""json_pointer"": ""/broadcast/entries/70/sets/0/species/1"", ""file_sha256"": ""37eb8635e2952e74a2e39cfd62a20d3edb4def344f131b7ab04cada388371458""}",world/pages/maps/g55_n002.md,/broadcast_metadata/gating
2,355,大嘴娃,20,broadcast:70:3:2,55:2,呆呆兽之井,3,Wednesday,丰缘(Hoenn),20,"{""path"": ""encounters_research/out/encounters.json"", ""json_pointer"": ""/broadcast/entries/70/sets/0/species/2"", ""file_sha256"": ""37eb8635e2952e74a2e39cfd62a20d3edb4def344f131b7ab04cada388371458""}",world/pages/maps/g55_n002.md,/broadcast_metadata/gating
3,355,大嘴娃,20,broadcast:70:3:3,55:2,呆呆兽之井,3,Wednesday,丰缘(Hoenn),20,"{""path"": ""encounters_research/out/encounters.json"", ""json_pointer"": ""/broadcast/entries/70/sets/0/species/3"", ""file_sha256"": ""37eb8635e2952e74a2e39cfd62a20d3edb4def344f131b7ab04cada388371458""}",world/pages/maps/g55_n002.md,/broadcast_metadata/gating
0,475,无壳海兔,40,broadcast:70:4:0,55:2,呆呆兽之井,4,Thursday,神奥(Sinnoh),40,"{""path"": ""encounters_research/out/encounters.json"", ""json_pointer"": ""/broadcast/entries/70/sets/1/species/0"", ""file_sha256"": ""37eb8635e2952e74a2e39cfd62a20d3edb4def344f131b7ab04cada388371458""}",world/pages/maps/g55_n002.md,/broadcast_metadata/gating
1,506,不良蛙,20,broadcast:70:4:1,55:2,呆呆兽之井,4,Thursday,神奥(Sinnoh),20,"{""path"": ""encounters_research/out/encounters.json"", ""json_pointer"": ""/broadcast/entries/70/sets/1/species/1"", ""file_sha256"": ""37eb8635e2952e74a2e39cfd62a20d3edb4def344f131b7ab04cada388371458""}",world/pages/maps/g55_n002.md,/broadcast_metadata/gating
2,486,铃铛响,20,broadcast:70:4:2,55:2,呆呆兽之井,4,Thursday,神奥(Sinnoh),20,"{""path"": ""encounters_research/out/encounters.json"", ""json_pointer"": ""/broadcast/entries/70/sets/1/species/2"", ""file_sha256"": ""37eb8635e2952e74a2e39cfd62a20d3edb4def344f131b7ab04cada388371458""}",world/pages/maps/g55_n002.md,/broadcast_metadata/gating
3,486,铃铛响,20,broadcast:70:4:3,55:2,呆呆兽之井,4,Thursday,神奥(Sinnoh),20,"{""path"": ""encounters_research/out/encounters.json"", ""json_pointer"": ""/broadcast/entries/70/sets/1/species/3"", ""file_sha256"": ""37eb8635e2952e74a2e39cfd62a20d3edb4def344f131b7ab04cada388371458""}",world/pages/maps/g55_n002.md,/broadcast_metadata/gating
0,1125,咬咬龟,40,broadcast:70:0:0,55:2,呆呆兽之井,0,Sunday,伽勒尔(Galar),40,"{""path"": ""encounters_research/out/encounters.json"", ""json_pointer"": ""/broadcast/entries/70/sets/2/species/0"", ""file_sha256"": ""37eb8635e2952e74a2e39cfd62a20d3edb4def344f131b7ab04cada388371458""}",world/pages/maps/g55_n002.md,/broadcast_metadata/gating
1,580,滚滚蝙蝠,20,broadcast:70:0:1,55:2,呆呆兽之井,0,Sunday,伽勒尔(Galar),20,"{""path"": ""encounters_research/out/encounters.json"", ""json_pointer"": ""/broadcast/entries/70/sets/2/species/1"", ""file_sha256"": ""37eb8635e2952e74a2e39cfd62a20d3edb4def344f131b7ab04cada388371458""}",world/pages/maps/g55_n002.md,/broadcast_metadata/gating
2,577,石丸子,20,broadcast:70:0:2,55:2,呆呆兽之井,0,Sunday,伽勒尔(Galar),20,"{""path"": ""encounters_research/out/encounters.json"", ""json_pointer"": ""/broadcast/entries/70/sets/2/species/2"", ""file_sha256"": ""37eb8635e2952e74a2e39cfd62a20d3edb4def344f131b7ab04cada388371458""}",world/pages/maps/g55_n002.md,/broadcast_metadata/gating
3,577,石丸子,20,broadcast:70:0:3,55:2,呆呆兽之井,0,Sunday,伽勒尔(Galar),20,"{""path"": ""encounters_research/out/encounters.json"", ""json_pointer"": ""/broadcast/entries/70/sets/2/species/3"", ""file_sha256"": ""37eb8635e2952e74a2e39cfd62a20d3edb4def344f131b7ab04cada388371458""}",world/pages/maps/g55_n002.md,/broadcast_metadata/gating
0,370,咕妞妞,40,broadcast:71:3:0,55:3,呆呆兽之井,3,Wednesday,丰缘(Hoenn),40,"{""path"": ""encounters_research/out/encounters.json"", ""json_pointer"": ""/broadcast/entries/71/sets/0/species/0"", ""file_sha256"": ""37eb8635e2952e74a2e39cfd62a20d3edb4def344f131b7ab04cada388371458""}",world/pages/maps/g55_n003.md,/broadcast_metadata/gating
1,322,勾魂眼,20,broadcast:71:3:1,55:3,呆呆兽之井,3,Wednesday,丰缘(Hoenn),20,"{""path"": ""encounters_research/out/encounters.json"", ""json_pointer"": ""/broadcast/entries/71/sets/0/species/1"", ""file_sha256"": ""37eb8635e2952e74a2e39cfd62a20d3edb4def344f131b7ab04cada388371458""}",world/pages/maps/g55_n003.md,/broadcast_metadata/gating
2,355,大嘴娃,20,broadcast:71:3:2,55:3,呆呆兽之井,3,Wednesday,丰缘(Hoenn),20,"{""path"": ""encounters_research/out/encounters.json"", ""json_pointer"": ""/broadcast/entries/71/sets/0/species/2"", ""file_sha256"": ""37eb8635e2952e74a2e39cfd62a20d3edb4def344f131b7ab04cada388371458""}",world/pages/maps/g55_n003.md,/broadcast_metadata/gating
3,355,大嘴娃,20,broadcast:71:3:3,55:3,呆呆兽之井,3,Wednesday,丰缘(Hoenn),20,"{""path"": ""encounters_research/out/encounters.json"", ""json_pointer"": ""/broadcast/entries/71/sets/0/species/3"", ""file_sha256"": ""37eb8635e2952e74a2e39cfd62a20d3edb4def344f131b7ab04cada388371458""}",world/pages/maps/g55_n003.md,/broadcast_metadata/gating
0,475,无壳海兔,40,broadcast:71:4:0,55:3,呆呆兽之井,4,Thursday,神奥(Sinnoh),40,"{""path"": ""encounters_research/out/encounters.json"", ""json_pointer"": ""/broadcast/entries/71/sets/1/species/0"", ""file_sha256"": ""37eb8635e2952e74a2e39cfd62a20d3edb4def344f131b7ab04cada388371458""}",world/pages/maps/g55_n003.md,/broadcast_metadata/gating
1,506,不良蛙,20,broadcast:71:4:1,55:3,呆呆兽之井,4,Thursday,神奥(Sinnoh),20,"{""path"": ""encounters_research/out/encounters.json"", ""json_pointer"": ""/broadcast/entries/71/sets/1/species/1"", ""file_sha256"": ""37eb8635e2952e74a2e39cfd62a20d3edb4def344f131b7ab04cada388371458""}",world/pages/maps/g55_n003.md,/broadcast_metadata/gating
2,486,铃铛响,20,broadcast:71:4:2,55:3,呆呆兽之井,4,Thursday,神奥(Sinnoh),20,"{""path"": ""encounters_research/out/encounters.json"", ""json_pointer"": ""/broadcast/entries/71/sets/1/species/2"", ""file_sha256"": ""37eb8635e2952e74a2e39cfd62a20d3edb4def344f131b7ab04cada388371458""}",world/pages/maps/g55_n003.md,/broadcast_metadata/gating
3,486,铃铛响,20,broadcast:71:4:3,55:3,呆呆兽之井,4,Thursday,神奥(Sinnoh),20,"{""path"": ""encounters_research/out/encounters.json"", ""json_pointer"": ""/broadcast/entries/71/sets/1/species/3"", ""file_sha256"": ""37eb8635e2952e74a2e39cfd62a20d3edb4def344f131b7ab04cada388371458""}",world/pages/maps/g55_n003.md,/broadcast_metadata/gating
0,1125,咬咬龟,40,broadcast:71:0:0,55:3,呆呆兽之井,0,Sunday,伽勒尔(Galar),40,"{""path"": ""encounters_research/out/encounters.json"", ""json_pointer"": ""/broadcast/entries/71/sets/2/species/0"", ""file_sha256"": ""37eb8635e2952e74a2e39cfd62a20d3edb4def344f131b7ab04cada388371458""}",world/pages/maps/g55_n003.md,/broadcast_metadata/gating
1,580,滚滚蝙蝠,20,broadcast:71:0:1,55:3,呆呆兽之井,0,Sunday,伽勒尔(Galar),20,"{""path"": ""encounters_research/out/encounters.json"", ""json_pointer"": ""/broadcast/entries/71/sets/2/species/1"", ""file_sha256"": ""37eb8635e2952e74a2e39cfd62a20d3edb4def344f131b7ab04cada388371458""}",world/pages/maps/g55_n003.md,/broadcast_metadata/gating
2,577,石丸子,20,broadcast:71:0:2,55:3,呆呆兽之井,0,Sunday,伽勒尔(Galar),20,"{""path"": ""encounters_research/out/encounters.json"", ""json_pointer"": ""/broadcast/entries/71/sets/2/species/2"", ""file_sha256"": ""37eb8635e2952e74a2e39cfd62a20d3edb4def344f131b7ab04cada388371458""}",world/pages/maps/g55_n003.md,/broadcast_metadata/gating
3,577,石丸子,20,broadcast:71:0:3,55:3,呆呆兽之井,0,Sunday,伽勒尔(Galar),20,"{""path"": ""encounters_research/out/encounters.json"", ""json_pointer"": ""/broadcast/entries/71/sets/2/species/3"", ""file_sha256"": ""37eb8635e2952e74a2e39cfd62a20d3edb4def344f131b7ab04cada388371458""}",world/pages/maps/g55_n003.md,/broadcast_metadata/gating
0,370,咕妞妞,40,broadcast:72:3:0,55:4,呆呆兽之井,3,Wednesday,丰缘(Hoenn),40,"{""path"": ""encounters_research/out/encounters.json"", ""json_pointer"": ""/broadcast/entries/72/sets/0/species/0"", ""file_sha256"": ""37eb8635e2952e74a2e39cfd62a20d3edb4def344f131b7ab04cada388371458""}",world/pages/maps/g55_n004.md,/broadcast_metadata/gating
1,322,勾魂眼,20,broadcast:72:3:1,55:4,呆呆兽之井,3,Wednesday,丰缘(Hoenn),20,"{""path"": ""encounters_research/out/encounters.json"", ""json_pointer"": ""/broadcast/entries/72/sets/0/species/1"", ""file_sha256"": ""37eb8635e2952e74a2e39cfd62a20d3edb4def344f131b7ab04cada388371458""}",world/pages/maps/g55_n004.md,/broadcast_metadata/gating
2,355,大嘴娃,20,broadcast:72:3:2,55:4,呆呆兽之井,3,Wednesday,丰缘(Hoenn),20,"{""path"": ""encounters_research/out/encounters.json"", ""json_pointer"": ""/broadcast/entries/72/sets/0/species/2"", ""file_sha256"": ""37eb8635e2952e74a2e39cfd62a20d3edb4def344f131b7ab04cada388371458""}",world/pages/maps/g55_n004.md,/broadcast_metadata/gating
3,355,大嘴娃,20,broadcast:72:3:3,55:4,呆呆兽之井,3,Wednesday,丰缘(Hoenn),20,"{""path"": ""encounters_research/out/encounters.json"", ""json_pointer"": ""/broadcast/entries/72/sets/0/species/3"", ""file_sha256"": ""37eb8635e2952e74a2e39cfd62a20d3edb4def344f131b7ab04cada388371458""}",world/pages/maps/g55_n004.md,/broadcast_metadata/gating
0,475,无壳海兔,40,broadcast:72:4:0,55:4,呆呆兽之井,4,Thursday,神奥(Sinnoh),40,"{""path"": ""encounters_research/out/encounters.json"", ""json_pointer"": ""/broadcast/entries/72/sets/1/species/0"", ""file_sha256"": ""37eb8635e2952e74a2e39cfd62a20d3edb4def344f131b7ab04cada388371458""}",world/pages/maps/g55_n004.md,/broadcast_metadata/gating
1,506,不良蛙,20,broadcast:72:4:1,55:4,呆呆兽之井,4,Thursday,神奥(Sinnoh),20,"{""path"": ""encounters_research/out/encounters.json"", ""json_pointer"": ""/broadcast/entries/72/sets/1/species/1"", ""file_sha256"": ""37eb8635e2952e74a2e39cfd62a20d3edb4def344f131b7ab04cada388371458""}",world/pages/maps/g55_n004.md,/broadcast_metadata/gating
2,486,铃铛响,20,broadcast:72:4:2,55:4,呆呆兽之井,4,Thursday,神奥(Sinnoh),20,"{""path"": ""encounters_research/out/encounters.json"", ""json_pointer"": ""/broadcast/entries/72/sets/1/species/2"", ""file_sha256"": ""37eb8635e2952e74a2e39cfd62a20d3edb4def344f131b7ab04cada388371458""}",world/pages/maps/g55_n004.md,/broadcast_metadata/gating
3,486,铃铛响,20,broadcast:72:4:3,55:4,呆呆兽之井,4,Thursday,神奥(Sinnoh),20,"{""path"": ""encounters_research/out/encounters.json"", ""json_pointer"": ""/broadcast/entries/72/sets/1/species/3"", ""file_sha256"": ""37eb8635e2952e74a2e39cfd62a20d3edb4def344f131b7ab04cada388371458""}",world/pages/maps/g55_n004.md,/broadcast_metadata/gating
0,1125,咬咬龟,40,broadcast:72:0:0,55:4,呆呆兽之井,0,Sunday,伽勒尔(Galar),40,"{""path"": ""encounters_research/out/encounters.json"", ""json_pointer"": ""/broadcast/entries/72/sets/2/species/0"", ""file_sha256"": ""37eb8635e2952e74a2e39cfd62a20d3edb4def344f131b7ab04cada388371458""}",world/pages/maps/g55_n004.md,/broadcast_metadata/gating
1,580,滚滚蝙蝠,20,broadcast:72:0:1,55:4,呆呆兽之井,0,Sunday,伽勒尔(Galar),20,"{""path"": ""encounters_research/out/encounters.json"", ""json_pointer"": ""/broadcast/entries/72/sets/2/species/1"", ""file_sha256"": ""37eb8635e2952e74a2e39cfd62a20d3edb4def344f131b7ab04cada388371458""}",world/pages/maps/g55_n004.md,/broadcast_metadata/gating
2,577,石丸子,20,broadcast:72:0:2,55:4,呆呆兽之井,0,Sunday,伽勒尔(Galar),20,"{""path"": ""encounters_research/out/encounters.json"", ""json_pointer"": ""/broadcast/entries/72/sets/2/species/2"", ""file_sha256"": ""37eb8635e2952e74a2e39cfd62a20d3edb4def344f131b7ab04cada388371458""}",world/pages/maps/g55_n004.md,/broadcast_metadata/gating
3,577,石丸子,20,broadcast:72:0:3,55:4,呆呆兽之井,0,Sunday,伽勒尔(Galar),20,"{""path"": ""encounters_research/out/encounters.json"", ""json_pointer"": ""/broadcast/entries/72/sets/2/species/3"", ""file_sha256"": ""37eb8635e2952e74a2e39cfd62a20d3edb4def344f131b7ab04cada388371458""}",world/pages/maps/g55_n004.md,/broadcast_metadata/gating
0,320,朝北鼻,40,broadcast:73:3:0,55:8,擂钵山,3,Wednesday,丰缘(Hoenn),40,"{""path"": ""encounters_research/out/encounters.json"", ""json_pointer"": ""/broadcast/entries/73/sets/0/species/0"", ""file_sha256"": ""37eb8635e2952e74a2e39cfd62a20d3edb4def344f131b7ab04cada388371458""}",world/pages/maps/g55_n008.md,/broadcast_metadata/gating
1,335,幕下力士,20,broadcast:73:3:1,55:8,擂钵山,3,Wednesday,丰缘(Hoenn),20,"{""path"": ""encounters_research/out/encounters.json"", ""json_pointer"": ""/broadcast/entries/73/sets/0/species/1"", ""file_sha256"": ""37eb8635e2952e74a2e39cfd62a20d3edb4def344f131b7ab04cada388371458""}",world/pages/maps/g55_n008.md,/broadcast_metadata/gating
2,355,大嘴娃,20,broadcast:73:3:2,55:8,擂钵山,3,Wednesday,丰缘(Hoenn),20,"{""path"": ""encounters_research/out/encounters.json"", ""json_pointer"": ""/broadcast/entries/73/sets/0/species/2"", ""file_sha256"": ""37eb8635e2952e74a2e39cfd62a20d3edb4def344f131b7ab04cada388371458""}",world/pages/maps/g55_n008.md,/broadcast_metadata/gating
3,355,大嘴娃,20,broadcast:73:3:3,55:8,擂钵山,3,Wednesday,丰缘(Hoenn),20,"{""path"": ""encounters_research/out/encounters.json"", ""json_pointer"": ""/broadcast/entries/73/sets/0/species/3"", ""file_sha256"": ""37eb8635e2952e74a2e39cfd62a20d3edb4def344f131b7ab04cada388371458""}",world/pages/maps/g55_n008.md,/broadcast_metadata/gating
0,356,玛沙那,40,broadcast:73:4:0,55:8,擂钵山,4,Thursday,神奥(Sinnoh),40,"{""path"": ""encounters_research/out/encounters.json"", ""json_pointer"": ""/broadcast/entries/73/sets/1/species/0"", ""file_sha256"": ""37eb8635e2952e74a2e39cfd62a20d3edb4def344f131b7ab04cada388371458""}",world/pages/maps/g55_n008.md,/broadcast_metadata/gating
1,489,铜镜怪,20,broadcast:73:4:1,55:8,擂钵山,4,Thursday,神奥(Sinnoh),20,"{""path"": ""encounters_research/out/encounters.json"", ""json_pointer"": ""/broadcast/entries/73/sets/1/species/1"", ""file_sha256"": ""37eb8635e2952e74a2e39cfd62a20d3edb4def344f131b7ab04cada388371458""}",world/pages/maps/g55_n008.md,/broadcast_metadata/gating
2,506,不良蛙,20,broadcast:73:4:2,55:8,擂钵山,4,Thursday,神奥(Sinnoh),20,"{""path"": ""encounters_research/out/encounters.json"", ""json_pointer"": ""/broadcast/entries/73/sets/1/species/2"", ""file_sha256"": ""37eb8635e2952e74a2e39cfd62a20d3edb4def344f131b7ab04cada388371458""}",world/pages/maps/g55_n008.md,/broadcast_metadata/gating
3,506,不良蛙,20,broadcast:73:4:3,55:8,擂钵山,4,Thursday,神奥(Sinnoh),20,"{""path"": ""encounters_research/out/encounters.json"", ""json_pointer"": ""/broadcast/entries/73/sets/1/species/3"", ""file_sha256"": ""37eb8635e2952e74a2e39cfd62a20d3edb4def344f131b7ab04cada388371458""}",world/pages/maps/g55_n008.md,/broadcast_metadata/gating
0,585,搬运小匠,40,broadcast:73:0:0,55:8,擂钵山,0,Sunday,伽勒尔(Galar),40,"{""path"": ""encounters_research/out/encounters.json"", ""json_pointer"": ""/broadcast/entries/73/sets/2/species/0"", ""file_sha256"": ""37eb8635e2952e74a2e39cfd62a20d3edb4def344f131b7ab04cada388371458""}",world/pages/maps/g55_n008.md,/broadcast_metadata/gating
1,577,石丸子,20,broadcast:73:0:1,55:8,擂钵山,0,Sunday,伽勒尔(Galar),20,"{""path"": ""encounters_research/out/encounters.json"", ""json_pointer"": ""/broadcast/entries/73/sets/2/species/1"", ""file_sha256"": ""37eb8635e2952e74a2e39cfd62a20d3edb4def344f131b7ab04cada388371458""}",world/pages/maps/g55_n008.md,/broadcast_metadata/gating
2,580,滚滚蝙蝠,20,broadcast:73:0:2,55:8,擂钵山,0,Sunday,伽勒尔(Galar),20,"{""path"": ""encounters_research/out/encounters.json"", ""json_pointer"": ""/broadcast/entries/73/sets/2/species/2"", ""file_sha256"": ""37eb8635e2952e74a2e39cfd62a20d3edb4def344f131b7ab04cada388371458""}",world/pages/maps/g55_n008.md,/broadcast_metadata/gating
3,580,滚滚蝙蝠,20,broadcast:73:0:3,55:8,擂钵山,0,Sunday,伽勒尔(Galar),20,"{""path"": ""encounters_research/out/encounters.json"", ""json_pointer"": ""/broadcast/entries/73/sets/2/species/3"", ""file_sha256"": ""37eb8635e2952e74a2e39cfd62a20d3edb4def344f131b7ab04cada388371458""}",world/pages/maps/g55_n008.md,/broadcast_metadata/gating
0,320,朝北鼻,40,broadcast:74:3:0,55:9,擂钵山,3,Wednesday,丰缘(Hoenn),40,"{""path"": ""encounters_research/out/encounters.json"", ""json_pointer"": ""/broadcast/entries/74/sets/0/species/0"", ""file_sha256"": ""37eb8635e2952e74a2e39cfd62a20d3edb4def344f131b7ab04cada388371458""}",world/pages/maps/g55_n009.md,/broadcast_metadata/gating
1,335,幕下力士,20,broadcast:74:3:1,55:9,擂钵山,3,Wednesday,丰缘(Hoenn),20,"{""path"": ""encounters_research/out/encounters.json"", ""json_pointer"": ""/broadcast/entries/74/sets/0/species/1"", ""file_sha256"": ""37eb8635e2952e74a2e39cfd62a20d3edb4def344f131b7ab04cada388371458""}",world/pages/maps/g55_n009.md,/broadcast_metadata/gating
2,355,大嘴娃,20,broadcast:74:3:2,55:9,擂钵山,3,Wednesday,丰缘(Hoenn),20,"{""path"": ""encounters_research/out/encounters.json"", ""json_pointer"": ""/broadcast/entries/74/sets/0/species/2"", ""file_sha256"": ""37eb8635e2952e74a2e39cfd62a20d3edb4def344f131b7ab04cada388371458""}",world/pages/maps/g55_n009.md,/broadcast_metadata/gating
3,355,大嘴娃,20,broadcast:74:3:3,55:9,擂钵山,3,Wednesday,丰缘(Hoenn),20,"{""path"": ""encounters_research/out/encounters.json"", ""json_pointer"": ""/broadcast/entries/74/sets/0/species/3"", ""file_sha256"": ""37eb8635e2952e74a2e39cfd62a20d3edb4def344f131b7ab04cada388371458""}",world/pages/maps/g55_n009.md,/broadcast_metadata/gating
0,356,玛沙那,40,broadcast:74:4:0,55:9,擂钵山,4,Thursday,神奥(Sinnoh),40,"{""path"": ""encounters_research/out/encounters.json"", ""json_pointer"": ""/broadcast/entries/74/sets/1/species/0"", ""file_sha256"": ""37eb8635e2952e74a2e39cfd62a20d3edb4def344f131b7ab04cada388371458""}",world/pages/maps/g55_n009.md,/broadcast_metadata/gating
1,489,铜镜怪,20,broadcast:74:4:1,55:9,擂钵山,4,Thursday,神奥(Sinnoh),20,"{""path"": ""encounters_research/out/encounters.json"", ""json_pointer"": ""/broadcast/entries/74/sets/1/species/1"", ""file_sha256"": ""37eb8635e2952e74a2e39cfd62a20d3edb4def344f131b7ab04cada388371458""}",world/pages/maps/g55_n009.md,/broadcast_metadata/gating
2,506,不良蛙,20,broadcast:74:4:2,55:9,擂钵山,4,Thursday,神奥(Sinnoh),20,"{""path"": ""encounters_research/out/encounters.json"", ""json_pointer"": ""/broadcast/entries/74/sets/1/species/2"", ""file_sha256"": ""37eb8635e2952e74a2e39cfd62a20d3edb4def344f131b7ab04cada388371458""}",world/pages/maps/g55_n009.md,/broadcast_metadata/gating
3,506,不良蛙,20,broadcast:74:4:3,55:9,擂钵山,4,Thursday,神奥(Sinnoh),20,"{""path"": ""encounters_research/out/encounters.json"", ""json_pointer"": ""/broadcast/entries/74/sets/1/species/3"", ""file_sha256"": ""37eb8635e2952e74a2e39cfd62a20d3edb4def344f131b7ab04cada388371458""}",world/pages/maps/g55_n009.md,/broadcast_metadata/gating
0,585,搬运小匠,40,broadcast:74:0:0,55:9,擂钵山,0,Sunday,伽勒尔(Galar),40,"{""path"": ""encounters_research/out/encounters.json"", ""json_pointer"": ""/broadcast/entries/74/sets/2/species/0"", ""file_sha256"": ""37eb8635e2952e74a2e39cfd62a20d3edb4def344f131b7ab04cada388371458""}",world/pages/maps/g55_n009.md,/broadcast_metadata/gating
1,577,石丸子,20,broadcast:74:0:1,55:9,擂钵山,0,Sunday,伽勒尔(Galar),20,"{""path"": ""encounters_research/out/encounters.json"", ""json_pointer"": ""/broadcast/entries/74/sets/2/species/1"", ""file_sha256"": ""37eb8635e2952e74a2e39cfd62a20d3edb4def344f131b7ab04cada388371458""}",world/pages/maps/g55_n009.md,/broadcast_metadata/gating
2,580,滚滚蝙蝠,20,broadcast:74:0:2,55:9,擂钵山,0,Sunday,伽勒尔(Galar),20,"{""path"": ""encounters_research/out/encounters.json"", ""json_pointer"": ""/broadcast/entries/74/sets/2/species/2"", ""file_sha256"": ""37eb8635e2952e74a2e39cfd62a20d3edb4def344f131b7ab04cada388371458""}",world/pages/maps/g55_n009.md,/broadcast_metadata/gating
3,580,滚滚蝙蝠,20,broadcast:74:0:3,55:9,擂钵山,0,Sunday,伽勒尔(Galar),20,"{""path"": ""encounters_research/out/encounters.json"", ""json_pointer"": ""/broadcast/entries/74/sets/2/species/3"", ""file_sha256"": ""37eb8635e2952e74a2e39cfd62a20d3edb4def344f131b7ab04cada388371458""}",world/pages/maps/g55_n009.md,/broadcast_metadata/gating
0,320,朝北鼻,40,broadcast:75:3:0,55:10,擂钵山,3,Wednesday,丰缘(Hoenn),40,"{""path"": ""encounters_research/out/encounters.json"", ""json_pointer"": ""/broadcast/entries/75/sets/0/species/0"", ""file_sha256"": ""37eb8635e2952e74a2e39cfd62a20d3edb4def344f131b7ab04cada388371458""}",world/pages/maps/g55_n010.md,/broadcast_metadata/gating
1,335,幕下力士,20,broadcast:75:3:1,55:10,擂钵山,3,Wednesday,丰缘(Hoenn),20,"{""path"": ""encounters_research/out/encounters.json"", ""json_pointer"": ""/broadcast/entries/75/sets/0/species/1"", ""file_sha256"": ""37eb8635e2952e74a2e39cfd62a20d3edb4def344f131b7ab04cada388371458""}",world/pages/maps/g55_n010.md,/broadcast_metadata/gating
2,355,大嘴娃,20,broadcast:75:3:2,55:10,擂钵山,3,Wednesday,丰缘(Hoenn),20,"{""path"": ""encounters_research/out/encounters.json"", ""json_pointer"": ""/broadcast/entries/75/sets/0/species/2"", ""file_sha256"": ""37eb8635e2952e74a2e39cfd62a20d3edb4def344f131b7ab04cada388371458""}",world/pages/maps/g55_n010.md,/broadcast_metadata/gating
3,355,大嘴娃,20,broadcast:75:3:3,55:10,擂钵山,3,Wednesday,丰缘(Hoenn),20,"{""path"": ""encounters_research/out/encounters.json"", ""json_pointer"": ""/broadcast/entries/75/sets/0/species/3"", ""file_sha256"": ""37eb8635e2952e74a2e39cfd62a20d3edb4def344f131b7ab04cada388371458""}",world/pages/maps/g55_n010.md,/broadcast_metadata/gating
0,356,玛沙那,40,broadcast:75:4:0,55:10,擂钵山,4,Thursday,神奥(Sinnoh),40,"{""path"": ""encounters_research/out/encounters.json"", ""json_pointer"": ""/broadcast/entries/75/sets/1/species/0"", ""file_sha256"": ""37eb8635e2952e74a2e39cfd62a20d3edb4def344f131b7ab04cada388371458""}",world/pages/maps/g55_n010.md,/broadcast_metadata/gating
1,489,铜镜怪,20,broadcast:75:4:1,55:10,擂钵山,4,Thursday,神奥(Sinnoh),20,"{""path"": ""encounters_research/out/encounters.json"", ""json_pointer"": ""/broadcast/entries/75/sets/1/species/1"", ""file_sha256"": ""37eb8635e2952e74a2e39cfd62a20d3edb4def344f131b7ab04cada388371458""}",world/pages/maps/g55_n010.md,/broadcast_metadata/gating
2,506,不良蛙,20,broadcast:75:4:2,55:10,擂钵山,4,Thursday,神奥(Sinnoh),20,"{""path"": ""encounters_research/out/encounters.json"", ""json_pointer"": ""/broadcast/entries/75/sets/1/species/2"", ""file_sha256"": ""37eb8635e2952e74a2e39cfd62a20d3edb4def344f131b7ab04cada388371458""}",world/pages/maps/g55_n010.md,/broadcast_metadata/gating
3,506,不良蛙,20,broadcast:75:4:3,55:10,擂钵山,4,Thursday,神奥(Sinnoh),20,"{""path"": ""encounters_research/out/encounters.json"", ""json_pointer"": ""/broadcast/entries/75/sets/1/species/3"", ""file_sha256"": ""37eb8635e2952e74a2e39cfd62a20d3edb4def344f131b7ab04cada388371458""}",world/pages/maps/g55_n010.md,/broadcast_metadata/gating
0,585,搬运小匠,40,broadcast:75:0:0,55:10,擂钵山,0,Sunday,伽勒尔(Galar),40,"{""path"": ""encounters_research/out/encounters.json"", ""json_pointer"": ""/broadcast/entries/75/sets/2/species/0"", ""file_sha256"": ""37eb8635e2952e74a2e39cfd62a20d3edb4def344f131b7ab04cada388371458""}",world/pages/maps/g55_n010.md,/broadcast_metadata/gating
1,577,石丸子,20,broadcast:75:0:1,55:10,擂钵山,0,Sunday,伽勒尔(Galar),20,"{""path"": ""encounters_research/out/encounters.json"", ""json_pointer"": ""/broadcast/entries/75/sets/2/species/1"", ""file_sha256"": ""37eb8635e2952e74a2e39cfd62a20d3edb4def344f131b7ab04cada388371458""}",world/pages/maps/g55_n010.md,/broadcast_metadata/gating
2,580,滚滚蝙蝠,20,broadcast:75:0:2,55:10,擂钵山,0,Sunday,伽勒尔(Galar),20,"{""path"": ""encounters_research/out/encounters.json"", ""json_pointer"": ""/broadcast/entries/75/sets/2/species/2"", ""file_sha256"": ""37eb8635e2952e74a2e39cfd62a20d3edb4def344f131b7ab04cada388371458""}",world/pages/maps/g55_n010.md,/broadcast_metadata/gating
3,580,滚滚蝙蝠,20,broadcast:75:0:3,55:10,擂钵山,0,Sunday,伽勒尔(Galar),20,"{""path"": ""encounters_research/out/encounters.json"", ""json_pointer"": ""/broadcast/entries/75/sets/2/species/3"", ""file_sha256"": ""37eb8635e2952e74a2e39cfd62a20d3edb4def344f131b7ab04cada388371458""}",world/pages/maps/g55_n010.md,/broadcast_metadata/gating
0,320,朝北鼻,40,broadcast:76:3:0,1:111,擂钵山,3,Wednesday,丰缘(Hoenn),40,"{""path"": ""encounters_research/out/encounters.json"", ""json_pointer"": ""/broadcast/entries/76/sets/0/species/0"", ""file_sha256"": ""37eb8635e2952e74a2e39cfd62a20d3edb4def344f131b7ab04cada388371458""}",world/pages/maps/g01_n111.md,/broadcast_metadata/gating
1,335,幕下力士,20,broadcast:76:3:1,1:111,擂钵山,3,Wednesday,丰缘(Hoenn),20,"{""path"": ""encounters_research/out/encounters.json"", ""json_pointer"": ""/broadcast/entries/76/sets/0/species/1"", ""file_sha256"": ""37eb8635e2952e74a2e39cfd62a20d3edb4def344f131b7ab04cada388371458""}",world/pages/maps/g01_n111.md,/broadcast_metadata/gating
2,355,大嘴娃,20,broadcast:76:3:2,1:111,擂钵山,3,Wednesday,丰缘(Hoenn),20,"{""path"": ""encounters_research/out/encounters.json"", ""json_pointer"": ""/broadcast/entries/76/sets/0/species/2"", ""file_sha256"": ""37eb8635e2952e74a2e39cfd62a20d3edb4def344f131b7ab04cada388371458""}",world/pages/maps/g01_n111.md,/broadcast_metadata/gating
3,355,大嘴娃,20,broadcast:76:3:3,1:111,擂钵山,3,Wednesday,丰缘(Hoenn),20,"{""path"": ""encounters_research/out/encounters.json"", ""json_pointer"": ""/broadcast/entries/76/sets/0/species/3"", ""file_sha256"": ""37eb8635e2952e74a2e39cfd62a20d3edb4def344f131b7ab04cada388371458""}",world/pages/maps/g01_n111.md,/broadcast_metadata/gating
0,356,玛沙那,40,broadcast:76:4:0,1:111,擂钵山,4,Thursday,神奥(Sinnoh),40,"{""path"": ""encounters_research/out/encounters.json"", ""json_pointer"": ""/broadcast/entries/76/sets/1/species/0"", ""file_sha256"": ""37eb8635e2952e74a2e39cfd62a20d3edb4def344f131b7ab04cada388371458""}",world/pages/maps/g01_n111.md,/broadcast_metadata/gating
1,489,铜镜怪,20,broadcast:76:4:1,1:111,擂钵山,4,Thursday,神奥(Sinnoh),20,"{""path"": ""encounters_research/out/encounters.json"", ""json_pointer"": ""/broadcast/entries/76/sets/1/species/1"", ""file_sha256"": ""37eb8635e2952e74a2e39cfd62a20d3edb4def344f131b7ab04cada388371458""}",world/pages/maps/g01_n111.md,/broadcast_metadata/gating
2,506,不良蛙,20,broadcast:76:4:2,1:111,擂钵山,4,Thursday,神奥(Sinnoh),20,"{""path"": ""encounters_research/out/encounters.json"", ""json_pointer"": ""/broadcast/entries/76/sets/1/species/2"", ""file_sha256"": ""37eb8635e2952e74a2e39cfd62a20d3edb4def344f131b7ab04cada388371458""}",world/pages/maps/g01_n111.md,/broadcast_metadata/gating
3,506,不良蛙,20,broadcast:76:4:3,1:111,擂钵山,4,Thursday,神奥(Sinnoh),20,"{""path"": ""encounters_research/out/encounters.json"", ""json_pointer"": ""/broadcast/entries/76/sets/1/species/3"", ""file_sha256"": ""37eb8635e2952e74a2e39cfd62a20d3edb4def344f131b7ab04cada388371458""}",world/pages/maps/g01_n111.md,/broadcast_metadata/gating
0,585,搬运小匠,40,broadcast:76:0:0,1:111,擂钵山,0,Sunday,伽勒尔(Galar),40,"{""path"": ""encounters_research/out/encounters.json"", ""json_pointer"": ""/broadcast/entries/76/sets/2/species/0"", ""file_sha256"": ""37eb8635e2952e74a2e39cfd62a20d3edb4def344f131b7ab04cada388371458""}",world/pages/maps/g01_n111.md,/broadcast_metadata/gating
1,577,石丸子,20,broadcast:76:0:1,1:111,擂钵山,0,Sunday,伽勒尔(Galar),20,"{""path"": ""encounters_research/out/encounters.json"", ""json_pointer"": ""/broadcast/entries/76/sets/2/species/1"", ""file_sha256"": ""37eb8635e2952e74a2e39cfd62a20d3edb4def344f131b7ab04cada388371458""}",world/pages/maps/g01_n111.md,/broadcast_metadata/gating
2,580,滚滚蝙蝠,20,broadcast:76:0:2,1:111,擂钵山,0,Sunday,伽勒尔(Galar),20,"{""path"": ""encounters_research/out/encounters.json"", ""json_pointer"": ""/broadcast/entries/76/sets/2/species/2"", ""file_sha256"": ""37eb8635e2952e74a2e39cfd62a20d3edb4def344f131b7ab04cada388371458""}",world/pages/maps/g01_n111.md,/broadcast_metadata/gating
3,580,滚滚蝙蝠,20,broadcast:76:0:3,1:111,擂钵山,0,Sunday,伽勒尔(Galar),20,"{""path"": ""encounters_research/out/encounters.json"", ""json_pointer"": ""/broadcast/entries/76/sets/2/species/3"", ""file_sha256"": ""37eb8635e2952e74a2e39cfd62a20d3edb4def344f131b7ab04cada388371458""}",world/pages/maps/g01_n111.md,/broadcast_metadata/gating
0,320,朝北鼻,40,broadcast:77:3:0,55:11,擂钵山,3,Wednesday,丰缘(Hoenn),40,"{""path"": ""encounters_research/out/encounters.json"", ""json_pointer"": ""/broadcast/entries/77/sets/0/species/0"", ""file_sha256"": ""37eb8635e2952e74a2e39cfd62a20d3edb4def344f131b7ab04cada388371458""}",world/pages/maps/g55_n011.md,/broadcast_metadata/gating
1,335,幕下力士,20,broadcast:77:3:1,55:11,擂钵山,3,Wednesday,丰缘(Hoenn),20,"{""path"": ""encounters_research/out/encounters.json"", ""json_pointer"": ""/broadcast/entries/77/sets/0/species/1"", ""file_sha256"": ""37eb8635e2952e74a2e39cfd62a20d3edb4def344f131b7ab04cada388371458""}",world/pages/maps/g55_n011.md,/broadcast_metadata/gating
2,355,大嘴娃,20,broadcast:77:3:2,55:11,擂钵山,3,Wednesday,丰缘(Hoenn),20,"{""path"": ""encounters_research/out/encounters.json"", ""json_pointer"": ""/broadcast/entries/77/sets/0/species/2"", ""file_sha256"": ""37eb8635e2952e74a2e39cfd62a20d3edb4def344f131b7ab04cada388371458""}",world/pages/maps/g55_n011.md,/broadcast_metadata/gating
3,355,大嘴娃,20,broadcast:77:3:3,55:11,擂钵山,3,Wednesday,丰缘(Hoenn),20,"{""path"": ""encounters_research/out/encounters.json"", ""json_pointer"": ""/broadcast/entries/77/sets/0/species/3"", ""file_sha256"": ""37eb8635e2952e74a2e39cfd62a20d3edb4def344f131b7ab04cada388371458""}",world/pages/maps/g55_n011.md,/broadcast_metadata/gating
0,356,玛沙那,40,broadcast:77:4:0,55:11,擂钵山,4,Thursday,神奥(Sinnoh),40,"{""path"": ""encounters_research/out/encounters.json"", ""json_pointer"": ""/broadcast/entries/77/sets/1/species/0"", ""file_sha256"": ""37eb8635e2952e74a2e39cfd62a20d3edb4def344f131b7ab04cada388371458""}",world/pages/maps/g55_n011.md,/broadcast_metadata/gating
1,489,铜镜怪,20,broadcast:77:4:1,55:11,擂钵山,4,Thursday,神奥(Sinnoh),20,"{""path"": ""encounters_research/out/encounters.json"", ""json_pointer"": ""/broadcast/entries/77/sets/1/species/1"", ""file_sha256"": ""37eb8635e2952e74a2e39cfd62a20d3edb4def344f131b7ab04cada388371458""}",world/pages/maps/g55_n011.md,/broadcast_metadata/gating
2,506,不良蛙,20,broadcast:77:4:2,55:11,擂钵山,4,Thursday,神奥(Sinnoh),20,"{""path"": ""encounters_research/out/encounters.json"", ""json_pointer"": ""/broadcast/entries/77/sets/1/species/2"", ""file_sha256"": ""37eb8635e2952e74a2e39cfd62a20d3edb4def344f131b7ab04cada388371458""}",world/pages/maps/g55_n011.md,/broadcast_metadata/gating
3,506,不良蛙,20,broadcast:77:4:3,55:11,擂钵山,4,Thursday,神奥(Sinnoh),20,"{""path"": ""encounters_research/out/encounters.json"", ""json_pointer"": ""/broadcast/entries/77/sets/1/species/3"", ""file_sha256"": ""37eb8635e2952e74a2e39cfd62a20d3edb4def344f131b7ab04cada388371458""}",world/pages/maps/g55_n011.md,/broadcast_metadata/gating
0,585,搬运小匠,40,broadcast:77:0:0,55:11,擂钵山,0,Sunday,伽勒尔(Galar),40,"{""path"": ""encounters_research/out/encounters.json"", ""json_pointer"": ""/broadcast/entries/77/sets/2/species/0"", ""file_sha256"": ""37eb8635e2952e74a2e39cfd62a20d3edb4def344f131b7ab04cada388371458""}",world/pages/maps/g55_n011.md,/broadcast_metadata/gating
1,577,石丸子,20,broadcast:77:0:1,55:11,擂钵山,0,Sunday,伽勒尔(Galar),20,"{""path"": ""encounters_research/out/encounters.json"", ""json_pointer"": ""/broadcast/entries/77/sets/2/species/1"", ""file_sha256"": ""37eb8635e2952e74a2e39cfd62a20d3edb4def344f131b7ab04cada388371458""}",world/pages/maps/g55_n011.md,/broadcast_metadata/gating
2,580,滚滚蝙蝠,20,broadcast:77:0:2,55:11,擂钵山,0,Sunday,伽勒尔(Galar),20,"{""path"": ""encounters_research/out/encounters.json"", ""json_pointer"": ""/broadcast/entries/77/sets/2/species/2"", ""file_sha256"": ""37eb8635e2952e74a2e39cfd62a20d3edb4def344f131b7ab04cada388371458""}",world/pages/maps/g55_n011.md,/broadcast_metadata/gating
3,580,滚滚蝙蝠,20,broadcast:77:0:3,55:11,擂钵山,0,Sunday,伽勒尔(Galar),20,"{""path"": ""encounters_research/out/encounters.json"", ""json_pointer"": ""/broadcast/entries/77/sets/2/species/3"", ""file_sha256"": ""37eb8635e2952e74a2e39cfd62a20d3edb4def344f131b7ab04cada388371458""}",world/pages/maps/g55_n011.md,/broadcast_metadata/gating
0,346,雪童子,40,broadcast:78:3:0,55:12,擂钵山,3,Wednesday,丰缘(Hoenn),40,"{""path"": ""encounters_research/out/encounters.json"", ""json_pointer"": ""/broadcast/entries/78/sets/0/species/0"", ""file_sha256"": ""37eb8635e2952e74a2e39cfd62a20d3edb4def344f131b7ab04cada388371458""}",world/pages/maps/g55_n012.md,/broadcast_metadata/gating
1,358,青绵鸟,20,broadcast:78:3:1,55:12,擂钵山,3,Wednesday,丰缘(Hoenn),20,"{""path"": ""encounters_research/out/encounters.json"", ""json_pointer"": ""/broadcast/entries/78/sets/0/species/1"", ""file_sha256"": ""37eb8635e2952e74a2e39cfd62a20d3edb4def344f131b7ab04cada388371458""}",world/pages/maps/g55_n012.md,/broadcast_metadata/gating
2,356,玛沙那,20,broadcast:78:3:2,55:12,擂钵山,3,Wednesday,丰缘(Hoenn),20,"{""path"": ""encounters_research/out/encounters.json"", ""json_pointer"": ""/broadcast/entries/78/sets/0/species/2"", ""file_sha256"": ""37eb8635e2952e74a2e39cfd62a20d3edb4def344f131b7ab04cada388371458""}",world/pages/maps/g55_n012.md,/broadcast_metadata/gating
3,356,玛沙那,20,broadcast:78:3:3,55:12,擂钵山,3,Wednesday,丰缘(Hoenn),20,"{""path"": ""encounters_research/out/encounters.json"", ""json_pointer"": ""/broadcast/entries/78/sets/0/species/3"", ""file_sha256"": ""37eb8635e2952e74a2e39cfd62a20d3edb4def344f131b7ab04cada388371458""}",world/pages/maps/g55_n012.md,/broadcast_metadata/gating
0,512,雪笠怪,40,broadcast:78:4:0,55:12,擂钵山,4,Thursday,神奥(Sinnoh),40,"{""path"": ""encounters_research/out/encounters.json"", ""json_pointer"": ""/broadcast/entries/78/sets/1/species/0"", ""file_sha256"": ""37eb8635e2952e74a2e39cfd62a20d3edb4def344f131b7ab04cada388371458""}",world/pages/maps/g55_n012.md,/broadcast_metadata/gating
1,486,铃铛响,20,broadcast:78:4:1,55:12,擂钵山,4,Thursday,神奥(Sinnoh),20,"{""path"": ""encounters_research/out/encounters.json"", ""json_pointer"": ""/broadcast/entries/78/sets/1/species/1"", ""file_sha256"": ""37eb8635e2952e74a2e39cfd62a20d3edb4def344f131b7ab04cada388371458""}",world/pages/maps/g55_n012.md,/broadcast_metadata/gating
2,480,卷卷耳,20,broadcast:78:4:2,55:12,擂钵山,4,Thursday,神奥(Sinnoh),20,"{""path"": ""encounters_research/out/encounters.json"", ""json_pointer"": ""/broadcast/entries/78/sets/1/species/2"", ""file_sha256"": ""37eb8635e2952e74a2e39cfd62a20d3edb4def344f131b7ab04cada388371458""}",world/pages/maps/g55_n012.md,/broadcast_metadata/gating
3,480,卷卷耳,20,broadcast:78:4:3,55:12,擂钵山,4,Thursday,神奥(Sinnoh),20,"{""path"": ""encounters_research/out/encounters.json"", ""json_pointer"": ""/broadcast/entries/78/sets/1/species/3"", ""file_sha256"": ""37eb8635e2952e74a2e39cfd62a20d3edb4def344f131b7ab04cada388371458""}",world/pages/maps/g55_n012.md,/broadcast_metadata/gating
0,1164,雪吞虫,40,broadcast:78:0:0,55:12,擂钵山,0,Sunday,伽勒尔(Galar),40,"{""path"": ""encounters_research/out/encounters.json"", ""json_pointer"": ""/broadcast/entries/78/sets/2/species/0"", ""file_sha256"": ""37eb8635e2952e74a2e39cfd62a20d3edb4def344f131b7ab04cada388371458""}",world/pages/maps/g55_n012.md,/broadcast_metadata/gating
1,1229,火红不倒翁,20,broadcast:78:0:1,55:12,擂钵山,0,Sunday,伽勒尔(Galar),20,"{""path"": ""encounters_research/out/encounters.json"", ""json_pointer"": ""/broadcast/entries/78/sets/2/species/1"", ""file_sha256"": ""37eb8635e2952e74a2e39cfd62a20d3edb4def344f131b7ab04cada388371458""}",world/pages/maps/g55_n012.md,/broadcast_metadata/gating
2,1129,小炭仔,20,broadcast:78:0:2,55:12,擂钵山,0,Sunday,伽勒尔(Galar),20,"{""path"": ""encounters_research/out/encounters.json"", ""json_pointer"": ""/broadcast/entries/78/sets/2/species/2"", ""file_sha256"": ""37eb8635e2952e74a2e39cfd62a20d3edb4def344f131b7ab04cada388371458""}",world/pages/maps/g55_n012.md,/broadcast_metadata/gating
3,1129,小炭仔,20,broadcast:78:0:3,55:12,擂钵山,0,Sunday,伽勒尔(Galar),20,"{""path"": ""encounters_research/out/encounters.json"", ""json_pointer"": ""/broadcast/entries/78/sets/2/species/3"", ""file_sha256"": ""37eb8635e2952e74a2e39cfd62a20d3edb4def344f131b7ab04cada388371458""}",world/pages/maps/g55_n012.md,/broadcast_metadata/gating
0,341,海豹球,40,broadcast:79:3:0,55:14,漩涡岛,3,Wednesday,丰缘(Hoenn),40,"{""path"": ""encounters_research/out/encounters.json"", ""json_pointer"": ""/broadcast/entries/79/sets/0/species/0"", ""file_sha256"": ""37eb8635e2952e74a2e39cfd62a20d3edb4def344f131b7ab04cada388371458""}",world/pages/maps/g55_n014.md,/broadcast_metadata/gating
1,370,咕妞妞,20,broadcast:79:3:1,55:14,漩涡岛,3,Wednesday,丰缘(Hoenn),20,"{""path"": ""encounters_research/out/encounters.json"", ""json_pointer"": ""/broadcast/entries/79/sets/0/species/1"", ""file_sha256"": ""37eb8635e2952e74a2e39cfd62a20d3edb4def344f131b7ab04cada388371458""}",world/pages/maps/g55_n014.md,/broadcast_metadata/gating
2,322,勾魂眼,20,broadcast:79:3:2,55:14,漩涡岛,3,Wednesday,丰缘(Hoenn),20,"{""path"": ""encounters_research/out/encounters.json"", ""json_pointer"": ""/broadcast/entries/79/sets/0/species/2"", ""file_sha256"": ""37eb8635e2952e74a2e39cfd62a20d3edb4def344f131b7ab04cada388371458""}",world/pages/maps/g55_n014.md,/broadcast_metadata/gating
3,322,勾魂眼,20,broadcast:79:3:3,55:14,漩涡岛,3,Wednesday,丰缘(Hoenn),20,"{""path"": ""encounters_research/out/encounters.json"", ""json_pointer"": ""/broadcast/entries/79/sets/0/species/3"", ""file_sha256"": ""37eb8635e2952e74a2e39cfd62a20d3edb4def344f131b7ab04cada388371458""}",world/pages/maps/g55_n014.md,/broadcast_metadata/gating
0,489,铜镜怪,40,broadcast:79:4:0,55:14,漩涡岛,4,Thursday,神奥(Sinnoh),40,"{""path"": ""encounters_research/out/encounters.json"", ""json_pointer"": ""/broadcast/entries/79/sets/1/species/0"", ""file_sha256"": ""37eb8635e2952e74a2e39cfd62a20d3edb4def344f131b7ab04cada388371458""}",world/pages/maps/g55_n014.md,/broadcast_metadata/gating
1,486,铃铛响,20,broadcast:79:4:1,55:14,漩涡岛,4,Thursday,神奥(Sinnoh),20,"{""path"": ""encounters_research/out/encounters.json"", ""json_pointer"": ""/broadcast/entries/79/sets/1/species/1"", ""file_sha256"": ""37eb8635e2952e74a2e39cfd62a20d3edb4def344f131b7ab04cada388371458""}",world/pages/maps/g55_n014.md,/broadcast_metadata/gating
2,506,不良蛙,20,broadcast:79:4:2,55:14,漩涡岛,4,Thursday,神奥(Sinnoh),20,"{""path"": ""encounters_research/out/encounters.json"", ""json_pointer"": ""/broadcast/entries/79/sets/1/species/2"", ""file_sha256"": ""37eb8635e2952e74a2e39cfd62a20d3edb4def344f131b7ab04cada388371458""}",world/pages/maps/g55_n014.md,/broadcast_metadata/gating
3,506,不良蛙,20,broadcast:79:4:3,55:14,漩涡岛,4,Thursday,神奥(Sinnoh),20,"{""path"": ""encounters_research/out/encounters.json"", ""json_pointer"": ""/broadcast/entries/79/sets/1/species/3"", ""file_sha256"": ""37eb8635e2952e74a2e39cfd62a20d3edb4def344f131b7ab04cada388371458""}",world/pages/maps/g55_n014.md,/broadcast_metadata/gating
0,1125,咬咬龟,40,broadcast:79:0:0,55:14,漩涡岛,0,Sunday,伽勒尔(Galar),40,"{""path"": ""encounters_research/out/encounters.json"", ""json_pointer"": ""/broadcast/entries/79/sets/2/species/0"", ""file_sha256"": ""37eb8635e2952e74a2e39cfd62a20d3edb4def344f131b7ab04cada388371458""}",world/pages/maps/g55_n014.md,/broadcast_metadata/gating
1,1125,咬咬龟,20,broadcast:79:0:1,55:14,漩涡岛,0,Sunday,伽勒尔(Galar),20,"{""path"": ""encounters_research/out/encounters.json"", ""json_pointer"": ""/broadcast/entries/79/sets/2/species/1"", ""file_sha256"": ""37eb8635e2952e74a2e39cfd62a20d3edb4def344f131b7ab04cada388371458""}",world/pages/maps/g55_n014.md,/broadcast_metadata/gating
2,580,滚滚蝙蝠,20,broadcast:79:0:2,55:14,漩涡岛,0,Sunday,伽勒尔(Galar),20,"{""path"": ""encounters_research/out/encounters.json"", ""json_pointer"": ""/broadcast/entries/79/sets/2/species/2"", ""file_sha256"": ""37eb8635e2952e74a2e39cfd62a20d3edb4def344f131b7ab04cada388371458""}",world/pages/maps/g55_n014.md,/broadcast_metadata/gating
3,577,石丸子,20,broadcast:79:0:3,55:14,漩涡岛,0,Sunday,伽勒尔(Galar),20,"{""path"": ""encounters_research/out/encounters.json"", ""json_pointer"": ""/broadcast/entries/79/sets/2/species/3"", ""file_sha256"": ""37eb8635e2952e74a2e39cfd62a20d3edb4def344f131b7ab04cada388371458""}",world/pages/maps/g55_n014.md,/broadcast_metadata/gating
0,341,海豹球,40,broadcast:80:3:0,55:15,漩涡岛,3,Wednesday,丰缘(Hoenn),40,"{""path"": ""encounters_research/out/encounters.json"", ""json_pointer"": ""/broadcast/entries/80/sets/0/species/0"", ""file_sha256"": ""37eb8635e2952e74a2e39cfd62a20d3edb4def344f131b7ab04cada388371458""}",world/pages/maps/g55_n015.md,/broadcast_metadata/gating
1,370,咕妞妞,20,broadcast:80:3:1,55:15,漩涡岛,3,Wednesday,丰缘(Hoenn),20,"{""path"": ""encounters_research/out/encounters.json"", ""json_pointer"": ""/broadcast/entries/80/sets/0/species/1"", ""file_sha256"": ""37eb8635e2952e74a2e39cfd62a20d3edb4def344f131b7ab04cada388371458""}",world/pages/maps/g55_n015.md,/broadcast_metadata/gating
2,322,勾魂眼,20,broadcast:80:3:2,55:15,漩涡岛,3,Wednesday,丰缘(Hoenn),20,"{""path"": ""encounters_research/out/encounters.json"", ""json_pointer"": ""/broadcast/entries/80/sets/0/species/2"", ""file_sha256"": ""37eb8635e2952e74a2e39cfd62a20d3edb4def344f131b7ab04cada388371458""}",world/pages/maps/g55_n015.md,/broadcast_metadata/gating
3,322,勾魂眼,20,broadcast:80:3:3,55:15,漩涡岛,3,Wednesday,丰缘(Hoenn),20,"{""path"": ""encounters_research/out/encounters.json"", ""json_pointer"": ""/broadcast/entries/80/sets/0/species/3"", ""file_sha256"": ""37eb8635e2952e74a2e39cfd62a20d3edb4def344f131b7ab04cada388371458""}",world/pages/maps/g55_n015.md,/broadcast_metadata/gating
0,489,铜镜怪,40,broadcast:80:4:0,55:15,漩涡岛,4,Thursday,神奥(Sinnoh),40,"{""path"": ""encounters_research/out/encounters.json"", ""json_pointer"": ""/broadcast/entries/80/sets/1/species/0"", ""file_sha256"": ""37eb8635e2952e74a2e39cfd62a20d3edb4def344f131b7ab04cada388371458""}",world/pages/maps/g55_n015.md,/broadcast_metadata/gating
1,486,铃铛响,20,broadcast:80:4:1,55:15,漩涡岛,4,Thursday,神奥(Sinnoh),20,"{""path"": ""encounters_research/out/encounters.json"", ""json_pointer"": ""/broadcast/entries/80/sets/1/species/1"", ""file_sha256"": ""37eb8635e2952e74a2e39cfd62a20d3edb4def344f131b7ab04cada388371458""}",world/pages/maps/g55_n015.md,/broadcast_metadata/gating
2,506,不良蛙,20,broadcast:80:4:2,55:15,漩涡岛,4,Thursday,神奥(Sinnoh),20,"{""path"": ""encounters_research/out/encounters.json"", ""json_pointer"": ""/broadcast/entries/80/sets/1/species/2"", ""file_sha256"": ""37eb8635e2952e74a2e39cfd62a20d3edb4def344f131b7ab04cada388371458""}",world/pages/maps/g55_n015.md,/broadcast_metadata/gating
3,506,不良蛙,20,broadcast:80:4:3,55:15,漩涡岛,4,Thursday,神奥(Sinnoh),20,"{""path"": ""encounters_research/out/encounters.json"", ""json_pointer"": ""/broadcast/entries/80/sets/1/species/3"", ""file_sha256"": ""37eb8635e2952e74a2e39cfd62a20d3edb4def344f131b7ab04cada388371458""}",world/pages/maps/g55_n015.md,/broadcast_metadata/gating
0,1125,咬咬龟,40,broadcast:80:0:0,55:15,漩涡岛,0,Sunday,伽勒尔(Galar),40,"{""path"": ""encounters_research/out/encounters.json"", ""json_pointer"": ""/broadcast/entries/80/sets/2/species/0"", ""file_sha256"": ""37eb8635e2952e74a2e39cfd62a20d3edb4def344f131b7ab04cada388371458""}",world/pages/maps/g55_n015.md,/broadcast_metadata/gating
1,1125,咬咬龟,20,broadcast:80:0:1,55:15,漩涡岛,0,Sunday,伽勒尔(Galar),20,"{""path"": ""encounters_research/out/encounters.json"", ""json_pointer"": ""/broadcast/entries/80/sets/2/species/1"", ""file_sha256"": ""37eb8635e2952e74a2e39cfd62a20d3edb4def344f131b7ab04cada388371458""}",world/pages/maps/g55_n015.md,/broadcast_metadata/gating
2,580,滚滚蝙蝠,20,broadcast:80:0:2,55:15,漩涡岛,0,Sunday,伽勒尔(Galar),20,"{""path"": ""encounters_research/out/encounters.json"", ""json_pointer"": ""/broadcast/entries/80/sets/2/species/2"", ""file_sha256"": ""37eb8635e2952e74a2e39cfd62a20d3edb4def344f131b7ab04cada388371458""}",world/pages/maps/g55_n015.md,/broadcast_metadata/gating
3,577,石丸子,20,broadcast:80:0:3,55:15,漩涡岛,0,Sunday,伽勒尔(Galar),20,"{""path"": ""encounters_research/out/encounters.json"", ""json_pointer"": ""/broadcast/entries/80/sets/2/species/3"", ""file_sha256"": ""37eb8635e2952e74a2e39cfd62a20d3edb4def344f131b7ab04cada388371458""}",world/pages/maps/g55_n015.md,/broadcast_metadata/gating
0,341,海豹球,40,broadcast:81:3:0,55:16,漩涡岛,3,Wednesday,丰缘(Hoenn),40,"{""path"": ""encounters_research/out/encounters.json"", ""json_pointer"": ""/broadcast/entries/81/sets/0/species/0"", ""file_sha256"": ""37eb8635e2952e74a2e39cfd62a20d3edb4def344f131b7ab04cada388371458""}",world/pages/maps/g55_n016.md,/broadcast_metadata/gating
1,370,咕妞妞,20,broadcast:81:3:1,55:16,漩涡岛,3,Wednesday,丰缘(Hoenn),20,"{""path"": ""encounters_research/out/encounters.json"", ""json_pointer"": ""/broadcast/entries/81/sets/0/species/1"", ""file_sha256"": ""37eb8635e2952e74a2e39cfd62a20d3edb4def344f131b7ab04cada388371458""}",world/pages/maps/g55_n016.md,/broadcast_metadata/gating
2,322,勾魂眼,20,broadcast:81:3:2,55:16,漩涡岛,3,Wednesday,丰缘(Hoenn),20,"{""path"": ""encounters_research/out/encounters.json"", ""json_pointer"": ""/broadcast/entries/81/sets/0/species/2"", ""file_sha256"": ""37eb8635e2952e74a2e39cfd62a20d3edb4def344f131b7ab04cada388371458""}",world/pages/maps/g55_n016.md,/broadcast_metadata/gating
3,322,勾魂眼,20,broadcast:81:3:3,55:16,漩涡岛,3,Wednesday,丰缘(Hoenn),20,"{""path"": ""encounters_research/out/encounters.json"", ""json_pointer"": ""/broadcast/entries/81/sets/0/species/3"", ""file_sha256"": ""37eb8635e2952e74a2e39cfd62a20d3edb4def344f131b7ab04cada388371458""}",world/pages/maps/g55_n016.md,/broadcast_metadata/gating
0,489,铜镜怪,40,broadcast:81:4:0,55:16,漩涡岛,4,Thursday,神奥(Sinnoh),40,"{""path"": ""encounters_research/out/encounters.json"", ""json_pointer"": ""/broadcast/entries/81/sets/1/species/0"", ""file_sha256"": ""37eb8635e2952e74a2e39cfd62a20d3edb4def344f131b7ab04cada388371458""}",world/pages/maps/g55_n016.md,/broadcast_metadata/gating
1,486,铃铛响,20,broadcast:81:4:1,55:16,漩涡岛,4,Thursday,神奥(Sinnoh),20,"{""path"": ""encounters_research/out/encounters.json"", ""json_pointer"": ""/broadcast/entries/81/sets/1/species/1"", ""file_sha256"": ""37eb8635e2952e74a2e39cfd62a20d3edb4def344f131b7ab04cada388371458""}",world/pages/maps/g55_n016.md,/broadcast_metadata/gating
2,506,不良蛙,20,broadcast:81:4:2,55:16,漩涡岛,4,Thursday,神奥(Sinnoh),20,"{""path"": ""encounters_research/out/encounters.json"", ""json_pointer"": ""/broadcast/entries/81/sets/1/species/2"", ""file_sha256"": ""37eb8635e2952e74a2e39cfd62a20d3edb4def344f131b7ab04cada388371458""}",world/pages/maps/g55_n016.md,/broadcast_metadata/gating
3,506,不良蛙,20,broadcast:81:4:3,55:16,漩涡岛,4,Thursday,神奥(Sinnoh),20,"{""path"": ""encounters_research/out/encounters.json"", ""json_pointer"": ""/broadcast/entries/81/sets/1/species/3"", ""file_sha256"": ""37eb8635e2952e74a2e39cfd62a20d3edb4def344f131b7ab04cada388371458""}",world/pages/maps/g55_n016.md,/broadcast_metadata/gating
0,1125,咬咬龟,40,broadcast:81:0:0,55:16,漩涡岛,0,Sunday,伽勒尔(Galar),40,"{""path"": ""encounters_research/out/encounters.json"", ""json_pointer"": ""/broadcast/entries/81/sets/2/species/0"", ""file_sha256"": ""37eb8635e2952e74a2e39cfd62a20d3edb4def344f131b7ab04cada388371458""}",world/pages/maps/g55_n016.md,/broadcast_metadata/gating
1,1125,咬咬龟,20,broadcast:81:0:1,55:16,漩涡岛,0,Sunday,伽勒尔(Galar),20,"{""path"": ""encounters_research/out/encounters.json"", ""json_pointer"": ""/broadcast/entries/81/sets/2/species/1"", ""file_sha256"": ""37eb8635e2952e74a2e39cfd62a20d3edb4def344f131b7ab04cada388371458""}",world/pages/maps/g55_n016.md,/broadcast_metadata/gating
2,580,滚滚蝙蝠,20,broadcast:81:0:2,55:16,漩涡岛,0,Sunday,伽勒尔(Galar),20,"{""path"": ""encounters_research/out/encounters.json"", ""json_pointer"": ""/broadcast/entries/81/sets/2/species/2"", ""file_sha256"": ""37eb8635e2952e74a2e39cfd62a20d3edb4def344f131b7ab04cada388371458""}",world/pages/maps/g55_n016.md,/broadcast_metadata/gating
3,577,石丸子,20,broadcast:81:0:3,55:16,漩涡岛,0,Sunday,伽勒尔(Galar),20,"{""path"": ""encounters_research/out/encounters.json"", ""json_pointer"": ""/broadcast/entries/81/sets/2/species/3"", ""file_sha256"": ""37eb8635e2952e74a2e39cfd62a20d3edb4def344f131b7ab04cada388371458""}",world/pages/maps/g55_n016.md,/broadcast_metadata/gating
0,306,蘑蘑菇,40,broadcast:82:3:0,56:25,47号道路,3,Wednesday,丰缘(Hoenn),40,"{""path"": ""encounters_research/out/encounters.json"", ""json_pointer"": ""/broadcast/entries/82/sets/0/species/0"", ""file_sha256"": ""37eb8635e2952e74a2e39cfd62a20d3edb4def344f131b7ab04cada388371458""}",world/pages/maps/g56_n025.md,/broadcast_metadata/gating
1,315,向尾喵,20,broadcast:82:3:1,56:25,47号道路,3,Wednesday,丰缘(Hoenn),20,"{""path"": ""encounters_research/out/encounters.json"", ""json_pointer"": ""/broadcast/entries/82/sets/0/species/1"", ""file_sha256"": ""37eb8635e2952e74a2e39cfd62a20d3edb4def344f131b7ab04cada388371458""}",world/pages/maps/g56_n025.md,/broadcast_metadata/gating
2,358,青绵鸟,20,broadcast:82:3:2,56:25,47号道路,3,Wednesday,丰缘(Hoenn),20,"{""path"": ""encounters_research/out/encounters.json"", ""json_pointer"": ""/broadcast/entries/82/sets/0/species/2"", ""file_sha256"": ""37eb8635e2952e74a2e39cfd62a20d3edb4def344f131b7ab04cada388371458""}",world/pages/maps/g56_n025.md,/broadcast_metadata/gating
3,358,青绵鸟,20,broadcast:82:3:3,56:25,47号道路,3,Wednesday,丰缘(Hoenn),20,"{""path"": ""encounters_research/out/encounters.json"", ""json_pointer"": ""/broadcast/entries/82/sets/0/species/3"", ""file_sha256"": ""37eb8635e2952e74a2e39cfd62a20d3edb4def344f131b7ab04cada388371458""}",world/pages/maps/g56_n025.md,/broadcast_metadata/gating
0,449,姆克儿,40,broadcast:82:4:0,56:25,47号道路,4,Thursday,神奥(Sinnoh),40,"{""path"": ""encounters_research/out/encounters.json"", ""json_pointer"": ""/broadcast/entries/82/sets/1/species/0"", ""file_sha256"": ""37eb8635e2952e74a2e39cfd62a20d3edb4def344f131b7ab04cada388371458""}",world/pages/maps/g56_n025.md,/broadcast_metadata/gating
1,484,魅力喵,20,broadcast:82:4:1,56:25,47号道路,4,Thursday,神奥(Sinnoh),20,"{""path"": ""encounters_research/out/encounters.json"", ""json_pointer"": ""/broadcast/entries/82/sets/1/species/1"", ""file_sha256"": ""37eb8635e2952e74a2e39cfd62a20d3edb4def344f131b7ab04cada388371458""}",world/pages/maps/g56_n025.md,/broadcast_metadata/gating
2,480,卷卷耳,20,broadcast:82:4:2,56:25,47号道路,4,Thursday,神奥(Sinnoh),20,"{""path"": ""encounters_research/out/encounters.json"", ""json_pointer"": ""/broadcast/entries/82/sets/1/species/2"", ""file_sha256"": ""37eb8635e2952e74a2e39cfd62a20d3edb4def344f131b7ab04cada388371458""}",world/pages/maps/g56_n025.md,/broadcast_metadata/gating
3,480,卷卷耳,20,broadcast:82:4:3,56:25,47号道路,4,Thursday,神奥(Sinnoh),20,"{""path"": ""encounters_research/out/encounters.json"", ""json_pointer"": ""/broadcast/entries/82/sets/1/species/3"", ""file_sha256"": ""37eb8635e2952e74a2e39cfd62a20d3edb4def344f131b7ab04cada388371458""}",world/pages/maps/g56_n025.md,/broadcast_metadata/gating
0,1119,偷儿狐,40,broadcast:82:0:0,56:25,47号道路,0,Sunday,伽勒尔(Galar),40,"{""path"": ""encounters_research/out/encounters.json"", ""json_pointer"": ""/broadcast/entries/82/sets/2/species/0"", ""file_sha256"": ""37eb8635e2952e74a2e39cfd62a20d3edb4def344f131b7ab04cada388371458""}",world/pages/maps/g56_n025.md,/broadcast_metadata/gating
1,1113,稚山雀,20,broadcast:82:0:1,56:25,47号道路,0,Sunday,伽勒尔(Galar),20,"{""path"": ""encounters_research/out/encounters.json"", ""json_pointer"": ""/broadcast/entries/82/sets/2/species/1"", ""file_sha256"": ""37eb8635e2952e74a2e39cfd62a20d3edb4def344f131b7ab04cada388371458""}",world/pages/maps/g56_n025.md,/broadcast_metadata/gating
2,1121,幼棉棉,20,broadcast:82:0:2,56:25,47号道路,0,Sunday,伽勒尔(Galar),20,"{""path"": ""encounters_research/out/encounters.json"", ""json_pointer"": ""/broadcast/entries/82/sets/2/species/2"", ""file_sha256"": ""37eb8635e2952e74a2e39cfd62a20d3edb4def344f131b7ab04cada388371458""}",world/pages/maps/g56_n025.md,/broadcast_metadata/gating
3,1121,幼棉棉,20,broadcast:82:0:3,56:25,47号道路,0,Sunday,伽勒尔(Galar),20,"{""path"": ""encounters_research/out/encounters.json"", ""json_pointer"": ""/broadcast/entries/82/sets/2/species/3"", ""file_sha256"": ""37eb8635e2952e74a2e39cfd62a20d3edb4def344f131b7ab04cada388371458""}",world/pages/maps/g56_n025.md,/broadcast_metadata/gating
0,370,咕妞妞,40,broadcast:83:3:0,56:26,48号道路,3,Wednesday,丰缘(Hoenn),40,"{""path"": ""encounters_research/out/encounters.json"", ""json_pointer"": ""/broadcast/entries/83/sets/0/species/0"", ""file_sha256"": ""37eb8635e2952e74a2e39cfd62a20d3edb4def344f131b7ab04cada388371458""}",world/pages/maps/g56_n026.md,/broadcast_metadata/gating
1,379,饭匙蛇,20,broadcast:83:3:1,56:26,48号道路,3,Wednesday,丰缘(Hoenn),20,"{""path"": ""encounters_research/out/encounters.json"", ""json_pointer"": ""/broadcast/entries/83/sets/0/species/1"", ""file_sha256"": ""37eb8635e2952e74a2e39cfd62a20d3edb4def344f131b7ab04cada388371458""}",world/pages/maps/g56_n026.md,/broadcast_metadata/gating
2,308,晃晃斑,20,broadcast:83:3:2,56:26,48号道路,3,Wednesday,丰缘(Hoenn),20,"{""path"": ""encounters_research/out/encounters.json"", ""json_pointer"": ""/broadcast/entries/83/sets/0/species/2"", ""file_sha256"": ""37eb8635e2952e74a2e39cfd62a20d3edb4def344f131b7ab04cada388371458""}",world/pages/maps/g56_n026.md,/broadcast_metadata/gating
3,308,晃晃斑,20,broadcast:83:3:3,56:26,48号道路,3,Wednesday,丰缘(Hoenn),20,"{""path"": ""encounters_research/out/encounters.json"", ""json_pointer"": ""/broadcast/entries/83/sets/0/species/3"", ""file_sha256"": ""37eb8635e2952e74a2e39cfd62a20d3edb4def344f131b7ab04cada388371458""}",world/pages/maps/g56_n026.md,/broadcast_metadata/gating
0,487,臭鼬噗,40,broadcast:83:4:0,56:26,48号道路,4,Thursday,神奥(Sinnoh),40,"{""path"": ""encounters_research/out/encounters.json"", ""json_pointer"": ""/broadcast/entries/83/sets/1/species/0"", ""file_sha256"": ""37eb8635e2952e74a2e39cfd62a20d3edb4def344f131b7ab04cada388371458""}",world/pages/maps/g56_n026.md,/broadcast_metadata/gating
1,484,魅力喵,20,broadcast:83:4:1,56:26,48号道路,4,Thursday,神奥(Sinnoh),20,"{""path"": ""encounters_research/out/encounters.json"", ""json_pointer"": ""/broadcast/entries/83/sets/1/species/1"", ""file_sha256"": ""37eb8635e2952e74a2e39cfd62a20d3edb4def344f131b7ab04cada388371458""}",world/pages/maps/g56_n026.md,/broadcast_metadata/gating
2,494,聒噪鸟,20,broadcast:83:4:2,56:26,48号道路,4,Thursday,神奥(Sinnoh),20,"{""path"": ""encounters_research/out/encounters.json"", ""json_pointer"": ""/broadcast/entries/83/sets/1/species/2"", ""file_sha256"": ""37eb8635e2952e74a2e39cfd62a20d3edb4def344f131b7ab04cada388371458""}",world/pages/maps/g56_n026.md,/broadcast_metadata/gating
3,494,聒噪鸟,20,broadcast:83:4:3,56:26,48号道路,4,Thursday,神奥(Sinnoh),20,"{""path"": ""encounters_research/out/encounters.json"", ""json_pointer"": ""/broadcast/entries/83/sets/1/species/3"", ""file_sha256"": ""37eb8635e2952e74a2e39cfd62a20d3edb4def344f131b7ab04cada388371458""}",world/pages/maps/g56_n026.md,/broadcast_metadata/gating
0,1119,偷儿狐,40,broadcast:83:0:0,56:26,48号道路,0,Sunday,伽勒尔(Galar),40,"{""path"": ""encounters_research/out/encounters.json"", ""json_pointer"": ""/broadcast/entries/83/sets/2/species/0"", ""file_sha256"": ""37eb8635e2952e74a2e39cfd62a20d3edb4def344f131b7ab04cada388371458""}",world/pages/maps/g56_n026.md,/broadcast_metadata/gating
1,1151,捣蛋小妖,20,broadcast:83:0:1,56:26,48号道路,0,Sunday,伽勒尔(Galar),20,"{""path"": ""encounters_research/out/encounters.json"", ""json_pointer"": ""/broadcast/entries/83/sets/2/species/1"", ""file_sha256"": ""37eb8635e2952e74a2e39cfd62a20d3edb4def344f131b7ab04cada388371458""}",world/pages/maps/g56_n026.md,/broadcast_metadata/gating
2,1123,毛辫羊,20,broadcast:83:0:2,56:26,48号道路,0,Sunday,伽勒尔(Galar),20,"{""path"": ""encounters_research/out/encounters.json"", ""json_pointer"": ""/broadcast/entries/83/sets/2/species/2"", ""file_sha256"": ""37eb8635e2952e74a2e39cfd62a20d3edb4def344f131b7ab04cada388371458""}",world/pages/maps/g56_n026.md,/broadcast_metadata/gating
3,1123,毛辫羊,20,broadcast:83:0:3,56:26,48号道路,0,Sunday,伽勒尔(Galar),20,"{""path"": ""encounters_research/out/encounters.json"", ""json_pointer"": ""/broadcast/entries/83/sets/2/species/3"", ""file_sha256"": ""37eb8635e2952e74a2e39cfd62a20d3edb4def344f131b7ab04cada388371458""}",world/pages/maps/g56_n026.md,/broadcast_metadata/gating
0,370,咕妞妞,40,broadcast:84:3:0,56:33,破海洞穴,3,Wednesday,丰缘(Hoenn),40,"{""path"": ""encounters_research/out/encounters.json"", ""json_pointer"": ""/broadcast/entries/84/sets/0/species/0"", ""file_sha256"": ""37eb8635e2952e74a2e39cfd62a20d3edb4def344f131b7ab04cada388371458""}",world/pages/maps/g56_n033.md,/broadcast_metadata/gating
1,335,幕下力士,20,broadcast:84:3:1,56:33,破海洞穴,3,Wednesday,丰缘(Hoenn),20,"{""path"": ""encounters_research/out/encounters.json"", ""json_pointer"": ""/broadcast/entries/84/sets/0/species/1"", ""file_sha256"": ""37eb8635e2952e74a2e39cfd62a20d3edb4def344f131b7ab04cada388371458""}",world/pages/maps/g56_n033.md,/broadcast_metadata/gating
2,322,勾魂眼,20,broadcast:84:3:2,56:33,破海洞穴,3,Wednesday,丰缘(Hoenn),20,"{""path"": ""encounters_research/out/encounters.json"", ""json_pointer"": ""/broadcast/entries/84/sets/0/species/2"", ""file_sha256"": ""37eb8635e2952e74a2e39cfd62a20d3edb4def344f131b7ab04cada388371458""}",world/pages/maps/g56_n033.md,/broadcast_metadata/gating
3,322,勾魂眼,20,broadcast:84:3:3,56:33,破海洞穴,3,Wednesday,丰缘(Hoenn),20,"{""path"": ""encounters_research/out/encounters.json"", ""json_pointer"": ""/broadcast/entries/84/sets/0/species/3"", ""file_sha256"": ""37eb8635e2952e74a2e39cfd62a20d3edb4def344f131b7ab04cada388371458""}",world/pages/maps/g56_n033.md,/broadcast_metadata/gating
0,506,不良蛙,40,broadcast:84:4:0,56:33,破海洞穴,4,Thursday,神奥(Sinnoh),40,"{""path"": ""encounters_research/out/encounters.json"", ""json_pointer"": ""/broadcast/entries/84/sets/1/species/0"", ""file_sha256"": ""37eb8635e2952e74a2e39cfd62a20d3edb4def344f131b7ab04cada388371458""}",world/pages/maps/g56_n033.md,/broadcast_metadata/gating
1,475,无壳海兔,20,broadcast:84:4:1,56:33,破海洞穴,4,Thursday,神奥(Sinnoh),20,"{""path"": ""encounters_research/out/encounters.json"", ""json_pointer"": ""/broadcast/entries/84/sets/1/species/1"", ""file_sha256"": ""37eb8635e2952e74a2e39cfd62a20d3edb4def344f131b7ab04cada388371458""}",world/pages/maps/g56_n033.md,/broadcast_metadata/gating
2,489,铜镜怪,20,broadcast:84:4:2,56:33,破海洞穴,4,Thursday,神奥(Sinnoh),20,"{""path"": ""encounters_research/out/encounters.json"", ""json_pointer"": ""/broadcast/entries/84/sets/1/species/2"", ""file_sha256"": ""37eb8635e2952e74a2e39cfd62a20d3edb4def344f131b7ab04cada388371458""}",world/pages/maps/g56_n033.md,/broadcast_metadata/gating
3,489,铜镜怪,20,broadcast:84:4:3,56:33,破海洞穴,4,Thursday,神奥(Sinnoh),20,"{""path"": ""encounters_research/out/encounters.json"", ""json_pointer"": ""/broadcast/entries/84/sets/1/species/3"", ""file_sha256"": ""37eb8635e2952e74a2e39cfd62a20d3edb4def344f131b7ab04cada388371458""}",world/pages/maps/g56_n033.md,/broadcast_metadata/gating
0,580,滚滚蝙蝠,40,broadcast:84:0:0,56:33,破海洞穴,0,Sunday,伽勒尔(Galar),40,"{""path"": ""encounters_research/out/encounters.json"", ""json_pointer"": ""/broadcast/entries/84/sets/2/species/0"", ""file_sha256"": ""37eb8635e2952e74a2e39cfd62a20d3edb4def344f131b7ab04cada388371458""}",world/pages/maps/g56_n033.md,/broadcast_metadata/gating
1,1151,捣蛋小妖,20,broadcast:84:0:1,56:33,破海洞穴,0,Sunday,伽勒尔(Galar),20,"{""path"": ""encounters_research/out/encounters.json"", ""json_pointer"": ""/broadcast/entries/84/sets/2/species/1"", ""file_sha256"": ""37eb8635e2952e74a2e39cfd62a20d3edb4def344f131b7ab04cada388371458""}",world/pages/maps/g56_n033.md,/broadcast_metadata/gating
2,580,滚滚蝙蝠,20,broadcast:84:0:2,56:33,破海洞穴,0,Sunday,伽勒尔(Galar),20,"{""path"": ""encounters_research/out/encounters.json"", ""json_pointer"": ""/broadcast/entries/84/sets/2/species/2"", ""file_sha256"": ""37eb8635e2952e74a2e39cfd62a20d3edb4def344f131b7ab04cada388371458""}",world/pages/maps/g56_n033.md,/broadcast_metadata/gating
3,1125,咬咬龟,20,broadcast:84:0:3,56:33,破海洞穴,0,Sunday,伽勒尔(Galar),20,"{""path"": ""encounters_research/out/encounters.json"", ""json_pointer"": ""/broadcast/entries/84/sets/2/species/3"", ""file_sha256"": ""37eb8635e2952e74a2e39cfd62a20d3edb4def344f131b7ab04cada388371458""}",world/pages/maps/g56_n033.md,/broadcast_metadata/gating
0,370,咕妞妞,40,broadcast:85:3:0,56:34,破海洞穴,3,Wednesday,丰缘(Hoenn),40,"{""path"": ""encounters_research/out/encounters.json"", ""json_pointer"": ""/broadcast/entries/85/sets/0/species/0"", ""file_sha256"": ""37eb8635e2952e74a2e39cfd62a20d3edb4def344f131b7ab04cada388371458""}",world/pages/maps/g56_n034.md,/broadcast_metadata/gating
1,335,幕下力士,20,broadcast:85:3:1,56:34,破海洞穴,3,Wednesday,丰缘(Hoenn),20,"{""path"": ""encounters_research/out/encounters.json"", ""json_pointer"": ""/broadcast/entries/85/sets/0/species/1"", ""file_sha256"": ""37eb8635e2952e74a2e39cfd62a20d3edb4def344f131b7ab04cada388371458""}",world/pages/maps/g56_n034.md,/broadcast_metadata/gating
2,322,勾魂眼,20,broadcast:85:3:2,56:34,破海洞穴,3,Wednesday,丰缘(Hoenn),20,"{""path"": ""encounters_research/out/encounters.json"", ""json_pointer"": ""/broadcast/entries/85/sets/0/species/2"", ""file_sha256"": ""37eb8635e2952e74a2e39cfd62a20d3edb4def344f131b7ab04cada388371458""}",world/pages/maps/g56_n034.md,/broadcast_metadata/gating
3,322,勾魂眼,20,broadcast:85:3:3,56:34,破海洞穴,3,Wednesday,丰缘(Hoenn),20,"{""path"": ""encounters_research/out/encounters.json"", ""json_pointer"": ""/broadcast/entries/85/sets/0/species/3"", ""file_sha256"": ""37eb8635e2952e74a2e39cfd62a20d3edb4def344f131b7ab04cada388371458""}",world/pages/maps/g56_n034.md,/broadcast_metadata/gating
0,506,不良蛙,40,broadcast:85:4:0,56:34,破海洞穴,4,Thursday,神奥(Sinnoh),40,"{""path"": ""encounters_research/out/encounters.json"", ""json_pointer"": ""/broadcast/entries/85/sets/1/species/0"", ""file_sha256"": ""37eb8635e2952e74a2e39cfd62a20d3edb4def344f131b7ab04cada388371458""}",world/pages/maps/g56_n034.md,/broadcast_metadata/gating
1,475,无壳海兔,20,broadcast:85:4:1,56:34,破海洞穴,4,Thursday,神奥(Sinnoh),20,"{""path"": ""encounters_research/out/encounters.json"", ""json_pointer"": ""/broadcast/entries/85/sets/1/species/1"", ""file_sha256"": ""37eb8635e2952e74a2e39cfd62a20d3edb4def344f131b7ab04cada388371458""}",world/pages/maps/g56_n034.md,/broadcast_metadata/gating
2,489,铜镜怪,20,broadcast:85:4:2,56:34,破海洞穴,4,Thursday,神奥(Sinnoh),20,"{""path"": ""encounters_research/out/encounters.json"", ""json_pointer"": ""/broadcast/entries/85/sets/1/species/2"", ""file_sha256"": ""37eb8635e2952e74a2e39cfd62a20d3edb4def344f131b7ab04cada388371458""}",world/pages/maps/g56_n034.md,/broadcast_metadata/gating
3,489,铜镜怪,20,broadcast:85:4:3,56:34,破海洞穴,4,Thursday,神奥(Sinnoh),20,"{""path"": ""encounters_research/out/encounters.json"", ""json_pointer"": ""/broadcast/entries/85/sets/1/species/3"", ""file_sha256"": ""37eb8635e2952e74a2e39cfd62a20d3edb4def344f131b7ab04cada388371458""}",world/pages/maps/g56_n034.md,/broadcast_metadata/gating
0,580,滚滚蝙蝠,40,broadcast:85:0:0,56:34,破海洞穴,0,Sunday,伽勒尔(Galar),40,"{""path"": ""encounters_research/out/encounters.json"", ""json_pointer"": ""/broadcast/entries/85/sets/2/species/0"", ""file_sha256"": ""37eb8635e2952e74a2e39cfd62a20d3edb4def344f131b7ab04cada388371458""}",world/pages/maps/g56_n034.md,/broadcast_metadata/gating
1,1151,捣蛋小妖,20,broadcast:85:0:1,56:34,破海洞穴,0,Sunday,伽勒尔(Galar),20,"{""path"": ""encounters_research/out/encounters.json"", ""json_pointer"": ""/broadcast/entries/85/sets/2/species/1"", ""file_sha256"": ""37eb8635e2952e74a2e39cfd62a20d3edb4def344f131b7ab04cada388371458""}",world/pages/maps/g56_n034.md,/broadcast_metadata/gating
2,580,滚滚蝙蝠,20,broadcast:85:0:2,56:34,破海洞穴,0,Sunday,伽勒尔(Galar),20,"{""path"": ""encounters_research/out/encounters.json"", ""json_pointer"": ""/broadcast/entries/85/sets/2/species/2"", ""file_sha256"": ""37eb8635e2952e74a2e39cfd62a20d3edb4def344f131b7ab04cada388371458""}",world/pages/maps/g56_n034.md,/broadcast_metadata/gating
3,1125,咬咬龟,20,broadcast:85:0:3,56:34,破海洞穴,0,Sunday,伽勒尔(Galar),20,"{""path"": ""encounters_research/out/encounters.json"", ""json_pointer"": ""/broadcast/entries/85/sets/2/species/3"", ""file_sha256"": ""37eb8635e2952e74a2e39cfd62a20d3edb4def344f131b7ab04cada388371458""}",world/pages/maps/g56_n034.md,/broadcast_metadata/gating
0,370,咕妞妞,40,broadcast:86:3:0,56:35,破海洞穴,3,Wednesday,丰缘(Hoenn),40,"{""path"": ""encounters_research/out/encounters.json"", ""json_pointer"": ""/broadcast/entries/86/sets/0/species/0"", ""file_sha256"": ""37eb8635e2952e74a2e39cfd62a20d3edb4def344f131b7ab04cada388371458""}",world/pages/maps/g56_n035.md,/broadcast_metadata/gating
1,335,幕下力士,20,broadcast:86:3:1,56:35,破海洞穴,3,Wednesday,丰缘(Hoenn),20,"{""path"": ""encounters_research/out/encounters.json"", ""json_pointer"": ""/broadcast/entries/86/sets/0/species/1"", ""file_sha256"": ""37eb8635e2952e74a2e39cfd62a20d3edb4def344f131b7ab04cada388371458""}",world/pages/maps/g56_n035.md,/broadcast_metadata/gating
2,322,勾魂眼,20,broadcast:86:3:2,56:35,破海洞穴,3,Wednesday,丰缘(Hoenn),20,"{""path"": ""encounters_research/out/encounters.json"", ""json_pointer"": ""/broadcast/entries/86/sets/0/species/2"", ""file_sha256"": ""37eb8635e2952e74a2e39cfd62a20d3edb4def344f131b7ab04cada388371458""}",world/pages/maps/g56_n035.md,/broadcast_metadata/gating
3,322,勾魂眼,20,broadcast:86:3:3,56:35,破海洞穴,3,Wednesday,丰缘(Hoenn),20,"{""path"": ""encounters_research/out/encounters.json"", ""json_pointer"": ""/broadcast/entries/86/sets/0/species/3"", ""file_sha256"": ""37eb8635e2952e74a2e39cfd62a20d3edb4def344f131b7ab04cada388371458""}",world/pages/maps/g56_n035.md,/broadcast_metadata/gating
0,506,不良蛙,40,broadcast:86:4:0,56:35,破海洞穴,4,Thursday,神奥(Sinnoh),40,"{""path"": ""encounters_research/out/encounters.json"", ""json_pointer"": ""/broadcast/entries/86/sets/1/species/0"", ""file_sha256"": ""37eb8635e2952e74a2e39cfd62a20d3edb4def344f131b7ab04cada388371458""}",world/pages/maps/g56_n035.md,/broadcast_metadata/gating
1,475,无壳海兔,20,broadcast:86:4:1,56:35,破海洞穴,4,Thursday,神奥(Sinnoh),20,"{""path"": ""encounters_research/out/encounters.json"", ""json_pointer"": ""/broadcast/entries/86/sets/1/species/1"", ""file_sha256"": ""37eb8635e2952e74a2e39cfd62a20d3edb4def344f131b7ab04cada388371458""}",world/pages/maps/g56_n035.md,/broadcast_metadata/gating
2,489,铜镜怪,20,broadcast:86:4:2,56:35,破海洞穴,4,Thursday,神奥(Sinnoh),20,"{""path"": ""encounters_research/out/encounters.json"", ""json_pointer"": ""/broadcast/entries/86/sets/1/species/2"", ""file_sha256"": ""37eb8635e2952e74a2e39cfd62a20d3edb4def344f131b7ab04cada388371458""}",world/pages/maps/g56_n035.md,/broadcast_metadata/gating
3,489,铜镜怪,20,broadcast:86:4:3,56:35,破海洞穴,4,Thursday,神奥(Sinnoh),20,"{""path"": ""encounters_research/out/encounters.json"", ""json_pointer"": ""/broadcast/entries/86/sets/1/species/3"", ""file_sha256"": ""37eb8635e2952e74a2e39cfd62a20d3edb4def344f131b7ab04cada388371458""}",world/pages/maps/g56_n035.md,/broadcast_metadata/gating
0,580,滚滚蝙蝠,40,broadcast:86:0:0,56:35,破海洞穴,0,Sunday,伽勒尔(Galar),40,"{""path"": ""encounters_research/out/encounters.json"", ""json_pointer"": ""/broadcast/entries/86/sets/2/species/0"", ""file_sha256"": ""37eb8635e2952e74a2e39cfd62a20d3edb4def344f131b7ab04cada388371458""}",world/pages/maps/g56_n035.md,/broadcast_metadata/gating
1,1151,捣蛋小妖,20,broadcast:86:0:1,56:35,破海洞穴,0,Sunday,伽勒尔(Galar),20,"{""path"": ""encounters_research/out/encounters.json"", ""json_pointer"": ""/broadcast/entries/86/sets/2/species/1"", ""file_sha256"": ""37eb8635e2952e74a2e39cfd62a20d3edb4def344f131b7ab04cada388371458""}",world/pages/maps/g56_n035.md,/broadcast_metadata/gating
2,580,滚滚蝙蝠,20,broadcast:86:0:2,56:35,破海洞穴,0,Sunday,伽勒尔(Galar),20,"{""path"": ""encounters_research/out/encounters.json"", ""json_pointer"": ""/broadcast/entries/86/sets/2/species/2"", ""file_sha256"": ""37eb8635e2952e74a2e39cfd62a20d3edb4def344f131b7ab04cada388371458""}",world/pages/maps/g56_n035.md,/broadcast_metadata/gating
3,1125,咬咬龟,20,broadcast:86:0:3,56:35,破海洞穴,0,Sunday,伽勒尔(Galar),20,"{""path"": ""encounters_research/out/encounters.json"", ""json_pointer"": ""/broadcast/entries/86/sets/2/species/3"", ""file_sha256"": ""37eb8635e2952e74a2e39cfd62a20d3edb4def344f131b7ab04cada388371458""}",world/pages/maps/g56_n035.md,/broadcast_metadata/gating
0,370,咕妞妞,40,broadcast:87:3:0,56:36,破海洞穴,3,Wednesday,丰缘(Hoenn),40,"{""path"": ""encounters_research/out/encounters.json"", ""json_pointer"": ""/broadcast/entries/87/sets/0/species/0"", ""file_sha256"": ""37eb8635e2952e74a2e39cfd62a20d3edb4def344f131b7ab04cada388371458""}",world/pages/maps/g56_n036.md,/broadcast_metadata/gating
1,335,幕下力士,20,broadcast:87:3:1,56:36,破海洞穴,3,Wednesday,丰缘(Hoenn),20,"{""path"": ""encounters_research/out/encounters.json"", ""json_pointer"": ""/broadcast/entries/87/sets/0/species/1"", ""file_sha256"": ""37eb8635e2952e74a2e39cfd62a20d3edb4def344f131b7ab04cada388371458""}",world/pages/maps/g56_n036.md,/broadcast_metadata/gating
2,322,勾魂眼,20,broadcast:87:3:2,56:36,破海洞穴,3,Wednesday,丰缘(Hoenn),20,"{""path"": ""encounters_research/out/encounters.json"", ""json_pointer"": ""/broadcast/entries/87/sets/0/species/2"", ""file_sha256"": ""37eb8635e2952e74a2e39cfd62a20d3edb4def344f131b7ab04cada388371458""}",world/pages/maps/g56_n036.md,/broadcast_metadata/gating
3,322,勾魂眼,20,broadcast:87:3:3,56:36,破海洞穴,3,Wednesday,丰缘(Hoenn),20,"{""path"": ""encounters_research/out/encounters.json"", ""json_pointer"": ""/broadcast/entries/87/sets/0/species/3"", ""file_sha256"": ""37eb8635e2952e74a2e39cfd62a20d3edb4def344f131b7ab04cada388371458""}",world/pages/maps/g56_n036.md,/broadcast_metadata/gating
0,506,不良蛙,40,broadcast:87:4:0,56:36,破海洞穴,4,Thursday,神奥(Sinnoh),40,"{""path"": ""encounters_research/out/encounters.json"", ""json_pointer"": ""/broadcast/entries/87/sets/1/species/0"", ""file_sha256"": ""37eb8635e2952e74a2e39cfd62a20d3edb4def344f131b7ab04cada388371458""}",world/pages/maps/g56_n036.md,/broadcast_metadata/gating
1,475,无壳海兔,20,broadcast:87:4:1,56:36,破海洞穴,4,Thursday,神奥(Sinnoh),20,"{""path"": ""encounters_research/out/encounters.json"", ""json_pointer"": ""/broadcast/entries/87/sets/1/species/1"", ""file_sha256"": ""37eb8635e2952e74a2e39cfd62a20d3edb4def344f131b7ab04cada388371458""}",world/pages/maps/g56_n036.md,/broadcast_metadata/gating
2,489,铜镜怪,20,broadcast:87:4:2,56:36,破海洞穴,4,Thursday,神奥(Sinnoh),20,"{""path"": ""encounters_research/out/encounters.json"", ""json_pointer"": ""/broadcast/entries/87/sets/1/species/2"", ""file_sha256"": ""37eb8635e2952e74a2e39cfd62a20d3edb4def344f131b7ab04cada388371458""}",world/pages/maps/g56_n036.md,/broadcast_metadata/gating
3,489,铜镜怪,20,broadcast:87:4:3,56:36,破海洞穴,4,Thursday,神奥(Sinnoh),20,"{""path"": ""encounters_research/out/encounters.json"", ""json_pointer"": ""/broadcast/entries/87/sets/1/species/3"", ""file_sha256"": ""37eb8635e2952e74a2e39cfd62a20d3edb4def344f131b7ab04cada388371458""}",world/pages/maps/g56_n036.md,/broadcast_metadata/gating
0,580,滚滚蝙蝠,40,broadcast:87:0:0,56:36,破海洞穴,0,Sunday,伽勒尔(Galar),40,"{""path"": ""encounters_research/out/encounters.json"", ""json_pointer"": ""/broadcast/entries/87/sets/2/species/0"", ""file_sha256"": ""37eb8635e2952e74a2e39cfd62a20d3edb4def344f131b7ab04cada388371458""}",world/pages/maps/g56_n036.md,/broadcast_metadata/gating
1,1151,捣蛋小妖,20,broadcast:87:0:1,56:36,破海洞穴,0,Sunday,伽勒尔(Galar),20,"{""path"": ""encounters_research/out/encounters.json"", ""json_pointer"": ""/broadcast/entries/87/sets/2/species/1"", ""file_sha256"": ""37eb8635e2952e74a2e39cfd62a20d3edb4def344f131b7ab04cada388371458""}",world/pages/maps/g56_n036.md,/broadcast_metadata/gating
2,580,滚滚蝙蝠,20,broadcast:87:0:2,56:36,破海洞穴,0,Sunday,伽勒尔(Galar),20,"{""path"": ""encounters_research/out/encounters.json"", ""json_pointer"": ""/broadcast/entries/87/sets/2/species/2"", ""file_sha256"": ""37eb8635e2952e74a2e39cfd62a20d3edb4def344f131b7ab04cada388371458""}",world/pages/maps/g56_n036.md,/broadcast_metadata/gating
3,1125,咬咬龟,20,broadcast:87:0:3,56:36,破海洞穴,0,Sunday,伽勒尔(Galar),20,"{""path"": ""encounters_research/out/encounters.json"", ""json_pointer"": ""/broadcast/entries/87/sets/2/species/3"", ""file_sha256"": ""37eb8635e2952e74a2e39cfd62a20d3edb4def344f131b7ab04cada388371458""}",world/pages/maps/g56_n036.md,/broadcast_metadata/gating
0,370,咕妞妞,40,broadcast:88:3:0,56:37,破海洞穴,3,Wednesday,丰缘(Hoenn),40,"{""path"": ""encounters_research/out/encounters.json"", ""json_pointer"": ""/broadcast/entries/88/sets/0/species/0"", ""file_sha256"": ""37eb8635e2952e74a2e39cfd62a20d3edb4def344f131b7ab04cada388371458""}",world/pages/maps/g56_n037.md,/broadcast_metadata/gating
1,335,幕下力士,20,broadcast:88:3:1,56:37,破海洞穴,3,Wednesday,丰缘(Hoenn),20,"{""path"": ""encounters_research/out/encounters.json"", ""json_pointer"": ""/broadcast/entries/88/sets/0/species/1"", ""file_sha256"": ""37eb8635e2952e74a2e39cfd62a20d3edb4def344f131b7ab04cada388371458""}",world/pages/maps/g56_n037.md,/broadcast_metadata/gating
2,322,勾魂眼,20,broadcast:88:3:2,56:37,破海洞穴,3,Wednesday,丰缘(Hoenn),20,"{""path"": ""encounters_research/out/encounters.json"", ""json_pointer"": ""/broadcast/entries/88/sets/0/species/2"", ""file_sha256"": ""37eb8635e2952e74a2e39cfd62a20d3edb4def344f131b7ab04cada388371458""}",world/pages/maps/g56_n037.md,/broadcast_metadata/gating
3,322,勾魂眼,20,broadcast:88:3:3,56:37,破海洞穴,3,Wednesday,丰缘(Hoenn),20,"{""path"": ""encounters_research/out/encounters.json"", ""json_pointer"": ""/broadcast/entries/88/sets/0/species/3"", ""file_sha256"": ""37eb8635e2952e74a2e39cfd62a20d3edb4def344f131b7ab04cada388371458""}",world/pages/maps/g56_n037.md,/broadcast_metadata/gating
0,506,不良蛙,40,broadcast:88:4:0,56:37,破海洞穴,4,Thursday,神奥(Sinnoh),40,"{""path"": ""encounters_research/out/encounters.json"", ""json_pointer"": ""/broadcast/entries/88/sets/1/species/0"", ""file_sha256"": ""37eb8635e2952e74a2e39cfd62a20d3edb4def344f131b7ab04cada388371458""}",world/pages/maps/g56_n037.md,/broadcast_metadata/gating
1,475,无壳海兔,20,broadcast:88:4:1,56:37,破海洞穴,4,Thursday,神奥(Sinnoh),20,"{""path"": ""encounters_research/out/encounters.json"", ""json_pointer"": ""/broadcast/entries/88/sets/1/species/1"", ""file_sha256"": ""37eb8635e2952e74a2e39cfd62a20d3edb4def344f131b7ab04cada388371458""}",world/pages/maps/g56_n037.md,/broadcast_metadata/gating
2,489,铜镜怪,20,broadcast:88:4:2,56:37,破海洞穴,4,Thursday,神奥(Sinnoh),20,"{""path"": ""encounters_research/out/encounters.json"", ""json_pointer"": ""/broadcast/entries/88/sets/1/species/2"", ""file_sha256"": ""37eb8635e2952e74a2e39cfd62a20d3edb4def344f131b7ab04cada388371458""}",world/pages/maps/g56_n037.md,/broadcast_metadata/gating
3,489,铜镜怪,20,broadcast:88:4:3,56:37,破海洞穴,4,Thursday,神奥(Sinnoh),20,"{""path"": ""encounters_research/out/encounters.json"", ""json_pointer"": ""/broadcast/entries/88/sets/1/species/3"", ""file_sha256"": ""37eb8635e2952e74a2e39cfd62a20d3edb4def344f131b7ab04cada388371458""}",world/pages/maps/g56_n037.md,/broadcast_metadata/gating
0,580,滚滚蝙蝠,40,broadcast:88:0:0,56:37,破海洞穴,0,Sunday,伽勒尔(Galar),40,"{""path"": ""encounters_research/out/encounters.json"", ""json_pointer"": ""/broadcast/entries/88/sets/2/species/0"", ""file_sha256"": ""37eb8635e2952e74a2e39cfd62a20d3edb4def344f131b7ab04cada388371458""}",world/pages/maps/g56_n037.md,/broadcast_metadata/gating
1,1151,捣蛋小妖,20,broadcast:88:0:1,56:37,破海洞穴,0,Sunday,伽勒尔(Galar),20,"{""path"": ""encounters_research/out/encounters.json"", ""json_pointer"": ""/broadcast/entries/88/sets/2/species/1"", ""file_sha256"": ""37eb8635e2952e74a2e39cfd62a20d3edb4def344f131b7ab04cada388371458""}",world/pages/maps/g56_n037.md,/broadcast_metadata/gating
2,580,滚滚蝙蝠,20,broadcast:88:0:2,56:37,破海洞穴,0,Sunday,伽勒尔(Galar),20,"{""path"": ""encounters_research/out/encounters.json"", ""json_pointer"": ""/broadcast/entries/88/sets/2/species/2"", ""file_sha256"": ""37eb8635e2952e74a2e39cfd62a20d3edb4def344f131b7ab04cada388371458""}",world/pages/maps/g56_n037.md,/broadcast_metadata/gating
3,1125,咬咬龟,20,broadcast:88:0:3,56:37,破海洞穴,0,Sunday,伽勒尔(Galar),20,"{""path"": ""encounters_research/out/encounters.json"", ""json_pointer"": ""/broadcast/entries/88/sets/2/species/3"", ""file_sha256"": ""37eb8635e2952e74a2e39cfd62a20d3edb4def344f131b7ab04cada388371458""}",world/pages/maps/g56_n037.md,/broadcast_metadata/gating
0,322,勾魂眼,40,broadcast:89:3:0,56:38,破海洞穴,3,Wednesday,丰缘(Hoenn),40,"{""path"": ""encounters_research/out/encounters.json"", ""json_pointer"": ""/broadcast/entries/89/sets/0/species/0"", ""file_sha256"": ""37eb8635e2952e74a2e39cfd62a20d3edb4def344f131b7ab04cada388371458""}",world/pages/maps/g56_n038.md,/broadcast_metadata/gating
1,355,大嘴娃,20,broadcast:89:3:1,56:38,破海洞穴,3,Wednesday,丰缘(Hoenn),20,"{""path"": ""encounters_research/out/encounters.json"", ""json_pointer"": ""/broadcast/entries/89/sets/0/species/1"", ""file_sha256"": ""37eb8635e2952e74a2e39cfd62a20d3edb4def344f131b7ab04cada388371458""}",world/pages/maps/g56_n038.md,/broadcast_metadata/gating
2,361,夜巡灵,20,broadcast:89:3:2,56:38,破海洞穴,3,Wednesday,丰缘(Hoenn),20,"{""path"": ""encounters_research/out/encounters.json"", ""json_pointer"": ""/broadcast/entries/89/sets/0/species/2"", ""file_sha256"": ""37eb8635e2952e74a2e39cfd62a20d3edb4def344f131b7ab04cada388371458""}",world/pages/maps/g56_n038.md,/broadcast_metadata/gating
3,361,夜巡灵,20,broadcast:89:3:3,56:38,破海洞穴,3,Wednesday,丰缘(Hoenn),20,"{""path"": ""encounters_research/out/encounters.json"", ""json_pointer"": ""/broadcast/entries/89/sets/0/species/3"", ""file_sha256"": ""37eb8635e2952e74a2e39cfd62a20d3edb4def344f131b7ab04cada388371458""}",world/pages/maps/g56_n038.md,/broadcast_metadata/gating
0,489,铜镜怪,40,broadcast:89:4:0,56:38,破海洞穴,4,Thursday,神奥(Sinnoh),40,"{""path"": ""encounters_research/out/encounters.json"", ""json_pointer"": ""/broadcast/entries/89/sets/1/species/0"", ""file_sha256"": ""37eb8635e2952e74a2e39cfd62a20d3edb4def344f131b7ab04cada388371458""}",world/pages/maps/g56_n038.md,/broadcast_metadata/gating
1,506,不良蛙,20,broadcast:89:4:1,56:38,破海洞穴,4,Thursday,神奥(Sinnoh),20,"{""path"": ""encounters_research/out/encounters.json"", ""json_pointer"": ""/broadcast/entries/89/sets/1/species/1"", ""file_sha256"": ""37eb8635e2952e74a2e39cfd62a20d3edb4def344f131b7ab04cada388371458""}",world/pages/maps/g56_n038.md,/broadcast_metadata/gating
2,504,钳尾蝎,20,broadcast:89:4:2,56:38,破海洞穴,4,Thursday,神奥(Sinnoh),20,"{""path"": ""encounters_research/out/encounters.json"", ""json_pointer"": ""/broadcast/entries/89/sets/1/species/2"", ""file_sha256"": ""37eb8635e2952e74a2e39cfd62a20d3edb4def344f131b7ab04cada388371458""}",world/pages/maps/g56_n038.md,/broadcast_metadata/gating
3,504,钳尾蝎,20,broadcast:89:4:3,56:38,破海洞穴,4,Thursday,神奥(Sinnoh),20,"{""path"": ""encounters_research/out/encounters.json"", ""json_pointer"": ""/broadcast/entries/89/sets/1/species/3"", ""file_sha256"": ""37eb8635e2952e74a2e39cfd62a20d3edb4def344f131b7ab04cada388371458""}",world/pages/maps/g56_n038.md,/broadcast_metadata/gating
0,580,滚滚蝙蝠,40,broadcast:89:0:0,56:38,破海洞穴,0,Sunday,伽勒尔(Galar),40,"{""path"": ""encounters_research/out/encounters.json"", ""json_pointer"": ""/broadcast/entries/89/sets/2/species/0"", ""file_sha256"": ""37eb8635e2952e74a2e39cfd62a20d3edb4def344f131b7ab04cada388371458""}",world/pages/maps/g56_n038.md,/broadcast_metadata/gating
1,1151,捣蛋小妖,20,broadcast:89:0:1,56:38,破海洞穴,0,Sunday,伽勒尔(Galar),20,"{""path"": ""encounters_research/out/encounters.json"", ""json_pointer"": ""/broadcast/entries/89/sets/2/species/1"", ""file_sha256"": ""37eb8635e2952e74a2e39cfd62a20d3edb4def344f131b7ab04cada388371458""}",world/pages/maps/g56_n038.md,/broadcast_metadata/gating
2,580,滚滚蝙蝠,20,broadcast:89:0:2,56:38,破海洞穴,0,Sunday,伽勒尔(Galar),20,"{""path"": ""encounters_research/out/encounters.json"", ""json_pointer"": ""/broadcast/entries/89/sets/2/species/2"", ""file_sha256"": ""37eb8635e2952e74a2e39cfd62a20d3edb4def344f131b7ab04cada388371458""}",world/pages/maps/g56_n038.md,/broadcast_metadata/gating
3,1151,捣蛋小妖,20,broadcast:89:0:3,56:38,破海洞穴,0,Sunday,伽勒尔(Galar),20,"{""path"": ""encounters_research/out/encounters.json"", ""json_pointer"": ""/broadcast/entries/89/sets/2/species/3"", ""file_sha256"": ""37eb8635e2952e74a2e39cfd62a20d3edb4def344f131b7ab04cada388371458""}",world/pages/maps/g56_n038.md,/broadcast_metadata/gating
0,308,晃晃斑,40,broadcast:90:3:0,55:17,铃铛塔,3,Wednesday,丰缘(Hoenn),40,"{""path"": ""encounters_research/out/encounters.json"", ""json_pointer"": ""/broadcast/entries/90/sets/0/species/0"", ""file_sha256"": ""37eb8635e2952e74a2e39cfd62a20d3edb4def344f131b7ab04cada388371458""}",world/pages/maps/g55_n017.md,/broadcast_metadata/gating
1,288,蛇纹熊,20,broadcast:90:3:1,55:17,铃铛塔,3,Wednesday,丰缘(Hoenn),20,"{""path"": ""encounters_research/out/encounters.json"", ""json_pointer"": ""/broadcast/entries/90/sets/0/species/1"", ""file_sha256"": ""37eb8635e2952e74a2e39cfd62a20d3edb4def344f131b7ab04cada388371458""}",world/pages/maps/g55_n017.md,/broadcast_metadata/gating
2,356,玛沙那,20,broadcast:90:3:2,55:17,铃铛塔,3,Wednesday,丰缘(Hoenn),20,"{""path"": ""encounters_research/out/encounters.json"", ""json_pointer"": ""/broadcast/entries/90/sets/0/species/2"", ""file_sha256"": ""37eb8635e2952e74a2e39cfd62a20d3edb4def344f131b7ab04cada388371458""}",world/pages/maps/g55_n017.md,/broadcast_metadata/gating
3,356,玛沙那,20,broadcast:90:3:3,55:17,铃铛塔,3,Wednesday,丰缘(Hoenn),20,"{""path"": ""encounters_research/out/encounters.json"", ""json_pointer"": ""/broadcast/entries/90/sets/0/species/3"", ""file_sha256"": ""37eb8635e2952e74a2e39cfd62a20d3edb4def344f131b7ab04cada388371458""}",world/pages/maps/g55_n017.md,/broadcast_metadata/gating
0,449,姆克儿,40,broadcast:90:4:0,55:17,铃铛塔,4,Thursday,神奥(Sinnoh),40,"{""path"": ""encounters_research/out/encounters.json"", ""json_pointer"": ""/broadcast/entries/90/sets/1/species/0"", ""file_sha256"": ""37eb8635e2952e74a2e39cfd62a20d3edb4def344f131b7ab04cada388371458""}",world/pages/maps/g55_n017.md,/broadcast_metadata/gating
1,456,小猫怪,20,broadcast:90:4:1,55:17,铃铛塔,4,Thursday,神奥(Sinnoh),20,"{""path"": ""encounters_research/out/encounters.json"", ""json_pointer"": ""/broadcast/entries/90/sets/1/species/1"", ""file_sha256"": ""37eb8635e2952e74a2e39cfd62a20d3edb4def344f131b7ab04cada388371458""}",world/pages/maps/g55_n017.md,/broadcast_metadata/gating
2,452,大牙狸,20,broadcast:90:4:2,55:17,铃铛塔,4,Thursday,神奥(Sinnoh),20,"{""path"": ""encounters_research/out/encounters.json"", ""json_pointer"": ""/broadcast/entries/90/sets/1/species/2"", ""file_sha256"": ""37eb8635e2952e74a2e39cfd62a20d3edb4def344f131b7ab04cada388371458""}",world/pages/maps/g55_n017.md,/broadcast_metadata/gating
3,494,聒噪鸟,20,broadcast:90:4:3,55:17,铃铛塔,4,Thursday,神奥(Sinnoh),20,"{""path"": ""encounters_research/out/encounters.json"", ""json_pointer"": ""/broadcast/entries/90/sets/1/species/3"", ""file_sha256"": ""37eb8635e2952e74a2e39cfd62a20d3edb4def344f131b7ab04cada388371458""}",world/pages/maps/g55_n017.md,/broadcast_metadata/gating
0,1113,稚山雀,40,broadcast:90:0:0,55:17,铃铛塔,0,Sunday,伽勒尔(Galar),40,"{""path"": ""encounters_research/out/encounters.json"", ""json_pointer"": ""/broadcast/entries/90/sets/2/species/0"", ""file_sha256"": ""37eb8635e2952e74a2e39cfd62a20d3edb4def344f131b7ab04cada388371458""}",world/pages/maps/g55_n017.md,/broadcast_metadata/gating
1,1116,索侦虫,20,broadcast:90:0:1,55:17,铃铛塔,0,Sunday,伽勒尔(Galar),20,"{""path"": ""encounters_research/out/encounters.json"", ""json_pointer"": ""/broadcast/entries/90/sets/2/species/1"", ""file_sha256"": ""37eb8635e2952e74a2e39cfd62a20d3edb4def344f131b7ab04cada388371458""}",world/pages/maps/g55_n017.md,/broadcast_metadata/gating
2,1148,迷布莉姆,20,broadcast:90:0:2,55:17,铃铛塔,0,Sunday,伽勒尔(Galar),20,"{""path"": ""encounters_research/out/encounters.json"", ""json_pointer"": ""/broadcast/entries/90/sets/2/species/2"", ""file_sha256"": ""37eb8635e2952e74a2e39cfd62a20d3edb4def344f131b7ab04cada388371458""}",world/pages/maps/g55_n017.md,/broadcast_metadata/gating
3,1119,偷儿狐,20,broadcast:90:0:3,55:17,铃铛塔,0,Sunday,伽勒尔(Galar),20,"{""path"": ""encounters_research/out/encounters.json"", ""json_pointer"": ""/broadcast/entries/90/sets/2/species/3"", ""file_sha256"": ""37eb8635e2952e74a2e39cfd62a20d3edb4def344f131b7ab04cada388371458""}",world/pages/maps/g55_n017.md,/broadcast_metadata/gating
0,308,晃晃斑,40,broadcast:91:3:0,55:18,铃铛塔,3,Wednesday,丰缘(Hoenn),40,"{""path"": ""encounters_research/out/encounters.json"", ""json_pointer"": ""/broadcast/entries/91/sets/0/species/0"", ""file_sha256"": ""37eb8635e2952e74a2e39cfd62a20d3edb4def344f131b7ab04cada388371458""}",world/pages/maps/g55_n018.md,/broadcast_metadata/gating
1,288,蛇纹熊,20,broadcast:91:3:1,55:18,铃铛塔,3,Wednesday,丰缘(Hoenn),20,"{""path"": ""encounters_research/out/encounters.json"", ""json_pointer"": ""/broadcast/entries/91/sets/0/species/1"", ""file_sha256"": ""37eb8635e2952e74a2e39cfd62a20d3edb4def344f131b7ab04cada388371458""}",world/pages/maps/g55_n018.md,/broadcast_metadata/gating
2,356,玛沙那,20,broadcast:91:3:2,55:18,铃铛塔,3,Wednesday,丰缘(Hoenn),20,"{""path"": ""encounters_research/out/encounters.json"", ""json_pointer"": ""/broadcast/entries/91/sets/0/species/2"", ""file_sha256"": ""37eb8635e2952e74a2e39cfd62a20d3edb4def344f131b7ab04cada388371458""}",world/pages/maps/g55_n018.md,/broadcast_metadata/gating
3,356,玛沙那,20,broadcast:91:3:3,55:18,铃铛塔,3,Wednesday,丰缘(Hoenn),20,"{""path"": ""encounters_research/out/encounters.json"", ""json_pointer"": ""/broadcast/entries/91/sets/0/species/3"", ""file_sha256"": ""37eb8635e2952e74a2e39cfd62a20d3edb4def344f131b7ab04cada388371458""}",world/pages/maps/g55_n018.md,/broadcast_metadata/gating
0,449,姆克儿,40,broadcast:91:4:0,55:18,铃铛塔,4,Thursday,神奥(Sinnoh),40,"{""path"": ""encounters_research/out/encounters.json"", ""json_pointer"": ""/broadcast/entries/91/sets/1/species/0"", ""file_sha256"": ""37eb8635e2952e74a2e39cfd62a20d3edb4def344f131b7ab04cada388371458""}",world/pages/maps/g55_n018.md,/broadcast_metadata/gating
1,456,小猫怪,20,broadcast:91:4:1,55:18,铃铛塔,4,Thursday,神奥(Sinnoh),20,"{""path"": ""encounters_research/out/encounters.json"", ""json_pointer"": ""/broadcast/entries/91/sets/1/species/1"", ""file_sha256"": ""37eb8635e2952e74a2e39cfd62a20d3edb4def344f131b7ab04cada388371458""}",world/pages/maps/g55_n018.md,/broadcast_metadata/gating
2,452,大牙狸,20,broadcast:91:4:2,55:18,铃铛塔,4,Thursday,神奥(Sinnoh),20,"{""path"": ""encounters_research/out/encounters.json"", ""json_pointer"": ""/broadcast/entries/91/sets/1/species/2"", ""file_sha256"": ""37eb8635e2952e74a2e39cfd62a20d3edb4def344f131b7ab04cada388371458""}",world/pages/maps/g55_n018.md,/broadcast_metadata/gating
3,494,聒噪鸟,20,broadcast:91:4:3,55:18,铃铛塔,4,Thursday,神奥(Sinnoh),20,"{""path"": ""encounters_research/out/encounters.json"", ""json_pointer"": ""/broadcast/entries/91/sets/1/species/3"", ""file_sha256"": ""37eb8635e2952e74a2e39cfd62a20d3edb4def344f131b7ab04cada388371458""}",world/pages/maps/g55_n018.md,/broadcast_metadata/gating
0,1113,稚山雀,40,broadcast:91:0:0,55:18,铃铛塔,0,Sunday,伽勒尔(Galar),40,"{""path"": ""encounters_research/out/encounters.json"", ""json_pointer"": ""/broadcast/entries/91/sets/2/species/0"", ""file_sha256"": ""37eb8635e2952e74a2e39cfd62a20d3edb4def344f131b7ab04cada388371458""}",world/pages/maps/g55_n018.md,/broadcast_metadata/gating
1,1116,索侦虫,20,broadcast:91:0:1,55:18,铃铛塔,0,Sunday,伽勒尔(Galar),20,"{""path"": ""encounters_research/out/encounters.json"", ""json_pointer"": ""/broadcast/entries/91/sets/2/species/1"", ""file_sha256"": ""37eb8635e2952e74a2e39cfd62a20d3edb4def344f131b7ab04cada388371458""}",world/pages/maps/g55_n018.md,/broadcast_metadata/gating
2,1148,迷布莉姆,20,broadcast:91:0:2,55:18,铃铛塔,0,Sunday,伽勒尔(Galar),20,"{""path"": ""encounters_research/out/encounters.json"", ""json_pointer"": ""/broadcast/entries/91/sets/2/species/2"", ""file_sha256"": ""37eb8635e2952e74a2e39cfd62a20d3edb4def344f131b7ab04cada388371458""}",world/pages/maps/g55_n018.md,/broadcast_metadata/gating
3,1119,偷儿狐,20,broadcast:91:0:3,55:18,铃铛塔,0,Sunday,伽勒尔(Galar),20,"{""path"": ""encounters_research/out/encounters.json"", ""json_pointer"": ""/broadcast/entries/91/sets/2/species/3"", ""file_sha256"": ""37eb8635e2952e74a2e39cfd62a20d3edb4def344f131b7ab04cada388371458""}",world/pages/maps/g55_n018.md,/broadcast_metadata/gating
0,308,晃晃斑,40,broadcast:92:3:0,55:19,铃铛塔,3,Wednesday,丰缘(Hoenn),40,"{""path"": ""encounters_research/out/encounters.json"", ""json_pointer"": ""/broadcast/entries/92/sets/0/species/0"", ""file_sha256"": ""37eb8635e2952e74a2e39cfd62a20d3edb4def344f131b7ab04cada388371458""}",world/pages/maps/g55_n019.md,/broadcast_metadata/gating
1,288,蛇纹熊,20,broadcast:92:3:1,55:19,铃铛塔,3,Wednesday,丰缘(Hoenn),20,"{""path"": ""encounters_research/out/encounters.json"", ""json_pointer"": ""/broadcast/entries/92/sets/0/species/1"", ""file_sha256"": ""37eb8635e2952e74a2e39cfd62a20d3edb4def344f131b7ab04cada388371458""}",world/pages/maps/g55_n019.md,/broadcast_metadata/gating
2,356,玛沙那,20,broadcast:92:3:2,55:19,铃铛塔,3,Wednesday,丰缘(Hoenn),20,"{""path"": ""encounters_research/out/encounters.json"", ""json_pointer"": ""/broadcast/entries/92/sets/0/species/2"", ""file_sha256"": ""37eb8635e2952e74a2e39cfd62a20d3edb4def344f131b7ab04cada388371458""}",world/pages/maps/g55_n019.md,/broadcast_metadata/gating
3,356,玛沙那,20,broadcast:92:3:3,55:19,铃铛塔,3,Wednesday,丰缘(Hoenn),20,"{""path"": ""encounters_research/out/encounters.json"", ""json_pointer"": ""/broadcast/entries/92/sets/0/species/3"", ""file_sha256"": ""37eb8635e2952e74a2e39cfd62a20d3edb4def344f131b7ab04cada388371458""}",world/pages/maps/g55_n019.md,/broadcast_metadata/gating
0,449,姆克儿,40,broadcast:92:4:0,55:19,铃铛塔,4,Thursday,神奥(Sinnoh),40,"{""path"": ""encounters_research/out/encounters.json"", ""json_pointer"": ""/broadcast/entries/92/sets/1/species/0"", ""file_sha256"": ""37eb8635e2952e74a2e39cfd62a20d3edb4def344f131b7ab04cada388371458""}",world/pages/maps/g55_n019.md,/broadcast_metadata/gating
1,456,小猫怪,20,broadcast:92:4:1,55:19,铃铛塔,4,Thursday,神奥(Sinnoh),20,"{""path"": ""encounters_research/out/encounters.json"", ""json_pointer"": ""/broadcast/entries/92/sets/1/species/1"", ""file_sha256"": ""37eb8635e2952e74a2e39cfd62a20d3edb4def344f131b7ab04cada388371458""}",world/pages/maps/g55_n019.md,/broadcast_metadata/gating
2,452,大牙狸,20,broadcast:92:4:2,55:19,铃铛塔,4,Thursday,神奥(Sinnoh),20,"{""path"": ""encounters_research/out/encounters.json"", ""json_pointer"": ""/broadcast/entries/92/sets/1/species/2"", ""file_sha256"": ""37eb8635e2952e74a2e39cfd62a20d3edb4def344f131b7ab04cada388371458""}",world/pages/maps/g55_n019.md,/broadcast_metadata/gating
3,494,聒噪鸟,20,broadcast:92:4:3,55:19,铃铛塔,4,Thursday,神奥(Sinnoh),20,"{""path"": ""encounters_research/out/encounters.json"", ""json_pointer"": ""/broadcast/entries/92/sets/1/species/3"", ""file_sha256"": ""37eb8635e2952e74a2e39cfd62a20d3edb4def344f131b7ab04cada388371458""}",world/pages/maps/g55_n019.md,/broadcast_metadata/gating
0,1113,稚山雀,40,broadcast:92:0:0,55:19,铃铛塔,0,Sunday,伽勒尔(Galar),40,"{""path"": ""encounters_research/out/encounters.json"", ""json_pointer"": ""/broadcast/entries/92/sets/2/species/0"", ""file_sha256"": ""37eb8635e2952e74a2e39cfd62a20d3edb4def344f131b7ab04cada388371458""}",world/pages/maps/g55_n019.md,/broadcast_metadata/gating
1,1116,索侦虫,20,broadcast:92:0:1,55:19,铃铛塔,0,Sunday,伽勒尔(Galar),20,"{""path"": ""encounters_research/out/encounters.json"", ""json_pointer"": ""/broadcast/entries/92/sets/2/species/1"", ""file_sha256"": ""37eb8635e2952e74a2e39cfd62a20d3edb4def344f131b7ab04cada388371458""}",world/pages/maps/g55_n019.md,/broadcast_metadata/gating
2,1148,迷布莉姆,20,broadcast:92:0:2,55:19,铃铛塔,0,Sunday,伽勒尔(Galar),20,"{""path"": ""encounters_research/out/encounters.json"", ""json_pointer"": ""/broadcast/entries/92/sets/2/species/2"", ""file_sha256"": ""37eb8635e2952e74a2e39cfd62a20d3edb4def344f131b7ab04cada388371458""}",world/pages/maps/g55_n019.md,/broadcast_metadata/gating
3,1119,偷儿狐,20,broadcast:92:0:3,55:19,铃铛塔,0,Sunday,伽勒尔(Galar),20,"{""path"": ""encounters_research/out/encounters.json"", ""json_pointer"": ""/broadcast/entries/92/sets/2/species/3"", ""file_sha256"": ""37eb8635e2952e74a2e39cfd62a20d3edb4def344f131b7ab04cada388371458""}",world/pages/maps/g55_n019.md,/broadcast_metadata/gating
0,308,晃晃斑,40,broadcast:93:3:0,55:20,铃铛塔,3,Wednesday,丰缘(Hoenn),40,"{""path"": ""encounters_research/out/encounters.json"", ""json_pointer"": ""/broadcast/entries/93/sets/0/species/0"", ""file_sha256"": ""37eb8635e2952e74a2e39cfd62a20d3edb4def344f131b7ab04cada388371458""}",world/pages/maps/g55_n020.md,/broadcast_metadata/gating
1,288,蛇纹熊,20,broadcast:93:3:1,55:20,铃铛塔,3,Wednesday,丰缘(Hoenn),20,"{""path"": ""encounters_research/out/encounters.json"", ""json_pointer"": ""/broadcast/entries/93/sets/0/species/1"", ""file_sha256"": ""37eb8635e2952e74a2e39cfd62a20d3edb4def344f131b7ab04cada388371458""}",world/pages/maps/g55_n020.md,/broadcast_metadata/gating
2,356,玛沙那,20,broadcast:93:3:2,55:20,铃铛塔,3,Wednesday,丰缘(Hoenn),20,"{""path"": ""encounters_research/out/encounters.json"", ""json_pointer"": ""/broadcast/entries/93/sets/0/species/2"", ""file_sha256"": ""37eb8635e2952e74a2e39cfd62a20d3edb4def344f131b7ab04cada388371458""}",world/pages/maps/g55_n020.md,/broadcast_metadata/gating
3,356,玛沙那,20,broadcast:93:3:3,55:20,铃铛塔,3,Wednesday,丰缘(Hoenn),20,"{""path"": ""encounters_research/out/encounters.json"", ""json_pointer"": ""/broadcast/entries/93/sets/0/species/3"", ""file_sha256"": ""37eb8635e2952e74a2e39cfd62a20d3edb4def344f131b7ab04cada388371458""}",world/pages/maps/g55_n020.md,/broadcast_metadata/gating
0,449,姆克儿,40,broadcast:93:4:0,55:20,铃铛塔,4,Thursday,神奥(Sinnoh),40,"{""path"": ""encounters_research/out/encounters.json"", ""json_pointer"": ""/broadcast/entries/93/sets/1/species/0"", ""file_sha256"": ""37eb8635e2952e74a2e39cfd62a20d3edb4def344f131b7ab04cada388371458""}",world/pages/maps/g55_n020.md,/broadcast_metadata/gating
1,456,小猫怪,20,broadcast:93:4:1,55:20,铃铛塔,4,Thursday,神奥(Sinnoh),20,"{""path"": ""encounters_research/out/encounters.json"", ""json_pointer"": ""/broadcast/entries/93/sets/1/species/1"", ""file_sha256"": ""37eb8635e2952e74a2e39cfd62a20d3edb4def344f131b7ab04cada388371458""}",world/pages/maps/g55_n020.md,/broadcast_metadata/gating
2,452,大牙狸,20,broadcast:93:4:2,55:20,铃铛塔,4,Thursday,神奥(Sinnoh),20,"{""path"": ""encounters_research/out/encounters.json"", ""json_pointer"": ""/broadcast/entries/93/sets/1/species/2"", ""file_sha256"": ""37eb8635e2952e74a2e39cfd62a20d3edb4def344f131b7ab04cada388371458""}",world/pages/maps/g55_n020.md,/broadcast_metadata/gating
3,494,聒噪鸟,20,broadcast:93:4:3,55:20,铃铛塔,4,Thursday,神奥(Sinnoh),20,"{""path"": ""encounters_research/out/encounters.json"", ""json_pointer"": ""/broadcast/entries/93/sets/1/species/3"", ""file_sha256"": ""37eb8635e2952e74a2e39cfd62a20d3edb4def344f131b7ab04cada388371458""}",world/pages/maps/g55_n020.md,/broadcast_metadata/gating
0,1113,稚山雀,40,broadcast:93:0:0,55:20,铃铛塔,0,Sunday,伽勒尔(Galar),40,"{""path"": ""encounters_research/out/encounters.json"", ""json_pointer"": ""/broadcast/entries/93/sets/2/species/0"", ""file_sha256"": ""37eb8635e2952e74a2e39cfd62a20d3edb4def344f131b7ab04cada388371458""}",world/pages/maps/g55_n020.md,/broadcast_metadata/gating
1,1116,索侦虫,20,broadcast:93:0:1,55:20,铃铛塔,0,Sunday,伽勒尔(Galar),20,"{""path"": ""encounters_research/out/encounters.json"", ""json_pointer"": ""/broadcast/entries/93/sets/2/species/1"", ""file_sha256"": ""37eb8635e2952e74a2e39cfd62a20d3edb4def344f131b7ab04cada388371458""}",world/pages/maps/g55_n020.md,/broadcast_metadata/gating
2,1148,迷布莉姆,20,broadcast:93:0:2,55:20,铃铛塔,0,Sunday,伽勒尔(Galar),20,"{""path"": ""encounters_research/out/encounters.json"", ""json_pointer"": ""/broadcast/entries/93/sets/2/species/2"", ""file_sha256"": ""37eb8635e2952e74a2e39cfd62a20d3edb4def344f131b7ab04cada388371458""}",world/pages/maps/g55_n020.md,/broadcast_metadata/gating
3,1119,偷儿狐,20,broadcast:93:0:3,55:20,铃铛塔,0,Sunday,伽勒尔(Galar),20,"{""path"": ""encounters_research/out/encounters.json"", ""json_pointer"": ""/broadcast/entries/93/sets/2/species/3"", ""file_sha256"": ""37eb8635e2952e74a2e39cfd62a20d3edb4def344f131b7ab04cada388371458""}",world/pages/maps/g55_n020.md,/broadcast_metadata/gating
0,308,晃晃斑,40,broadcast:94:3:0,55:21,铃铛塔,3,Wednesday,丰缘(Hoenn),40,"{""path"": ""encounters_research/out/encounters.json"", ""json_pointer"": ""/broadcast/entries/94/sets/0/species/0"", ""file_sha256"": ""37eb8635e2952e74a2e39cfd62a20d3edb4def344f131b7ab04cada388371458""}",world/pages/maps/g55_n021.md,/broadcast_metadata/gating
1,288,蛇纹熊,20,broadcast:94:3:1,55:21,铃铛塔,3,Wednesday,丰缘(Hoenn),20,"{""path"": ""encounters_research/out/encounters.json"", ""json_pointer"": ""/broadcast/entries/94/sets/0/species/1"", ""file_sha256"": ""37eb8635e2952e74a2e39cfd62a20d3edb4def344f131b7ab04cada388371458""}",world/pages/maps/g55_n021.md,/broadcast_metadata/gating
2,356,玛沙那,20,broadcast:94:3:2,55:21,铃铛塔,3,Wednesday,丰缘(Hoenn),20,"{""path"": ""encounters_research/out/encounters.json"", ""json_pointer"": ""/broadcast/entries/94/sets/0/species/2"", ""file_sha256"": ""37eb8635e2952e74a2e39cfd62a20d3edb4def344f131b7ab04cada388371458""}",world/pages/maps/g55_n021.md,/broadcast_metadata/gating
3,356,玛沙那,20,broadcast:94:3:3,55:21,铃铛塔,3,Wednesday,丰缘(Hoenn),20,"{""path"": ""encounters_research/out/encounters.json"", ""json_pointer"": ""/broadcast/entries/94/sets/0/species/3"", ""file_sha256"": ""37eb8635e2952e74a2e39cfd62a20d3edb4def344f131b7ab04cada388371458""}",world/pages/maps/g55_n021.md,/broadcast_metadata/gating
0,449,姆克儿,40,broadcast:94:4:0,55:21,铃铛塔,4,Thursday,神奥(Sinnoh),40,"{""path"": ""encounters_research/out/encounters.json"", ""json_pointer"": ""/broadcast/entries/94/sets/1/species/0"", ""file_sha256"": ""37eb8635e2952e74a2e39cfd62a20d3edb4def344f131b7ab04cada388371458""}",world/pages/maps/g55_n021.md,/broadcast_metadata/gating
1,456,小猫怪,20,broadcast:94:4:1,55:21,铃铛塔,4,Thursday,神奥(Sinnoh),20,"{""path"": ""encounters_research/out/encounters.json"", ""json_pointer"": ""/broadcast/entries/94/sets/1/species/1"", ""file_sha256"": ""37eb8635e2952e74a2e39cfd62a20d3edb4def344f131b7ab04cada388371458""}",world/pages/maps/g55_n021.md,/broadcast_metadata/gating
2,452,大牙狸,20,broadcast:94:4:2,55:21,铃铛塔,4,Thursday,神奥(Sinnoh),20,"{""path"": ""encounters_research/out/encounters.json"", ""json_pointer"": ""/broadcast/entries/94/sets/1/species/2"", ""file_sha256"": ""37eb8635e2952e74a2e39cfd62a20d3edb4def344f131b7ab04cada388371458""}",world/pages/maps/g55_n021.md,/broadcast_metadata/gating
3,494,聒噪鸟,20,broadcast:94:4:3,55:21,铃铛塔,4,Thursday,神奥(Sinnoh),20,"{""path"": ""encounters_research/out/encounters.json"", ""json_pointer"": ""/broadcast/entries/94/sets/1/species/3"", ""file_sha256"": ""37eb8635e2952e74a2e39cfd62a20d3edb4def344f131b7ab04cada388371458""}",world/pages/maps/g55_n021.md,/broadcast_metadata/gating
0,1113,稚山雀,40,broadcast:94:0:0,55:21,铃铛塔,0,Sunday,伽勒尔(Galar),40,"{""path"": ""encounters_research/out/encounters.json"", ""json_pointer"": ""/broadcast/entries/94/sets/2/species/0"", ""file_sha256"": ""37eb8635e2952e74a2e39cfd62a20d3edb4def344f131b7ab04cada388371458""}",world/pages/maps/g55_n021.md,/broadcast_metadata/gating
1,1116,索侦虫,20,broadcast:94:0:1,55:21,铃铛塔,0,Sunday,伽勒尔(Galar),20,"{""path"": ""encounters_research/out/encounters.json"", ""json_pointer"": ""/broadcast/entries/94/sets/2/species/1"", ""file_sha256"": ""37eb8635e2952e74a2e39cfd62a20d3edb4def344f131b7ab04cada388371458""}",world/pages/maps/g55_n021.md,/broadcast_metadata/gating
2,1148,迷布莉姆,20,broadcast:94:0:2,55:21,铃铛塔,0,Sunday,伽勒尔(Galar),20,"{""path"": ""encounters_research/out/encounters.json"", ""json_pointer"": ""/broadcast/entries/94/sets/2/species/2"", ""file_sha256"": ""37eb8635e2952e74a2e39cfd62a20d3edb4def344f131b7ab04cada388371458""}",world/pages/maps/g55_n021.md,/broadcast_metadata/gating
3,1119,偷儿狐,20,broadcast:94:0:3,55:21,铃铛塔,0,Sunday,伽勒尔(Galar),20,"{""path"": ""encounters_research/out/encounters.json"", ""json_pointer"": ""/broadcast/entries/94/sets/2/species/3"", ""file_sha256"": ""37eb8635e2952e74a2e39cfd62a20d3edb4def344f131b7ab04cada388371458""}",world/pages/maps/g55_n021.md,/broadcast_metadata/gating
0,308,晃晃斑,40,broadcast:95:3:0,55:22,铃铛塔,3,Wednesday,丰缘(Hoenn),40,"{""path"": ""encounters_research/out/encounters.json"", ""json_pointer"": ""/broadcast/entries/95/sets/0/species/0"", ""file_sha256"": ""37eb8635e2952e74a2e39cfd62a20d3edb4def344f131b7ab04cada388371458""}",world/pages/maps/g55_n022.md,/broadcast_metadata/gating
1,288,蛇纹熊,20,broadcast:95:3:1,55:22,铃铛塔,3,Wednesday,丰缘(Hoenn),20,"{""path"": ""encounters_research/out/encounters.json"", ""json_pointer"": ""/broadcast/entries/95/sets/0/species/1"", ""file_sha256"": ""37eb8635e2952e74a2e39cfd62a20d3edb4def344f131b7ab04cada388371458""}",world/pages/maps/g55_n022.md,/broadcast_metadata/gating
2,356,玛沙那,20,broadcast:95:3:2,55:22,铃铛塔,3,Wednesday,丰缘(Hoenn),20,"{""path"": ""encounters_research/out/encounters.json"", ""json_pointer"": ""/broadcast/entries/95/sets/0/species/2"", ""file_sha256"": ""37eb8635e2952e74a2e39cfd62a20d3edb4def344f131b7ab04cada388371458""}",world/pages/maps/g55_n022.md,/broadcast_metadata/gating
3,356,玛沙那,20,broadcast:95:3:3,55:22,铃铛塔,3,Wednesday,丰缘(Hoenn),20,"{""path"": ""encounters_research/out/encounters.json"", ""json_pointer"": ""/broadcast/entries/95/sets/0/species/3"", ""file_sha256"": ""37eb8635e2952e74a2e39cfd62a20d3edb4def344f131b7ab04cada388371458""}",world/pages/maps/g55_n022.md,/broadcast_metadata/gating
0,449,姆克儿,40,broadcast:95:4:0,55:22,铃铛塔,4,Thursday,神奥(Sinnoh),40,"{""path"": ""encounters_research/out/encounters.json"", ""json_pointer"": ""/broadcast/entries/95/sets/1/species/0"", ""file_sha256"": ""37eb8635e2952e74a2e39cfd62a20d3edb4def344f131b7ab04cada388371458""}",world/pages/maps/g55_n022.md,/broadcast_metadata/gating
1,456,小猫怪,20,broadcast:95:4:1,55:22,铃铛塔,4,Thursday,神奥(Sinnoh),20,"{""path"": ""encounters_research/out/encounters.json"", ""json_pointer"": ""/broadcast/entries/95/sets/1/species/1"", ""file_sha256"": ""37eb8635e2952e74a2e39cfd62a20d3edb4def344f131b7ab04cada388371458""}",world/pages/maps/g55_n022.md,/broadcast_metadata/gating
2,452,大牙狸,20,broadcast:95:4:2,55:22,铃铛塔,4,Thursday,神奥(Sinnoh),20,"{""path"": ""encounters_research/out/encounters.json"", ""json_pointer"": ""/broadcast/entries/95/sets/1/species/2"", ""file_sha256"": ""37eb8635e2952e74a2e39cfd62a20d3edb4def344f131b7ab04cada388371458""}",world/pages/maps/g55_n022.md,/broadcast_metadata/gating
3,494,聒噪鸟,20,broadcast:95:4:3,55:22,铃铛塔,4,Thursday,神奥(Sinnoh),20,"{""path"": ""encounters_research/out/encounters.json"", ""json_pointer"": ""/broadcast/entries/95/sets/1/species/3"", ""file_sha256"": ""37eb8635e2952e74a2e39cfd62a20d3edb4def344f131b7ab04cada388371458""}",world/pages/maps/g55_n022.md,/broadcast_metadata/gating
0,1113,稚山雀,40,broadcast:95:0:0,55:22,铃铛塔,0,Sunday,伽勒尔(Galar),40,"{""path"": ""encounters_research/out/encounters.json"", ""json_pointer"": ""/broadcast/entries/95/sets/2/species/0"", ""file_sha256"": ""37eb8635e2952e74a2e39cfd62a20d3edb4def344f131b7ab04cada388371458""}",world/pages/maps/g55_n022.md,/broadcast_metadata/gating
1,1116,索侦虫,20,broadcast:95:0:1,55:22,铃铛塔,0,Sunday,伽勒尔(Galar),20,"{""path"": ""encounters_research/out/encounters.json"", ""json_pointer"": ""/broadcast/entries/95/sets/2/species/1"", ""file_sha256"": ""37eb8635e2952e74a2e39cfd62a20d3edb4def344f131b7ab04cada388371458""}",world/pages/maps/g55_n022.md,/broadcast_metadata/gating
2,1148,迷布莉姆,20,broadcast:95:0:2,55:22,铃铛塔,0,Sunday,伽勒尔(Galar),20,"{""path"": ""encounters_research/out/encounters.json"", ""json_pointer"": ""/broadcast/entries/95/sets/2/species/2"", ""file_sha256"": ""37eb8635e2952e74a2e39cfd62a20d3edb4def344f131b7ab04cada388371458""}",world/pages/maps/g55_n022.md,/broadcast_metadata/gating
3,1119,偷儿狐,20,broadcast:95:0:3,55:22,铃铛塔,0,Sunday,伽勒尔(Galar),20,"{""path"": ""encounters_research/out/encounters.json"", ""json_pointer"": ""/broadcast/entries/95/sets/2/species/3"", ""file_sha256"": ""37eb8635e2952e74a2e39cfd62a20d3edb4def344f131b7ab04cada388371458""}",world/pages/maps/g55_n022.md,/broadcast_metadata/gating
0,308,晃晃斑,40,broadcast:96:3:0,55:23,铃铛塔,3,Wednesday,丰缘(Hoenn),40,"{""path"": ""encounters_research/out/encounters.json"", ""json_pointer"": ""/broadcast/entries/96/sets/0/species/0"", ""file_sha256"": ""37eb8635e2952e74a2e39cfd62a20d3edb4def344f131b7ab04cada388371458""}",world/pages/maps/g55_n023.md,/broadcast_metadata/gating
1,288,蛇纹熊,20,broadcast:96:3:1,55:23,铃铛塔,3,Wednesday,丰缘(Hoenn),20,"{""path"": ""encounters_research/out/encounters.json"", ""json_pointer"": ""/broadcast/entries/96/sets/0/species/1"", ""file_sha256"": ""37eb8635e2952e74a2e39cfd62a20d3edb4def344f131b7ab04cada388371458""}",world/pages/maps/g55_n023.md,/broadcast_metadata/gating
2,356,玛沙那,20,broadcast:96:3:2,55:23,铃铛塔,3,Wednesday,丰缘(Hoenn),20,"{""path"": ""encounters_research/out/encounters.json"", ""json_pointer"": ""/broadcast/entries/96/sets/0/species/2"", ""file_sha256"": ""37eb8635e2952e74a2e39cfd62a20d3edb4def344f131b7ab04cada388371458""}",world/pages/maps/g55_n023.md,/broadcast_metadata/gating
3,356,玛沙那,20,broadcast:96:3:3,55:23,铃铛塔,3,Wednesday,丰缘(Hoenn),20,"{""path"": ""encounters_research/out/encounters.json"", ""json_pointer"": ""/broadcast/entries/96/sets/0/species/3"", ""file_sha256"": ""37eb8635e2952e74a2e39cfd62a20d3edb4def344f131b7ab04cada388371458""}",world/pages/maps/g55_n023.md,/broadcast_metadata/gating
0,449,姆克儿,40,broadcast:96:4:0,55:23,铃铛塔,4,Thursday,神奥(Sinnoh),40,"{""path"": ""encounters_research/out/encounters.json"", ""json_pointer"": ""/broadcast/entries/96/sets/1/species/0"", ""file_sha256"": ""37eb8635e2952e74a2e39cfd62a20d3edb4def344f131b7ab04cada388371458""}",world/pages/maps/g55_n023.md,/broadcast_metadata/gating
1,456,小猫怪,20,broadcast:96:4:1,55:23,铃铛塔,4,Thursday,神奥(Sinnoh),20,"{""path"": ""encounters_research/out/encounters.json"", ""json_pointer"": ""/broadcast/entries/96/sets/1/species/1"", ""file_sha256"": ""37eb8635e2952e74a2e39cfd62a20d3edb4def344f131b7ab04cada388371458""}",world/pages/maps/g55_n023.md,/broadcast_metadata/gating
2,452,大牙狸,20,broadcast:96:4:2,55:23,铃铛塔,4,Thursday,神奥(Sinnoh),20,"{""path"": ""encounters_research/out/encounters.json"", ""json_pointer"": ""/broadcast/entries/96/sets/1/species/2"", ""file_sha256"": ""37eb8635e2952e74a2e39cfd62a20d3edb4def344f131b7ab04cada388371458""}",world/pages/maps/g55_n023.md,/broadcast_metadata/gating
3,494,聒噪鸟,20,broadcast:96:4:3,55:23,铃铛塔,4,Thursday,神奥(Sinnoh),20,"{""path"": ""encounters_research/out/encounters.json"", ""json_pointer"": ""/broadcast/entries/96/sets/1/species/3"", ""file_sha256"": ""37eb8635e2952e74a2e39cfd62a20d3edb4def344f131b7ab04cada388371458""}",world/pages/maps/g55_n023.md,/broadcast_metadata/gating
0,1113,稚山雀,40,broadcast:96:0:0,55:23,铃铛塔,0,Sunday,伽勒尔(Galar),40,"{""path"": ""encounters_research/out/encounters.json"", ""json_pointer"": ""/broadcast/entries/96/sets/2/species/0"", ""file_sha256"": ""37eb8635e2952e74a2e39cfd62a20d3edb4def344f131b7ab04cada388371458""}",world/pages/maps/g55_n023.md,/broadcast_metadata/gating
1,1116,索侦虫,20,broadcast:96:0:1,55:23,铃铛塔,0,Sunday,伽勒尔(Galar),20,"{""path"": ""encounters_research/out/encounters.json"", ""json_pointer"": ""/broadcast/entries/96/sets/2/species/1"", ""file_sha256"": ""37eb8635e2952e74a2e39cfd62a20d3edb4def344f131b7ab04cada388371458""}",world/pages/maps/g55_n023.md,/broadcast_metadata/gating
2,1148,迷布莉姆,20,broadcast:96:0:2,55:23,铃铛塔,0,Sunday,伽勒尔(Galar),20,"{""path"": ""encounters_research/out/encounters.json"", ""json_pointer"": ""/broadcast/entries/96/sets/2/species/2"", ""file_sha256"": ""37eb8635e2952e74a2e39cfd62a20d3edb4def344f131b7ab04cada388371458""}",world/pages/maps/g55_n023.md,/broadcast_metadata/gating
3,1119,偷儿狐,20,broadcast:96:0:3,55:23,铃铛塔,0,Sunday,伽勒尔(Galar),20,"{""path"": ""encounters_research/out/encounters.json"", ""json_pointer"": ""/broadcast/entries/96/sets/2/species/3"", ""file_sha256"": ""37eb8635e2952e74a2e39cfd62a20d3edb4def344f131b7ab04cada388371458""}",world/pages/maps/g55_n023.md,/broadcast_metadata/gating
0,308,晃晃斑,40,broadcast:97:3:0,55:24,铃铛塔,3,Wednesday,丰缘(Hoenn),40,"{""path"": ""encounters_research/out/encounters.json"", ""json_pointer"": ""/broadcast/entries/97/sets/0/species/0"", ""file_sha256"": ""37eb8635e2952e74a2e39cfd62a20d3edb4def344f131b7ab04cada388371458""}",world/pages/maps/g55_n024.md,/broadcast_metadata/gating
1,288,蛇纹熊,20,broadcast:97:3:1,55:24,铃铛塔,3,Wednesday,丰缘(Hoenn),20,"{""path"": ""encounters_research/out/encounters.json"", ""json_pointer"": ""/broadcast/entries/97/sets/0/species/1"", ""file_sha256"": ""37eb8635e2952e74a2e39cfd62a20d3edb4def344f131b7ab04cada388371458""}",world/pages/maps/g55_n024.md,/broadcast_metadata/gating
2,356,玛沙那,20,broadcast:97:3:2,55:24,铃铛塔,3,Wednesday,丰缘(Hoenn),20,"{""path"": ""encounters_research/out/encounters.json"", ""json_pointer"": ""/broadcast/entries/97/sets/0/species/2"", ""file_sha256"": ""37eb8635e2952e74a2e39cfd62a20d3edb4def344f131b7ab04cada388371458""}",world/pages/maps/g55_n024.md,/broadcast_metadata/gating
3,356,玛沙那,20,broadcast:97:3:3,55:24,铃铛塔,3,Wednesday,丰缘(Hoenn),20,"{""path"": ""encounters_research/out/encounters.json"", ""json_pointer"": ""/broadcast/entries/97/sets/0/species/3"", ""file_sha256"": ""37eb8635e2952e74a2e39cfd62a20d3edb4def344f131b7ab04cada388371458""}",world/pages/maps/g55_n024.md,/broadcast_metadata/gating
0,449,姆克儿,40,broadcast:97:4:0,55:24,铃铛塔,4,Thursday,神奥(Sinnoh),40,"{""path"": ""encounters_research/out/encounters.json"", ""json_pointer"": ""/broadcast/entries/97/sets/1/species/0"", ""file_sha256"": ""37eb8635e2952e74a2e39cfd62a20d3edb4def344f131b7ab04cada388371458""}",world/pages/maps/g55_n024.md,/broadcast_metadata/gating
1,456,小猫怪,20,broadcast:97:4:1,55:24,铃铛塔,4,Thursday,神奥(Sinnoh),20,"{""path"": ""encounters_research/out/encounters.json"", ""json_pointer"": ""/broadcast/entries/97/sets/1/species/1"", ""file_sha256"": ""37eb8635e2952e74a2e39cfd62a20d3edb4def344f131b7ab04cada388371458""}",world/pages/maps/g55_n024.md,/broadcast_metadata/gating
2,452,大牙狸,20,broadcast:97:4:2,55:24,铃铛塔,4,Thursday,神奥(Sinnoh),20,"{""path"": ""encounters_research/out/encounters.json"", ""json_pointer"": ""/broadcast/entries/97/sets/1/species/2"", ""file_sha256"": ""37eb8635e2952e74a2e39cfd62a20d3edb4def344f131b7ab04cada388371458""}",world/pages/maps/g55_n024.md,/broadcast_metadata/gating
3,494,聒噪鸟,20,broadcast:97:4:3,55:24,铃铛塔,4,Thursday,神奥(Sinnoh),20,"{""path"": ""encounters_research/out/encounters.json"", ""json_pointer"": ""/broadcast/entries/97/sets/1/species/3"", ""file_sha256"": ""37eb8635e2952e74a2e39cfd62a20d3edb4def344f131b7ab04cada388371458""}",world/pages/maps/g55_n024.md,/broadcast_metadata/gating
0,1113,稚山雀,40,broadcast:97:0:0,55:24,铃铛塔,0,Sunday,伽勒尔(Galar),40,"{""path"": ""encounters_research/out/encounters.json"", ""json_pointer"": ""/broadcast/entries/97/sets/2/species/0"", ""file_sha256"": ""37eb8635e2952e74a2e39cfd62a20d3edb4def344f131b7ab04cada388371458""}",world/pages/maps/g55_n024.md,/broadcast_metadata/gating
1,1116,索侦虫,20,broadcast:97:0:1,55:24,铃铛塔,0,Sunday,伽勒尔(Galar),20,"{""path"": ""encounters_research/out/encounters.json"", ""json_pointer"": ""/broadcast/entries/97/sets/2/species/1"", ""file_sha256"": ""37eb8635e2952e74a2e39cfd62a20d3edb4def344f131b7ab04cada388371458""}",world/pages/maps/g55_n024.md,/broadcast_metadata/gating
2,1148,迷布莉姆,20,broadcast:97:0:2,55:24,铃铛塔,0,Sunday,伽勒尔(Galar),20,"{""path"": ""encounters_research/out/encounters.json"", ""json_pointer"": ""/broadcast/entries/97/sets/2/species/2"", ""file_sha256"": ""37eb8635e2952e74a2e39cfd62a20d3edb4def344f131b7ab04cada388371458""}",world/pages/maps/g55_n024.md,/broadcast_metadata/gating
3,1119,偷儿狐,20,broadcast:97:0:3,55:24,铃铛塔,0,Sunday,伽勒尔(Galar),20,"{""path"": ""encounters_research/out/encounters.json"", ""json_pointer"": ""/broadcast/entries/97/sets/2/species/3"", ""file_sha256"": ""37eb8635e2952e74a2e39cfd62a20d3edb4def344f131b7ab04cada388371458""}",world/pages/maps/g55_n024.md,/broadcast_metadata/gating
0,308,晃晃斑,40,broadcast:98:3:0,55:25,铃铛塔,3,Wednesday,丰缘(Hoenn),40,"{""path"": ""encounters_research/out/encounters.json"", ""json_pointer"": ""/broadcast/entries/98/sets/0/species/0"", ""file_sha256"": ""37eb8635e2952e74a2e39cfd62a20d3edb4def344f131b7ab04cada388371458""}",world/pages/maps/g55_n025.md,/broadcast_metadata/gating
1,288,蛇纹熊,20,broadcast:98:3:1,55:25,铃铛塔,3,Wednesday,丰缘(Hoenn),20,"{""path"": ""encounters_research/out/encounters.json"", ""json_pointer"": ""/broadcast/entries/98/sets/0/species/1"", ""file_sha256"": ""37eb8635e2952e74a2e39cfd62a20d3edb4def344f131b7ab04cada388371458""}",world/pages/maps/g55_n025.md,/broadcast_metadata/gating
2,356,玛沙那,20,broadcast:98:3:2,55:25,铃铛塔,3,Wednesday,丰缘(Hoenn),20,"{""path"": ""encounters_research/out/encounters.json"", ""json_pointer"": ""/broadcast/entries/98/sets/0/species/2"", ""file_sha256"": ""37eb8635e2952e74a2e39cfd62a20d3edb4def344f131b7ab04cada388371458""}",world/pages/maps/g55_n025.md,/broadcast_metadata/gating
3,356,玛沙那,20,broadcast:98:3:3,55:25,铃铛塔,3,Wednesday,丰缘(Hoenn),20,"{""path"": ""encounters_research/out/encounters.json"", ""json_pointer"": ""/broadcast/entries/98/sets/0/species/3"", ""file_sha256"": ""37eb8635e2952e74a2e39cfd62a20d3edb4def344f131b7ab04cada388371458""}",world/pages/maps/g55_n025.md,/broadcast_metadata/gating
0,449,姆克儿,40,broadcast:98:4:0,55:25,铃铛塔,4,Thursday,神奥(Sinnoh),40,"{""path"": ""encounters_research/out/encounters.json"", ""json_pointer"": ""/broadcast/entries/98/sets/1/species/0"", ""file_sha256"": ""37eb8635e2952e74a2e39cfd62a20d3edb4def344f131b7ab04cada388371458""}",world/pages/maps/g55_n025.md,/broadcast_metadata/gating
1,456,小猫怪,20,broadcast:98:4:1,55:25,铃铛塔,4,Thursday,神奥(Sinnoh),20,"{""path"": ""encounters_research/out/encounters.json"", ""json_pointer"": ""/broadcast/entries/98/sets/1/species/1"", ""file_sha256"": ""37eb8635e2952e74a2e39cfd62a20d3edb4def344f131b7ab04cada388371458""}",world/pages/maps/g55_n025.md,/broadcast_metadata/gating
2,452,大牙狸,20,broadcast:98:4:2,55:25,铃铛塔,4,Thursday,神奥(Sinnoh),20,"{""path"": ""encounters_research/out/encounters.json"", ""json_pointer"": ""/broadcast/entries/98/sets/1/species/2"", ""file_sha256"": ""37eb8635e2952e74a2e39cfd62a20d3edb4def344f131b7ab04cada388371458""}",world/pages/maps/g55_n025.md,/broadcast_metadata/gating
3,494,聒噪鸟,20,broadcast:98:4:3,55:25,铃铛塔,4,Thursday,神奥(Sinnoh),20,"{""path"": ""encounters_research/out/encounters.json"", ""json_pointer"": ""/broadcast/entries/98/sets/1/species/3"", ""file_sha256"": ""37eb8635e2952e74a2e39cfd62a20d3edb4def344f131b7ab04cada388371458""}",world/pages/maps/g55_n025.md,/broadcast_metadata/gating
0,1113,稚山雀,40,broadcast:98:0:0,55:25,铃铛塔,0,Sunday,伽勒尔(Galar),40,"{""path"": ""encounters_research/out/encounters.json"", ""json_pointer"": ""/broadcast/entries/98/sets/2/species/0"", ""file_sha256"": ""37eb8635e2952e74a2e39cfd62a20d3edb4def344f131b7ab04cada388371458""}",world/pages/maps/g55_n025.md,/broadcast_metadata/gating
1,1116,索侦虫,20,broadcast:98:0:1,55:25,铃铛塔,0,Sunday,伽勒尔(Galar),20,"{""path"": ""encounters_research/out/encounters.json"", ""json_pointer"": ""/broadcast/entries/98/sets/2/species/1"", ""file_sha256"": ""37eb8635e2952e74a2e39cfd62a20d3edb4def344f131b7ab04cada388371458""}",world/pages/maps/g55_n025.md,/broadcast_metadata/gating
2,1148,迷布莉姆,20,broadcast:98:0:2,55:25,铃铛塔,0,Sunday,伽勒尔(Galar),20,"{""path"": ""encounters_research/out/encounters.json"", ""json_pointer"": ""/broadcast/entries/98/sets/2/species/2"", ""file_sha256"": ""37eb8635e2952e74a2e39cfd62a20d3edb4def344f131b7ab04cada388371458""}",world/pages/maps/g55_n025.md,/broadcast_metadata/gating
3,1119,偷儿狐,20,broadcast:98:0:3,55:25,铃铛塔,0,Sunday,伽勒尔(Galar),20,"{""path"": ""encounters_research/out/encounters.json"", ""json_pointer"": ""/broadcast/entries/98/sets/2/species/3"", ""file_sha256"": ""37eb8635e2952e74a2e39cfd62a20d3edb4def344f131b7ab04cada388371458""}",world/pages/maps/g55_n025.md,/broadcast_metadata/gating
0,308,晃晃斑,40,broadcast:99:3:0,55:26,铃铛塔,3,Wednesday,丰缘(Hoenn),40,"{""path"": ""encounters_research/out/encounters.json"", ""json_pointer"": ""/broadcast/entries/99/sets/0/species/0"", ""file_sha256"": ""37eb8635e2952e74a2e39cfd62a20d3edb4def344f131b7ab04cada388371458""}",world/pages/maps/g55_n026.md,/broadcast_metadata/gating
1,288,蛇纹熊,20,broadcast:99:3:1,55:26,铃铛塔,3,Wednesday,丰缘(Hoenn),20,"{""path"": ""encounters_research/out/encounters.json"", ""json_pointer"": ""/broadcast/entries/99/sets/0/species/1"", ""file_sha256"": ""37eb8635e2952e74a2e39cfd62a20d3edb4def344f131b7ab04cada388371458""}",world/pages/maps/g55_n026.md,/broadcast_metadata/gating
2,356,玛沙那,20,broadcast:99:3:2,55:26,铃铛塔,3,Wednesday,丰缘(Hoenn),20,"{""path"": ""encounters_research/out/encounters.json"", ""json_pointer"": ""/broadcast/entries/99/sets/0/species/2"", ""file_sha256"": ""37eb8635e2952e74a2e39cfd62a20d3edb4def344f131b7ab04cada388371458""}",world/pages/maps/g55_n026.md,/broadcast_metadata/gating
3,356,玛沙那,20,broadcast:99:3:3,55:26,铃铛塔,3,Wednesday,丰缘(Hoenn),20,"{""path"": ""encounters_research/out/encounters.json"", ""json_pointer"": ""/broadcast/entries/99/sets/0/species/3"", ""file_sha256"": ""37eb8635e2952e74a2e39cfd62a20d3edb4def344f131b7ab04cada388371458""}",world/pages/maps/g55_n026.md,/broadcast_metadata/gating
0,449,姆克儿,40,broadcast:99:4:0,55:26,铃铛塔,4,Thursday,神奥(Sinnoh),40,"{""path"": ""encounters_research/out/encounters.json"", ""json_pointer"": ""/broadcast/entries/99/sets/1/species/0"", ""file_sha256"": ""37eb8635e2952e74a2e39cfd62a20d3edb4def344f131b7ab04cada388371458""}",world/pages/maps/g55_n026.md,/broadcast_metadata/gating
1,456,小猫怪,20,broadcast:99:4:1,55:26,铃铛塔,4,Thursday,神奥(Sinnoh),20,"{""path"": ""encounters_research/out/encounters.json"", ""json_pointer"": ""/broadcast/entries/99/sets/1/species/1"", ""file_sha256"": ""37eb8635e2952e74a2e39cfd62a20d3edb4def344f131b7ab04cada388371458""}",world/pages/maps/g55_n026.md,/broadcast_metadata/gating
2,452,大牙狸,20,broadcast:99:4:2,55:26,铃铛塔,4,Thursday,神奥(Sinnoh),20,"{""path"": ""encounters_research/out/encounters.json"", ""json_pointer"": ""/broadcast/entries/99/sets/1/species/2"", ""file_sha256"": ""37eb8635e2952e74a2e39cfd62a20d3edb4def344f131b7ab04cada388371458""}",world/pages/maps/g55_n026.md,/broadcast_metadata/gating
3,494,聒噪鸟,20,broadcast:99:4:3,55:26,铃铛塔,4,Thursday,神奥(Sinnoh),20,"{""path"": ""encounters_research/out/encounters.json"", ""json_pointer"": ""/broadcast/entries/99/sets/1/species/3"", ""file_sha256"": ""37eb8635e2952e74a2e39cfd62a20d3edb4def344f131b7ab04cada388371458""}",world/pages/maps/g55_n026.md,/broadcast_metadata/gating
0,1113,稚山雀,40,broadcast:99:0:0,55:26,铃铛塔,0,Sunday,伽勒尔(Galar),40,"{""path"": ""encounters_research/out/encounters.json"", ""json_pointer"": ""/broadcast/entries/99/sets/2/species/0"", ""file_sha256"": ""37eb8635e2952e74a2e39cfd62a20d3edb4def344f131b7ab04cada388371458""}",world/pages/maps/g55_n026.md,/broadcast_metadata/gating
1,1116,索侦虫,20,broadcast:99:0:1,55:26,铃铛塔,0,Sunday,伽勒尔(Galar),20,"{""path"": ""encounters_research/out/encounters.json"", ""json_pointer"": ""/broadcast/entries/99/sets/2/species/1"", ""file_sha256"": ""37eb8635e2952e74a2e39cfd62a20d3edb4def344f131b7ab04cada388371458""}",world/pages/maps/g55_n026.md,/broadcast_metadata/gating
2,1148,迷布莉姆,20,broadcast:99:0:2,55:26,铃铛塔,0,Sunday,伽勒尔(Galar),20,"{""path"": ""encounters_research/out/encounters.json"", ""json_pointer"": ""/broadcast/entries/99/sets/2/species/2"", ""file_sha256"": ""37eb8635e2952e74a2e39cfd62a20d3edb4def344f131b7ab04cada388371458""}",world/pages/maps/g55_n026.md,/broadcast_metadata/gating
3,1119,偷儿狐,20,broadcast:99:0:3,55:26,铃铛塔,0,Sunday,伽勒尔(Galar),20,"{""path"": ""encounters_research/out/encounters.json"", ""json_pointer"": ""/broadcast/entries/99/sets/2/species/3"", ""file_sha256"": ""37eb8635e2952e74a2e39cfd62a20d3edb4def344f131b7ab04cada388371458""}",world/pages/maps/g55_n026.md,/broadcast_metadata/gating
