index,addr,raw,x,y,elevation,kind,kind_name,hidden_item_raw,hidden_item_id,hidden_item_flag_offset,quantity,underfoot,item_index,item_name,map_id,map_name,acquisition_id,source,page_path
6,0x083AE4C0,03001600030700000d000001,3,22,3,7,hidden_item,0x0100000D,13,0,1,False,13,伤药,1:0,常磐森林,hidden:1:0:6,"{""path"": ""maps_research/out/events/events.json"", ""json_pointer"": ""/maps/1:0/bg_events/6"", ""file_sha256"": ""e525183683453d3f2a889a3456fe6a11ef1b4bdd88c6bffba087faf27add2c6e""}",world/pages/maps/g01_n000.md
7,0x083AE4CC,1c003900000700000e000101,28,57,0,7,hidden_item,0x0101000E,14,1,1,False,14,解毒药,1:0,常磐森林,hidden:1:0:7,"{""path"": ""maps_research/out/events/events.json"", ""json_pointer"": ""/maps/1:0/bg_events/7"", ""file_sha256"": ""e525183683453d3f2a889a3456fe6a11ef1b4bdd88c6bffba087faf27add2c6e""}",world/pages/maps/g01_n000.md
0,0x083AE6BC,2e0002000007000067005401,46,2,0,7,hidden_item,0x01540067,103,84,1,False,103,小蘑菇,1:2,呆呆兽之井,hidden:1:2:0,"{""path"": ""maps_research/out/events/events.json"", ""json_pointer"": ""/maps/1:2/bg_events/0"", ""file_sha256"": ""e525183683453d3f2a889a3456fe6a11ef1b4bdd88c6bffba087faf27add2c6e""}",world/pages/maps/g01_n002.md
1,0x083AE6C8,1a0002000007000067005501,26,2,0,7,hidden_item,0x01550067,103,85,1,False,103,小蘑菇,1:2,呆呆兽之井,hidden:1:2:1,"{""path"": ""maps_research/out/events/events.json"", ""json_pointer"": ""/maps/1:2/bg_events/1"", ""file_sha256"": ""e525183683453d3f2a889a3456fe6a11ef1b4bdd88c6bffba087faf27add2c6e""}",world/pages/maps/g01_n002.md
2,0x083AE6D4,270022000007000067005601,39,34,0,7,hidden_item,0x01560067,103,86,1,False,103,小蘑菇,1:2,呆呆兽之井,hidden:1:2:2,"{""path"": ""maps_research/out/events/events.json"", ""json_pointer"": ""/maps/1:2/bg_events/2"", ""file_sha256"": ""e525183683453d3f2a889a3456fe6a11ef1b4bdd88c6bffba087faf27add2c6e""}",world/pages/maps/g01_n002.md
3,0x083AE6E0,180023000007000068005701,24,35,0,7,hidden_item,0x01570068,104,87,1,False,104,大蘑菇,1:2,呆呆兽之井,hidden:1:2:3,"{""path"": ""maps_research/out/events/events.json"", ""json_pointer"": ""/maps/1:2/bg_events/3"", ""file_sha256"": ""e525183683453d3f2a889a3456fe6a11ef1b4bdd88c6bffba087faf27add2c6e""}",world/pages/maps/g01_n002.md
4,0x083AE6EC,06000c000007000068005801,6,12,0,7,hidden_item,0x01580068,104,88,1,False,104,大蘑菇,1:2,呆呆兽之井,hidden:1:2:4,"{""path"": ""maps_research/out/events/events.json"", ""json_pointer"": ""/maps/1:2/bg_events/4"", ""file_sha256"": ""e525183683453d3f2a889a3456fe6a11ef1b4bdd88c6bffba087faf27add2c6e""}",world/pages/maps/g01_n002.md
5,0x083AE6F8,190022000007000068005901,25,34,0,7,hidden_item,0x01590068,104,89,1,False,104,大蘑菇,1:2,呆呆兽之井,hidden:1:2:5,"{""path"": ""maps_research/out/events/events.json"", ""json_pointer"": ""/maps/1:2/bg_events/5"", ""file_sha256"": ""e525183683453d3f2a889a3456fe6a11ef1b4bdd88c6bffba087faf27add2c6e""}",world/pages/maps/g01_n002.md
0,0x083AE850,14001000030700005e000201,20,16,3,7,hidden_item,0x0102005E,94,2,1,False,94,月之石,1:3,呆呆兽之井,hidden:1:3:0,"{""path"": ""maps_research/out/events/events.json"", ""json_pointer"": ""/maps/1:3/bg_events/0"", ""file_sha256"": ""e525183683453d3f2a889a3456fe6a11ef1b4bdd88c6bffba087faf27add2c6e""}",world/pages/maps/g01_n003.md
1,0x083AE85C,27000b000307000022000301,39,11,3,7,hidden_item,0x01030022,34,3,1,False,34,PP单项小补剂,1:3,呆呆兽之井,hidden:1:3:1,"{""path"": ""maps_research/out/events/events.json"", ""json_pointer"": ""/maps/1:3/bg_events/1"", ""file_sha256"": ""e525183683453d3f2a889a3456fe6a11ef1b4bdd88c6bffba087faf27add2c6e""}",world/pages/maps/g01_n003.md
0,0x083AE8BC,3a001c00030700002600be01,58,28,3,7,hidden_item,0x01BE0026,38,190,1,False,38,釜炎仙贝,1:4,圣安奴号,hidden:1:4:0,"{""path"": ""maps_research/out/events/events.json"", ""json_pointer"": ""/maps/1:4/bg_events/0"", ""file_sha256"": ""e525183683453d3f2a889a3456fe6a11ef1b4bdd88c6bffba087faf27add2c6e""}",world/pages/maps/g01_n004.md
0,0x083AEAB8,150005000307000015000801,21,5,3,7,hidden_item,0x01080015,21,8,1,False,21,厉害伤药,1:8,圣安奴号,hidden:1:8:0,"{""path"": ""maps_research/out/events/events.json"", ""json_pointer"": ""/maps/1:8/bg_events/0"", ""file_sha256"": ""e525183683453d3f2a889a3456fe6a11ef1b4bdd88c6bffba087faf27add2c6e""}",world/pages/maps/g01_n008.md
0,0x083AEC3C,0e0008000007000086007a01,14,8,0,7,hidden_item,0x017A0086,134,122,1,False,134,零余果,1:10,圣安奴号,hidden:1:10:0,"{""path"": ""maps_research/out/events/events.json"", ""json_pointer"": ""/maps/1:10/bg_events/0"", ""file_sha256"": ""e525183683453d3f2a889a3456fe6a11ef1b4bdd88c6bffba087faf27add2c6e""}",world/pages/maps/g01_n010.md
1,0x083AEC48,0e0004000007000087007801,14,4,0,7,hidden_item,0x01780087,135,120,1,False,135,桃桃果,1:10,圣安奴号,hidden:1:10:1,"{""path"": ""maps_research/out/events/events.json"", ""json_pointer"": ""/maps/1:10/bg_events/1"", ""file_sha256"": ""e525183683453d3f2a889a3456fe6a11ef1b4bdd88c6bffba087faf27add2c6e""}",world/pages/maps/g01_n010.md
2,0x083AEC54,0e0006000007000085007901,14,6,0,7,hidden_item,0x01790085,133,121,1,False,133,樱子果,1:10,圣安奴号,hidden:1:10:2,"{""path"": ""maps_research/out/events/events.json"", ""json_pointer"": ""/maps/1:10/bg_events/2"", ""file_sha256"": ""e525183683453d3f2a889a3456fe6a11ef1b4bdd88c6bffba087faf27add2c6e""}",world/pages/maps/g01_n010.md
0,0x083AF280,05001e00030700000d004601,5,30,3,7,hidden_item,0x0146000D,13,70,1,False,13,伤药,1:31,49号水路,hidden:1:31:0,"{""path"": ""maps_research/out/events/events.json"", ""json_pointer"": ""/maps/1:31/bg_events/0"", ""file_sha256"": ""e525183683453d3f2a889a3456fe6a11ef1b4bdd88c6bffba087faf27add2c6e""}",world/pages/maps/g01_n031.md
1,0x083AF28C,05000600030700000e004701,5,6,3,7,hidden_item,0x0147000E,14,71,1,False,14,解毒药,1:31,49号水路,hidden:1:31:1,"{""path"": ""maps_research/out/events/events.json"", ""json_pointer"": ""/maps/1:31/bg_events/1"", ""file_sha256"": ""e525183683453d3f2a889a3456fe6a11ef1b4bdd88c6bffba087faf27add2c6e""}",world/pages/maps/g01_n031.md
2,0x083AF298,02003900030700000f004a01,2,57,3,7,hidden_item,0x014A000F,15,74,1,False,15,灼伤药,1:31,49号水路,hidden:1:31:2,"{""path"": ""maps_research/out/events/events.json"", ""json_pointer"": ""/maps/1:31/bg_events/2"", ""file_sha256"": ""e525183683453d3f2a889a3456fe6a11ef1b4bdd88c6bffba087faf27add2c6e""}",world/pages/maps/g01_n031.md
3,0x083AF2A4,010018000307000011004901,1,24,3,7,hidden_item,0x01490011,17,73,1,False,17,解眠药,1:31,49号水路,hidden:1:31:3,"{""path"": ""maps_research/out/events/events.json"", ""json_pointer"": ""/maps/1:31/bg_events/3"", ""file_sha256"": ""e525183683453d3f2a889a3456fe6a11ef1b4bdd88c6bffba087faf27add2c6e""}",world/pages/maps/g01_n031.md
4,0x083AF2B0,060035000307000010004b01,6,53,3,7,hidden_item,0x014B0010,16,75,1,False,16,解冻药,1:31,49号水路,hidden:1:31:4,"{""path"": ""maps_research/out/events/events.json"", ""json_pointer"": ""/maps/1:31/bg_events/4"", ""file_sha256"": ""e525183683453d3f2a889a3456fe6a11ef1b4bdd88c6bffba087faf27add2c6e""}",world/pages/maps/g01_n031.md
5,0x083AF2BC,03000f000307000012004801,3,15,3,7,hidden_item,0x01480012,18,72,1,False,18,解麻药,1:31,49号水路,hidden:1:31:5,"{""path"": ""maps_research/out/events/events.json"", ""json_pointer"": ""/maps/1:31/bg_events/5"", ""file_sha256"": ""e525183683453d3f2a889a3456fe6a11ef1b4bdd88c6bffba087faf27add2c6e""}",world/pages/maps/g01_n031.md
6,0x083AF2C8,030027000307000022004c01,3,39,3,7,hidden_item,0x014C0022,34,76,1,False,34,PP单项小补剂,1:31,49号水路,hidden:1:31:6,"{""path"": ""maps_research/out/events/events.json"", ""json_pointer"": ""/maps/1:31/bg_events/6"", ""file_sha256"": ""e525183683453d3f2a889a3456fe6a11ef1b4bdd88c6bffba087faf27add2c6e""}",world/pages/maps/g01_n031.md
0,0x083AF390,07000300030700000d004d01,7,3,3,7,hidden_item,0x014D000D,13,77,1,False,13,伤药,1:34,50号水路,hidden:1:34:0,"{""path"": ""maps_research/out/events/events.json"", ""json_pointer"": ""/maps/1:34/bg_events/0"", ""file_sha256"": ""e525183683453d3f2a889a3456fe6a11ef1b4bdd88c6bffba087faf27add2c6e""}",world/pages/maps/g01_n034.md
1,0x083AF39C,110005000307000012004f01,17,5,3,7,hidden_item,0x014F0012,18,79,1,False,18,解麻药,1:34,50号水路,hidden:1:34:1,"{""path"": ""maps_research/out/events/events.json"", ""json_pointer"": ""/maps/1:34/bg_events/1"", ""file_sha256"": ""e525183683453d3f2a889a3456fe6a11ef1b4bdd88c6bffba087faf27add2c6e""}",world/pages/maps/g01_n034.md
2,0x083AF3A8,1f0004000307000011005001,31,4,3,7,hidden_item,0x01500011,17,80,1,False,17,解眠药,1:34,50号水路,hidden:1:34:2,"{""path"": ""maps_research/out/events/events.json"", ""json_pointer"": ""/maps/1:34/bg_events/2"", ""file_sha256"": ""e525183683453d3f2a889a3456fe6a11ef1b4bdd88c6bffba087faf27add2c6e""}",world/pages/maps/g01_n034.md
3,0x083AF3B4,2d000300030700000f005101,45,3,3,7,hidden_item,0x0151000F,15,81,1,False,15,灼伤药,1:34,50号水路,hidden:1:34:3,"{""path"": ""maps_research/out/events/events.json"", ""json_pointer"": ""/maps/1:34/bg_events/3"", ""file_sha256"": ""e525183683453d3f2a889a3456fe6a11ef1b4bdd88c6bffba087faf27add2c6e""}",world/pages/maps/g01_n034.md
4,0x083AF3C0,460003000307000010005201,70,3,3,7,hidden_item,0x01520010,16,82,1,False,16,解冻药,1:34,50号水路,hidden:1:34:4,"{""path"": ""maps_research/out/events/events.json"", ""json_pointer"": ""/maps/1:34/bg_events/4"", ""file_sha256"": ""e525183683453d3f2a889a3456fe6a11ef1b4bdd88c6bffba087faf27add2c6e""}",world/pages/maps/g01_n034.md
5,0x083AF3CC,370002000307000022005301,55,2,3,7,hidden_item,0x01530022,34,83,1,False,34,PP单项小补剂,1:34,50号水路,hidden:1:34:5,"{""path"": ""maps_research/out/events/events.json"", ""json_pointer"": ""/maps/1:34/bg_events/5"", ""file_sha256"": ""e525183683453d3f2a889a3456fe6a11ef1b4bdd88c6bffba087faf27add2c6e""}",world/pages/maps/g01_n034.md
6,0x083AF3D8,3e000500030700000e004e01,62,5,3,7,hidden_item,0x014E000E,14,78,1,False,14,解毒药,1:34,50号水路,hidden:1:34:6,"{""path"": ""maps_research/out/events/events.json"", ""json_pointer"": ""/maps/1:34/bg_events/6"", ""file_sha256"": ""e525183683453d3f2a889a3456fe6a11ef1b4bdd88c6bffba087faf27add2c6e""}",world/pages/maps/g01_n034.md
0,0x087C13BC,1f0010000007000019003501,31,16,0,7,hidden_item,0x01350019,25,53,1,False,25,活力块,1:39,冠军之路,hidden:1:39:0,"{""path"": ""maps_research/out/events/events.json"", ""json_pointer"": ""/maps/1:39/bg_events/0"", ""file_sha256"": ""e525183683453d3f2a889a3456fe6a11ef1b4bdd88c6bffba087faf27add2c6e""}",world/pages/maps/g01_n039.md
1,0x087C13C8,230002000007000013003601,35,2,0,7,hidden_item,0x01360013,19,54,1,False,19,全复药,1:39,冠军之路,hidden:1:39:1,"{""path"": ""maps_research/out/events/events.json"", ""json_pointer"": ""/maps/1:39/bg_events/1"", ""file_sha256"": ""e525183683453d3f2a889a3456fe6a11ef1b4bdd88c6bffba087faf27add2c6e""}",world/pages/maps/g01_n039.md
0,0x087C1290,1c000a0000070000e2023801,28,10,0,7,hidden_item,0x013802E2,738,56,1,False,738,银之护符,1:40,冠军之路,hidden:1:40:0,"{""path"": ""maps_research/out/events/events.json"", ""json_pointer"": ""/maps/1:40/bg_events/0"", ""file_sha256"": ""e525183683453d3f2a889a3456fe6a11ef1b4bdd88c6bffba087faf27add2c6e""}",world/pages/maps/g01_n040.md
1,0x087C129C,20001400000700006e003701,32,20,0,7,hidden_item,0x0137006E,110,55,1,False,110,金珠,1:40,冠军之路,hidden:1:40:1,"{""path"": ""maps_research/out/events/events.json"", ""json_pointer"": ""/maps/1:40/bg_events/1"", ""file_sha256"": ""e525183683453d3f2a889a3456fe6a11ef1b4bdd88c6bffba087faf27add2c6e""}",world/pages/maps/g01_n040.md
0,0x087C11FC,21000600000700007f023a01,33,6,0,7,hidden_item,0x013A027F,639,58,1,False,639,银色王冠,1:41,冠军之路,hidden:1:41:0,"{""path"": ""maps_research/out/events/events.json"", ""json_pointer"": ""/maps/1:41/bg_events/0"", ""file_sha256"": ""e525183683453d3f2a889a3456fe6a11ef1b4bdd88c6bffba087faf27add2c6e""}",world/pages/maps/g01_n041.md
1,0x087C1208,1700060000070000ec023901,23,6,0,7,hidden_item,0x013902EC,748,57,1,False,748,卡比丘,1:41,冠军之路,hidden:1:41:1,"{""path"": ""maps_research/out/events/events.json"", ""json_pointer"": ""/maps/1:41/bg_events/1"", ""file_sha256"": ""e525183683453d3f2a889a3456fe6a11ef1b4bdd88c6bffba087faf27add2c6e""}",world/pages/maps/g01_n041.md
0,0x083AF9CC,100011000007000045000b01,16,17,0,7,hidden_item,0x010B0045,69,11,1,False,69,PP提升剂,1:42,火箭队基地,hidden:1:42:0,"{""path"": ""maps_research/out/events/events.json"", ""json_pointer"": ""/maps/1:42/bg_events/0"", ""file_sha256"": ""e525183683453d3f2a889a3456fe6a11ef1b4bdd88c6bffba087faf27add2c6e""}",world/pages/maps/g01_n042.md
0,0x083AFB28,01000300030700006e000c01,1,3,3,7,hidden_item,0x010C006E,110,12,1,False,110,金珠,1:44,火箭队基地,hidden:1:44:0,"{""path"": ""maps_research/out/events/events.json"", ""json_pointer"": ""/maps/1:44/bg_events/0"", ""file_sha256"": ""e525183683453d3f2a889a3456fe6a11ef1b4bdd88c6bffba087faf27add2c6e""}",world/pages/maps/g01_n044.md
0,0x083AFC38,160006000307000008000d01,22,6,3,7,hidden_item,0x010D0008,8,13,1,False,8,巢穴球,1:45,火箭队基地,hidden:1:45:0,"{""path"": ""maps_research/out/events/events.json"", ""json_pointer"": ""/maps/1:45/bg_events/0"", ""file_sha256"": ""e525183683453d3f2a889a3456fe6a11ef1b4bdd88c6bffba087faf27add2c6e""}",world/pages/maps/g01_n045.md
1,0x083AFC44,100006000307000006008601,16,6,3,7,hidden_item,0x01860006,6,134,1,False,6,捕网球,1:45,火箭队基地,hidden:1:45:1,"{""path"": ""maps_research/out/events/events.json"", ""json_pointer"": ""/maps/1:45/bg_events/1"", ""file_sha256"": ""e525183683453d3f2a889a3456fe6a11ef1b4bdd88c6bffba087faf27add2c6e""}",world/pages/maps/g01_n045.md
4,0x08A34B54,0d0007000007000044000d01,13,7,0,7,hidden_item,0x010D0044,68,13,1,False,68,神奇糖果,1:47,阿露福遗迹,hidden:1:47:4,"{""path"": ""maps_research/out/events/events.json"", ""json_pointer"": ""/maps/1:47/bg_events/4"", ""file_sha256"": ""e525183683453d3f2a889a3456fe6a11ef1b4bdd88c6bffba087faf27add2c6e""}",world/pages/maps/g01_n047.md
5,0x08A34B60,0c0016000007000067000e03,12,22,0,7,hidden_item,0x030E0067,103,14,3,False,103,小蘑菇,1:47,阿露福遗迹,hidden:1:47:5,"{""path"": ""maps_research/out/events/events.json"", ""json_pointer"": ""/maps/1:47/bg_events/5"", ""file_sha256"": ""e525183683453d3f2a889a3456fe6a11ef1b4bdd88c6bffba087faf27add2c6e""}",world/pages/maps/g01_n047.md
6,0x08A34B6C,1500120000070000ec020f01,21,18,0,7,hidden_item,0x010F02EC,748,15,1,False,748,卡比丘,1:47,阿露福遗迹,hidden:1:47:6,"{""path"": ""maps_research/out/events/events.json"", ""json_pointer"": ""/maps/1:47/bg_events/6"", ""file_sha256"": ""e525183683453d3f2a889a3456fe6a11ef1b4bdd88c6bffba087faf27add2c6e""}",world/pages/maps/g01_n047.md
7,0x08A34B78,1d0024000007000003001001,29,36,0,7,hidden_item,0x01100003,3,16,1,False,3,超级球,1:47,阿露福遗迹,hidden:1:47:7,"{""path"": ""maps_research/out/events/events.json"", ""json_pointer"": ""/maps/1:47/bg_events/7"", ""file_sha256"": ""e525183683453d3f2a889a3456fe6a11ef1b4bdd88c6bffba087faf27add2c6e""}",world/pages/maps/g01_n047.md
8,0x08A34B84,0b003100000700006e001101,11,49,0,7,hidden_item,0x0111006E,110,17,1,False,110,金珠,1:47,阿露福遗迹,hidden:1:47:8,"{""path"": ""maps_research/out/events/events.json"", ""json_pointer"": ""/maps/1:47/bg_events/8"", ""file_sha256"": ""e525183683453d3f2a889a3456fe6a11ef1b4bdd88c6bffba087faf27add2c6e""}",world/pages/maps/g01_n047.md
9,0x08A34B90,060035000007000068001201,6,53,0,7,hidden_item,0x01120068,104,18,1,False,104,大蘑菇,1:47,阿露福遗迹,hidden:1:47:9,"{""path"": ""maps_research/out/events/events.json"", ""json_pointer"": ""/maps/1:47/bg_events/9"", ""file_sha256"": ""e525183683453d3f2a889a3456fe6a11ef1b4bdd88c6bffba087faf27add2c6e""}",world/pages/maps/g01_n047.md
8,0x08C35E70,0c0014000007000002008701,12,20,0,7,hidden_item,0x01870002,2,135,1,False,2,高级球,1:48,阿露福遗迹,hidden:1:48:8,"{""path"": ""maps_research/out/events/events.json"", ""json_pointer"": ""/maps/1:48/bg_events/8"", ""file_sha256"": ""e525183683453d3f2a889a3456fe6a11ef1b4bdd88c6bffba087faf27add2c6e""}",world/pages/maps/g01_n048.md
8,0x083AFF40,220012000007000040008801,34,18,0,7,hidden_item,0x01880040,64,136,1,False,64,攻击增强剂,1:49,阿露福遗迹,hidden:1:49:8,"{""path"": ""maps_research/out/events/events.json"", ""json_pointer"": ""/maps/1:49/bg_events/8"", ""file_sha256"": ""e525183683453d3f2a889a3456fe6a11ef1b4bdd88c6bffba087faf27add2c6e""}",world/pages/maps/g01_n049.md
8,0x08B26D74,230014000007000041008901,35,20,0,7,hidden_item,0x01890041,65,137,1,False,65,防御增强剂,1:50,阿露福遗迹,hidden:1:50:8,"{""path"": ""maps_research/out/events/events.json"", ""json_pointer"": ""/maps/1:50/bg_events/8"", ""file_sha256"": ""e525183683453d3f2a889a3456fe6a11ef1b4bdd88c6bffba087faf27add2c6e""}",world/pages/maps/g01_n050.md
0,0x083B0200,050011000007000024001801,5,17,0,7,hidden_item,0x01180024,36,24,1,False,36,PP多项小补剂,1:51,阿露福遗迹,hidden:1:51:0,"{""path"": ""maps_research/out/events/events.json"", ""json_pointer"": ""/maps/1:51/bg_events/0"", ""file_sha256"": ""e525183683453d3f2a889a3456fe6a11ef1b4bdd88c6bffba087faf27add2c6e""}",world/pages/maps/g01_n051.md
16,0x083B02C0,080010000007000045008a01,8,16,0,7,hidden_item,0x018A0045,69,138,1,False,69,PP提升剂,1:51,阿露福遗迹,hidden:1:51:16,"{""path"": ""maps_research/out/events/events.json"", ""json_pointer"": ""/maps/1:51/bg_events/16"", ""file_sha256"": ""e525183683453d3f2a889a3456fe6a11ef1b4bdd88c6bffba087faf27add2c6e""}",world/pages/maps/g01_n051.md
4,0x083B0434,080011000007000042008b01,8,17,0,7,hidden_item,0x018B0042,66,139,1,False,66,速度增强剂,1:52,阿露福遗迹,hidden:1:52:4,"{""path"": ""maps_research/out/events/events.json"", ""json_pointer"": ""/maps/1:52/bg_events/4"", ""file_sha256"": ""e525183683453d3f2a889a3456fe6a11ef1b4bdd88c6bffba087faf27add2c6e""}",world/pages/maps/g01_n052.md
12,0x083B0648,05000f000007000046008c01,5,15,0,7,hidden_item,0x018C0046,70,140,1,False,70,特防增强剂,1:53,阿露福遗迹,hidden:1:53:12,"{""path"": ""maps_research/out/events/events.json"", ""json_pointer"": ""/maps/1:53/bg_events/12"", ""file_sha256"": ""e525183683453d3f2a889a3456fe6a11ef1b4bdd88c6bffba087faf27add2c6e""}",world/pages/maps/g01_n053.md
4,0x083B076C,16000d00000700006e008d01,22,13,0,7,hidden_item,0x018D006E,110,141,1,False,110,金珠,1:54,阿露福遗迹,hidden:1:54:4,"{""path"": ""maps_research/out/events/events.json"", ""json_pointer"": ""/maps/1:54/bg_events/4"", ""file_sha256"": ""e525183683453d3f2a889a3456fe6a11ef1b4bdd88c6bffba087faf27add2c6e""}",world/pages/maps/g01_n054.md
0,0x083B0820,14000e000307000014001901,20,14,3,7,hidden_item,0x01190014,20,25,1,False,20,全满药,1:55,阿露福遗迹,hidden:1:55:0,"{""path"": ""maps_research/out/events/events.json"", ""json_pointer"": ""/maps/1:55/bg_events/0"", ""file_sha256"": ""e525183683453d3f2a889a3456fe6a11ef1b4bdd88c6bffba087faf27add2c6e""}",world/pages/maps/g01_n055.md
17,0x083B08EC,1a000c000007000043008e01,26,12,0,7,hidden_item,0x018E0043,67,142,1,False,67,特攻增强剂,1:55,阿露福遗迹,hidden:1:55:17,"{""path"": ""maps_research/out/events/events.json"", ""json_pointer"": ""/maps/1:55/bg_events/17"", ""file_sha256"": ""e525183683453d3f2a889a3456fe6a11ef1b4bdd88c6bffba087faf27add2c6e""}",world/pages/maps/g01_n055.md
4,0x083B0A08,0f001100000700003f008f01,15,17,0,7,hidden_item,0x018F003F,63,143,1,False,63,HP增强剂,1:56,阿露福遗迹,hidden:1:56:4,"{""path"": ""maps_research/out/events/events.json"", ""json_pointer"": ""/maps/1:56/bg_events/4"", ""file_sha256"": ""e525183683453d3f2a889a3456fe6a11ef1b4bdd88c6bffba087faf27add2c6e""}",world/pages/maps/g01_n056.md
4,0x08A28050,050012000007000018009001,5,18,0,7,hidden_item,0x01900018,24,144,1,False,24,活力碎片,1:57,阿露福遗迹,hidden:1:57:4,"{""path"": ""maps_research/out/events/events.json"", ""json_pointer"": ""/maps/1:57/bg_events/4"", ""file_sha256"": ""e525183683453d3f2a889a3456fe6a11ef1b4bdd88c6bffba087faf27add2c6e""}",world/pages/maps/g01_n057.md
1,0x083B0C54,02001500000700005e001f01,2,21,0,7,hidden_item,0x011F005E,94,31,1,False,94,月之石,1:59,铃铛塔,hidden:1:59:1,"{""path"": ""maps_research/out/events/events.json"", ""json_pointer"": ""/maps/1:59/bg_events/1"", ""file_sha256"": ""e525183683453d3f2a889a3456fe6a11ef1b4bdd88c6bffba087faf27add2c6e""}",world/pages/maps/g01_n059.md
2,0x083B0DEC,24000d000307000044002001,36,13,3,7,hidden_item,0x01200044,68,32,1,False,68,神奇糖果,1:61,铃铛塔,hidden:1:61:2,"{""path"": ""maps_research/out/events/events.json"", ""json_pointer"": ""/maps/1:61/bg_events/2"", ""file_sha256"": ""e525183683453d3f2a889a3456fe6a11ef1b4bdd88c6bffba087faf27add2c6e""}",world/pages/maps/g01_n061.md
3,0x083B0EC8,230005000307000024002101,35,5,3,7,hidden_item,0x01210024,36,33,1,False,36,PP多项小补剂,1:62,铃铛塔,hidden:1:62:3,"{""path"": ""maps_research/out/events/events.json"", ""json_pointer"": ""/maps/1:62/bg_events/3"", ""file_sha256"": ""e525183683453d3f2a889a3456fe6a11ef1b4bdd88c6bffba087faf27add2c6e""}",world/pages/maps/g01_n062.md
2,0x083B0F80,1b000f000307000062001601,27,15,3,7,hidden_item,0x01160062,98,22,1,False,98,叶之石,1:63,野生原野区,hidden:1:63:2,"{""path"": ""maps_research/out/events/events.json"", ""json_pointer"": ""/maps/1:63/bg_events/2"", ""file_sha256"": ""e525183683453d3f2a889a3456fe6a11ef1b4bdd88c6bffba087faf27add2c6e""}",world/pages/maps/g01_n063.md
4,0x083B1264,0d000b000307000018001701,13,11,3,7,hidden_item,0x01170018,24,23,1,False,24,活力碎片,1:66,野生原野区,hidden:1:66:4,"{""path"": ""maps_research/out/events/events.json"", ""json_pointer"": ""/maps/1:66/bg_events/4"", ""file_sha256"": ""e525183683453d3f2a889a3456fe6a11ef1b4bdd88c6bffba087faf27add2c6e""}",world/pages/maps/g01_n066.md
0,0x083B15B0,0c0002000307000002002701,12,2,3,7,hidden_item,0x01270002,2,39,1,False,2,高级球,1:72,华蓝洞,hidden:1:72:0,"{""path"": ""maps_research/out/events/events.json"", ""json_pointer"": ""/maps/1:72/bg_events/0"", ""file_sha256"": ""e525183683453d3f2a889a3456fe6a11ef1b4bdd88c6bffba087faf27add2c6e""}",world/pages/maps/g01_n072.md
0,0x083B20D0,05000c00000700006e001d01,5,12,0,7,hidden_item,0x011D006E,110,29,1,False,110,金珠,1:86,双子岛,hidden:1:86:0,"{""path"": ""maps_research/out/events/events.json"", ""json_pointer"": ""/maps/1:86/bg_events/0"", ""file_sha256"": ""e525183683453d3f2a889a3456fe6a11ef1b4bdd88c6bffba087faf27add2c6e""}",world/pages/maps/g01_n086.md
0,0x083B21A0,0d0008000007000061001e01,13,8,0,7,hidden_item,0x011E0061,97,30,1,False,97,水之石,1:87,双子岛,hidden:1:87:0,"{""path"": ""maps_research/out/events/events.json"", ""json_pointer"": ""/maps/1:87/bg_events/0"", ""file_sha256"": ""e525183683453d3f2a889a3456fe6a11ef1b4bdd88c6bffba087faf27add2c6e""}",world/pages/maps/g01_n087.md
0,0x083B25F8,070003000307000068000e01,7,3,3,7,hidden_item,0x010E0068,104,14,1,False,104,大蘑菇,1:92,喇叭芽之塔,hidden:1:92:0,"{""path"": ""maps_research/out/events/events.json"", ""json_pointer"": ""/maps/1:92/bg_events/0"", ""file_sha256"": ""e525183683453d3f2a889a3456fe6a11ef1b4bdd88c6bffba087faf27add2c6e""}",world/pages/maps/g01_n092.md
0,0x08CF00A4,11000d0000070000ec02bd01,17,13,0,7,hidden_item,0x01BD02EC,748,189,1,False,748,卡比丘,1:94,呆呆兽之井,hidden:1:94:0,"{""path"": ""maps_research/out/events/events.json"", ""json_pointer"": ""/maps/1:94/bg_events/0"", ""file_sha256"": ""e525183683453d3f2a889a3456fe6a11ef1b4bdd88c6bffba087faf27add2c6e""}",world/pages/maps/g01_n094.md
1,0x08B0D0EC,0d0008000307000003001001,13,8,3,7,hidden_item,0x01100003,3,16,1,False,3,超级球,1:95,呆呆兽之井,hidden:1:95:1,"{""path"": ""maps_research/out/events/events.json"", ""json_pointer"": ""/maps/1:95/bg_events/1"", ""file_sha256"": ""e525183683453d3f2a889a3456fe6a11ef1b4bdd88c6bffba087faf27add2c6e""}",world/pages/maps/g01_n095.md
0,0x083B2C0C,2f002d00000700005f009e01,47,45,0,7,hidden_item,0x019E005F,95,158,1,False,95,火之石,1:97,寂静之丘,hidden:1:97:0,"{""path"": ""maps_research/out/events/events.json"", ""json_pointer"": ""/maps/1:97/bg_events/0"", ""file_sha256"": ""e525183683453d3f2a889a3456fe6a11ef1b4bdd88c6bffba087faf27add2c6e""}",world/pages/maps/g01_n097.md
1,0x083B2C18,0b001e00030700003d00b205,11,30,3,7,hidden_item,0x05B2003D,61,178,5,False,61,精神之羽,1:97,寂静之丘,hidden:1:97:1,"{""path"": ""maps_research/out/events/events.json"", ""json_pointer"": ""/maps/1:97/bg_events/1"", ""file_sha256"": ""e525183683453d3f2a889a3456fe6a11ef1b4bdd88c6bffba087faf27add2c6e""}",world/pages/maps/g01_n097.md
0,0x08BBAAE4,05000600000700001900ad01,5,6,0,7,hidden_item,0x01AD0019,25,173,1,False,25,活力块,1:98,寂静之丘,hidden:1:98:0,"{""path"": ""maps_research/out/events/events.json"", ""json_pointer"": ""/maps/1:98/bg_events/0"", ""file_sha256"": ""e525183683453d3f2a889a3456fe6a11ef1b4bdd88c6bffba087faf27add2c6e""}",world/pages/maps/g01_n098.md
0,0x08BD9BEC,0a002500000700003f00ae01,10,37,0,7,hidden_item,0x01AE003F,63,174,1,False,63,HP增强剂,1:100,寂静之丘,hidden:1:100:0,"{""path"": ""maps_research/out/events/events.json"", ""json_pointer"": ""/maps/1:100/bg_events/0"", ""file_sha256"": ""e525183683453d3f2a889a3456fe6a11ef1b4bdd88c6bffba087faf27add2c6e""}",world/pages/maps/g01_n100.md
1,0x08BD9BF8,06000c0000070000ec02af01,6,12,0,7,hidden_item,0x01AF02EC,748,175,1,False,748,卡比丘,1:100,寂静之丘,hidden:1:100:1,"{""path"": ""maps_research/out/events/events.json"", ""json_pointer"": ""/maps/1:100/bg_events/1"", ""file_sha256"": ""e525183683453d3f2a889a3456fe6a11ef1b4bdd88c6bffba087faf27add2c6e""}",world/pages/maps/g01_n100.md
0,0x08A132DC,16001800000700003200b001,22,24,0,7,hidden_item,0x01B00032,50,176,1,False,50,黄色碎片,1:103,寂静之丘,hidden:1:103:0,"{""path"": ""maps_research/out/events/events.json"", ""json_pointer"": ""/maps/1:103/bg_events/0"", ""file_sha256"": ""e525183683453d3f2a889a3456fe6a11ef1b4bdd88c6bffba087faf27add2c6e""}",world/pages/maps/g01_n103.md
1,0x08A132E8,05000500000700005e00b101,5,5,0,7,hidden_item,0x01B1005E,94,177,1,False,94,月之石,1:103,寂静之丘,hidden:1:103:1,"{""path"": ""maps_research/out/events/events.json"", ""json_pointer"": ""/maps/1:103/bg_events/1"", ""file_sha256"": ""e525183683453d3f2a889a3456fe6a11ef1b4bdd88c6bffba087faf27add2c6e""}",world/pages/maps/g01_n103.md
0,0x08C6F68C,08000e0000070000ec02ac01,8,14,0,7,hidden_item,0x01AC02EC,748,172,1,False,748,卡比丘,1:106,寂静之丘,hidden:1:106:0,"{""path"": ""maps_research/out/events/events.json"", ""json_pointer"": ""/maps/1:106/bg_events/0"", ""file_sha256"": ""e525183683453d3f2a889a3456fe6a11ef1b4bdd88c6bffba087faf27add2c6e""}",world/pages/maps/g01_n106.md
0,0x08B80FE8,0d00040000070000ec02bb01,13,4,0,7,hidden_item,0x01BB02EC,748,187,1,False,748,卡比丘,1:107,断崖通道,hidden:1:107:0,"{""path"": ""maps_research/out/events/events.json"", ""json_pointer"": ""/maps/1:107/bg_events/0"", ""file_sha256"": ""e525183683453d3f2a889a3456fe6a11ef1b4bdd88c6bffba087faf27add2c6e""}",world/pages/maps/g01_n107.md
2,0x083B3370,1f0019000307000094005a01,31,25,3,7,hidden_item,0x015A0094,148,90,1,False,148,蔓莓果,1:109,漩涡岛,hidden:1:109:2,"{""path"": ""maps_research/out/events/events.json"", ""json_pointer"": ""/maps/1:109/bg_events/2"", ""file_sha256"": ""e525183683453d3f2a889a3456fe6a11ef1b4bdd88c6bffba087faf27add2c6e""}",world/pages/maps/g01_n109.md
3,0x083B337C,0f000f000307000095005b01,15,15,3,7,hidden_item,0x015B0095,149,91,1,False,149,墨莓果,1:109,漩涡岛,hidden:1:109:3,"{""path"": ""maps_research/out/events/events.json"", ""json_pointer"": ""/maps/1:109/bg_events/3"", ""file_sha256"": ""e525183683453d3f2a889a3456fe6a11ef1b4bdd88c6bffba087faf27add2c6e""}",world/pages/maps/g01_n109.md
4,0x083B3388,190018000307000096005c01,25,24,3,7,hidden_item,0x015C0096,150,92,1,False,150,蕉香果,1:109,漩涡岛,hidden:1:109:4,"{""path"": ""maps_research/out/events/events.json"", ""json_pointer"": ""/maps/1:109/bg_events/4"", ""file_sha256"": ""e525183683453d3f2a889a3456fe6a11ef1b4bdd88c6bffba087faf27add2c6e""}",world/pages/maps/g01_n109.md
5,0x083B3394,0b0018000307000097005d01,11,24,3,7,hidden_item,0x015D0097,151,93,1,False,151,西梨果,1:109,漩涡岛,hidden:1:109:5,"{""path"": ""maps_research/out/events/events.json"", ""json_pointer"": ""/maps/1:109/bg_events/5"", ""file_sha256"": ""e525183683453d3f2a889a3456fe6a11ef1b4bdd88c6bffba087faf27add2c6e""}",world/pages/maps/g01_n109.md
6,0x083B33A0,25001200030700008b005e01,37,18,3,7,hidden_item,0x015E008B,139,94,1,False,139,橙橙果,1:109,漩涡岛,hidden:1:109:6,"{""path"": ""maps_research/out/events/events.json"", ""json_pointer"": ""/maps/1:109/bg_events/6"", ""file_sha256"": ""e525183683453d3f2a889a3456fe6a11ef1b4bdd88c6bffba087faf27add2c6e""}",world/pages/maps/g01_n109.md
7,0x083B33AC,0e0017000307000085005f01,14,23,3,7,hidden_item,0x015F0085,133,95,1,False,133,樱子果,1:109,漩涡岛,hidden:1:109:7,"{""path"": ""maps_research/out/events/events.json"", ""json_pointer"": ""/maps/1:109/bg_events/7"", ""file_sha256"": ""e525183683453d3f2a889a3456fe6a11ef1b4bdd88c6bffba087faf27add2c6e""}",world/pages/maps/g01_n109.md
8,0x083B33B8,2f0005000307000086006001,47,5,3,7,hidden_item,0x01600086,134,96,1,False,134,零余果,1:109,漩涡岛,hidden:1:109:8,"{""path"": ""maps_research/out/events/events.json"", ""json_pointer"": ""/maps/1:109/bg_events/8"", ""file_sha256"": ""e525183683453d3f2a889a3456fe6a11ef1b4bdd88c6bffba087faf27add2c6e""}",world/pages/maps/g01_n109.md
9,0x083B33C4,07001e000307000087006101,7,30,3,7,hidden_item,0x01610087,135,97,1,False,135,桃桃果,1:109,漩涡岛,hidden:1:109:9,"{""path"": ""maps_research/out/events/events.json"", ""json_pointer"": ""/maps/1:109/bg_events/9"", ""file_sha256"": ""e525183683453d3f2a889a3456fe6a11ef1b4bdd88c6bffba087faf27add2c6e""}",world/pages/maps/g01_n109.md
10,0x083B33D0,100005000307000088006201,16,5,3,7,hidden_item,0x01620088,136,98,1,False,136,莓莓果,1:109,漩涡岛,hidden:1:109:10,"{""path"": ""maps_research/out/events/events.json"", ""json_pointer"": ""/maps/1:109/bg_events/10"", ""file_sha256"": ""e525183683453d3f2a889a3456fe6a11ef1b4bdd88c6bffba087faf27add2c6e""}",world/pages/maps/g01_n109.md
11,0x083B33DC,190006000307000089006301,25,6,3,7,hidden_item,0x01630089,137,99,1,False,137,利木果,1:109,漩涡岛,hidden:1:109:11,"{""path"": ""maps_research/out/events/events.json"", ""json_pointer"": ""/maps/1:109/bg_events/11"", ""file_sha256"": ""e525183683453d3f2a889a3456fe6a11ef1b4bdd88c6bffba087faf27add2c6e""}",world/pages/maps/g01_n109.md
12,0x083B33E8,2e002000030700008c006401,46,32,3,7,hidden_item,0x0164008C,140,100,1,False,140,柿子果,1:109,漩涡岛,hidden:1:109:12,"{""path"": ""maps_research/out/events/events.json"", ""json_pointer"": ""/maps/1:109/bg_events/12"", ""file_sha256"": ""e525183683453d3f2a889a3456fe6a11ef1b4bdd88c6bffba087faf27add2c6e""}",world/pages/maps/g01_n109.md
13,0x083B33F4,2b0010000307000098006501,43,16,3,7,hidden_item,0x01650098,152,101,1,False,152,凰梨果,1:109,漩涡岛,hidden:1:109:13,"{""path"": ""maps_research/out/events/events.json"", ""json_pointer"": ""/maps/1:109/bg_events/13"", ""file_sha256"": ""e525183683453d3f2a889a3456fe6a11ef1b4bdd88c6bffba087faf27add2c6e""}",world/pages/maps/g01_n109.md
14,0x083B3400,08000500030700008d006601,8,5,3,7,hidden_item,0x0166008D,141,102,1,False,141,木子果,1:109,漩涡岛,hidden:1:109:14,"{""path"": ""maps_research/out/events/events.json"", ""json_pointer"": ""/maps/1:109/bg_events/14"", ""file_sha256"": ""e525183683453d3f2a889a3456fe6a11ef1b4bdd88c6bffba087faf27add2c6e""}",world/pages/maps/g01_n109.md
2,0x083B3708,1b0002000007000008004401,27,2,0,7,hidden_item,0x01440008,8,68,1,False,8,巢穴球,1:114,自然公园,hidden:1:114:2,"{""path"": ""maps_research/out/events/events.json"", ""json_pointer"": ""/maps/1:114/bg_events/2"", ""file_sha256"": ""e525183683453d3f2a889a3456fe6a11ef1b4bdd88c6bffba087faf27add2c6e""}",world/pages/maps/g01_n114.md
3,0x083B3714,070010000007000006004501,7,16,0,7,hidden_item,0x01450006,6,69,1,False,6,捕网球,1:114,自然公园,hidden:1:114:3,"{""path"": ""maps_research/out/events/events.json"", ""json_pointer"": ""/maps/1:114/bg_events/3"", ""file_sha256"": ""e525183683453d3f2a889a3456fe6a11ef1b4bdd88c6bffba087faf27add2c6e""}",world/pages/maps/g01_n114.md
1,0x08A123E8,02001500000700005e001f01,2,21,0,7,hidden_item,0x011F005E,94,31,1,False,94,月之石,1:121,桐树林,hidden:1:121:1,"{""path"": ""maps_research/out/events/events.json"", ""json_pointer"": ""/maps/1:121/bg_events/1"", ""file_sha256"": ""e525183683453d3f2a889a3456fe6a11ef1b4bdd88c6bffba087faf27add2c6e""}",world/pages/maps/g01_n121.md
3,0x08A12400,2a0028000007000067001301,42,40,0,7,hidden_item,0x01130067,103,19,1,False,103,小蘑菇,1:121,桐树林,hidden:1:121:3,"{""path"": ""maps_research/out/events/events.json"", ""json_pointer"": ""/maps/1:121/bg_events/3"", ""file_sha256"": ""e525183683453d3f2a889a3456fe6a11ef1b4bdd88c6bffba087faf27add2c6e""}",world/pages/maps/g01_n121.md
4,0x08A1240C,09001d00000700000e001401,9,29,0,7,hidden_item,0x0114000E,14,20,1,False,14,解毒药,1:121,桐树林,hidden:1:121:4,"{""path"": ""maps_research/out/events/events.json"", ""json_pointer"": ""/maps/1:121/bg_events/4"", ""file_sha256"": ""e525183683453d3f2a889a3456fe6a11ef1b4bdd88c6bffba087faf27add2c6e""}",world/pages/maps/g01_n121.md
5,0x08A12418,130012000007000056001501,19,18,0,7,hidden_item,0x01150056,86,21,1,False,86,除虫喷雾,1:121,桐树林,hidden:1:121:5,"{""path"": ""maps_research/out/events/events.json"", ""json_pointer"": ""/maps/1:121/bg_events/5"", ""file_sha256"": ""e525183683453d3f2a889a3456fe6a11ef1b4bdd88c6bffba087faf27add2c6e""}",world/pages/maps/g01_n121.md
6,0x08A12424,1b0012000007000016001601,27,18,0,7,hidden_item,0x01160016,22,22,1,False,22,好伤药,1:121,桐树林,hidden:1:121:6,"{""path"": ""maps_research/out/events/events.json"", ""json_pointer"": ""/maps/1:121/bg_events/6"", ""file_sha256"": ""e525183683453d3f2a889a3456fe6a11ef1b4bdd88c6bffba087faf27add2c6e""}",world/pages/maps/g01_n121.md
7,0x08A12430,1f000b000007000067001701,31,11,0,7,hidden_item,0x01170067,103,23,1,False,103,小蘑菇,1:121,桐树林,hidden:1:121:7,"{""path"": ""maps_research/out/events/events.json"", ""json_pointer"": ""/maps/1:121/bg_events/7"", ""file_sha256"": ""e525183683453d3f2a889a3456fe6a11ef1b4bdd88c6bffba087faf27add2c6e""}",world/pages/maps/g01_n121.md
8,0x08A1243C,1b0008000007000017001801,27,8,0,7,hidden_item,0x01180017,23,24,1,False,23,万灵药,1:121,桐树林,hidden:1:121:8,"{""path"": ""maps_research/out/events/events.json"", ""json_pointer"": ""/maps/1:121/bg_events/8"", ""file_sha256"": ""e525183683453d3f2a889a3456fe6a11ef1b4bdd88c6bffba087faf27add2c6e""}",world/pages/maps/g01_n121.md
9,0x08A12448,160009000007000025001901,22,9,0,7,hidden_item,0x01190025,37,25,1,False,37,PP多项全补剂,1:121,桐树林,hidden:1:121:9,"{""path"": ""maps_research/out/events/events.json"", ""json_pointer"": ""/maps/1:121/bg_events/9"", ""file_sha256"": ""e525183683453d3f2a889a3456fe6a11ef1b4bdd88c6bffba087faf27add2c6e""}",world/pages/maps/g01_n121.md
10,0x08A12454,290016000007000067001a01,41,22,0,7,hidden_item,0x011A0067,103,26,1,False,103,小蘑菇,1:121,桐树林,hidden:1:121:10,"{""path"": ""maps_research/out/events/events.json"", ""json_pointer"": ""/maps/1:121/bg_events/10"", ""file_sha256"": ""e525183683453d3f2a889a3456fe6a11ef1b4bdd88c6bffba087faf27add2c6e""}",world/pages/maps/g01_n121.md
11,0x08A12460,01001a000007000068001b01,1,26,0,7,hidden_item,0x011B0068,104,27,1,False,104,大蘑菇,1:121,桐树林,hidden:1:121:11,"{""path"": ""maps_research/out/events/events.json"", ""json_pointer"": ""/maps/1:121/bg_events/11"", ""file_sha256"": ""e525183683453d3f2a889a3456fe6a11ef1b4bdd88c6bffba087faf27add2c6e""}",world/pages/maps/g01_n121.md
0,0x08A19714,1c000a000007000016001101,28,10,0,7,hidden_item,0x01110016,22,17,1,False,22,好伤药,1:123,呆呆兽之井,hidden:1:123:0,"{""path"": ""maps_research/out/events/events.json"", ""json_pointer"": ""/maps/1:123/bg_events/0"", ""file_sha256"": ""e525183683453d3f2a889a3456fe6a11ef1b4bdd88c6bffba087faf27add2c6e""}",world/pages/maps/g01_n123.md
1,0x08A19720,12000e000007000019021201,18,14,0,7,hidden_item,0x01120219,537,18,1,False,537,经验糖果S,1:123,呆呆兽之井,hidden:1:123:1,"{""path"": ""maps_research/out/events/events.json"", ""json_pointer"": ""/maps/1:123/bg_events/1"", ""file_sha256"": ""e525183683453d3f2a889a3456fe6a11ef1b4bdd88c6bffba087faf27add2c6e""}",world/pages/maps/g01_n123.md
1,0x08B98298,050008000007000017003e01,5,8,0,7,hidden_item,0x013E0017,23,62,1,False,23,万灵药,1:124,自然公园,hidden:1:124:1,"{""path"": ""maps_research/out/events/events.json"", ""json_pointer"": ""/maps/1:124/bg_events/1"", ""file_sha256"": ""e525183683453d3f2a889a3456fe6a11ef1b4bdd88c6bffba087faf27add2c6e""}",world/pages/maps/g01_n124.md
2,0x08B982A4,0f0032000007000017003f01,15,50,0,7,hidden_item,0x013F0017,23,63,1,False,23,万灵药,1:124,自然公园,hidden:1:124:2,"{""path"": ""maps_research/out/events/events.json"", ""json_pointer"": ""/maps/1:124/bg_events/2"", ""file_sha256"": ""e525183683453d3f2a889a3456fe6a11ef1b4bdd88c6bffba087faf27add2c6e""}",world/pages/maps/g01_n124.md
0,0x08A150CC,110009000007000004000401,17,9,0,7,hidden_item,0x01040004,4,4,1,False,4,精灵球,1:125,黑暗洞穴,hidden:1:125:0,"{""path"": ""maps_research/out/events/events.json"", ""json_pointer"": ""/maps/1:125/bg_events/0"", ""file_sha256"": ""e525183683453d3f2a889a3456fe6a11ef1b4bdd88c6bffba087faf27add2c6e""}",world/pages/maps/g01_n125.md
1,0x08A150D8,370010000007000023000501,55,16,0,7,hidden_item,0x01050023,35,5,1,False,35,PP单项全补剂,1:125,黑暗洞穴,hidden:1:125:1,"{""path"": ""maps_research/out/events/events.json"", ""json_pointer"": ""/maps/1:125/bg_events/1"", ""file_sha256"": ""e525183683453d3f2a889a3456fe6a11ef1b4bdd88c6bffba087faf27add2c6e""}",world/pages/maps/g01_n125.md
0,0x08A14168,2f000f000007000024008501,47,15,0,7,hidden_item,0x01850024,36,133,1,False,36,PP多项小补剂,1:126,黑暗洞穴,hidden:1:126:0,"{""path"": ""maps_research/out/events/events.json"", ""json_pointer"": ""/maps/1:126/bg_events/0"", ""file_sha256"": ""e525183683453d3f2a889a3456fe6a11ef1b4bdd88c6bffba087faf27add2c6e""}",world/pages/maps/g01_n126.md
1,0x08A14174,0f0008000007000019008601,15,8,0,7,hidden_item,0x01860019,25,134,1,False,25,活力块,1:126,黑暗洞穴,hidden:1:126:1,"{""path"": ""maps_research/out/events/events.json"", ""json_pointer"": ""/maps/1:126/bg_events/1"", ""file_sha256"": ""e525183683453d3f2a889a3456fe6a11ef1b4bdd88c6bffba087faf27add2c6e""}",world/pages/maps/g01_n126.md
2,0x08A14180,09002a000007000015008701,9,42,0,7,hidden_item,0x01870015,21,135,1,False,21,厉害伤药,1:126,黑暗洞穴,hidden:1:126:2,"{""path"": ""maps_research/out/events/events.json"", ""json_pointer"": ""/maps/1:126/bg_events/2"", ""file_sha256"": ""e525183683453d3f2a889a3456fe6a11ef1b4bdd88c6bffba087faf27add2c6e""}",world/pages/maps/g01_n126.md
0,0x083B477C,15000300000700006e00a301,21,3,0,7,hidden_item,0x01A3006E,110,163,1,False,110,金珠,2:34,铃音小道,hidden:2:34:0,"{""path"": ""maps_research/out/events/events.json"", ""json_pointer"": ""/maps/2:34/bg_events/0"", ""file_sha256"": ""e525183683453d3f2a889a3456fe6a11ef1b4bdd88c6bffba087faf27add2c6e""}",world/pages/maps/g02_n034.md
0,0x083B4924,09000b00030700002d00a081,9,11,3,7,hidden_item,0x81A0002D,45,160,1,True,45,圣灰,2:37,毁坏的世界,hidden:2:37:0,"{""path"": ""maps_research/out/events/events.json"", ""json_pointer"": ""/maps/2:37/bg_events/0"", ""file_sha256"": ""e525183683453d3f2a889a3456fe6a11ef1b4bdd88c6bffba087faf27add2c6e""}",world/pages/maps/g02_n037.md
5,0x083B5180,0a0006000307000004007001,10,6,3,7,hidden_item,0x01700004,4,112,1,False,4,精灵球,3:2,尼比市,hidden:3:2:5,"{""path"": ""maps_research/out/events/events.json"", ""json_pointer"": ""/maps/3:2/bg_events/5"", ""file_sha256"": ""e525183683453d3f2a889a3456fe6a11ef1b4bdd88c6bffba087faf27add2c6e""}",world/pages/maps/g03_n002.md
4,0x083B53B0,140009000307000044003101,20,9,3,7,hidden_item,0x01310044,68,49,1,False,68,神奇糖果,3:3,华蓝市,hidden:3:3:4,"{""path"": ""maps_research/out/events/events.json"", ""json_pointer"": ""/maps/3:3/bg_events/4"", ""file_sha256"": ""e525183683453d3f2a889a3456fe6a11ef1b4bdd88c6bffba087faf27add2c6e""}",world/pages/maps/g03_n003.md
5,0x087C2694,000000000307000023003001,0,0,3,7,hidden_item,0x01300023,35,48,1,False,35,PP单项全补剂,3:5,枯叶市,hidden:3:5:5,"{""path"": ""maps_research/out/events/events.json"", ""json_pointer"": ""/maps/3:5/bg_events/5"", ""file_sha256"": ""e525183683453d3f2a889a3456fe6a11ef1b4bdd88c6bffba087faf27add2c6e""}",world/pages/maps/g03_n005.md
8,0x083B588C,370014000307000045002f01,55,20,3,7,hidden_item,0x012F0045,69,47,1,False,69,PP提升剂,3:6,玉虹市,hidden:3:6:8,"{""path"": ""maps_research/out/events/events.json"", ""json_pointer"": ""/maps/3:6/bg_events/8"", ""file_sha256"": ""e525183683453d3f2a889a3456fe6a11ef1b4bdd88c6bffba087faf27add2c6e""}",world/pages/maps/g03_n006.md
11,0x083B5B08,21001a000307000019008501,33,26,3,7,hidden_item,0x01850019,25,133,1,False,25,活力块,3:7,浅红市,hidden:3:7:11,"{""path"": ""maps_research/out/events/events.json"", ""json_pointer"": ""/maps/3:7/bg_events/11"", ""file_sha256"": ""e525183683453d3f2a889a3456fe6a11ef1b4bdd88c6bffba087faf27add2c6e""}",world/pages/maps/g03_n007.md
1,0x083B62BC,05000d00030700004500a401,5,13,3,7,hidden_item,0x01A40045,69,164,1,False,69,PP提升剂,3:14,桔梗市,hidden:3:14:1,"{""path"": ""maps_research/out/events/events.json"", ""json_pointer"": ""/maps/3:14/bg_events/1"", ""file_sha256"": ""e525183683453d3f2a889a3456fe6a11ef1b4bdd88c6bffba087faf27add2c6e""}",world/pages/maps/g03_n014.md
1,0x083B6448,16002200030700006a00a801,22,34,3,7,hidden_item,0x01A8006A,106,168,1,False,106,珍珠,3:15,桧皮镇,hidden:3:15:1,"{""path"": ""maps_research/out/events/events.json"", ""json_pointer"": ""/maps/3:15/bg_events/1"", ""file_sha256"": ""e525183683453d3f2a889a3456fe6a11ef1b4bdd88c6bffba087faf27add2c6e""}",world/pages/maps/g03_n015.md
2,0x083B6454,06001500030700000200a901,6,21,3,7,hidden_item,0x01A90002,2,169,1,False,2,高级球,3:15,桧皮镇,hidden:3:15:2,"{""path"": ""maps_research/out/events/events.json"", ""json_pointer"": ""/maps/3:15/bg_events/2"", ""file_sha256"": ""e525183683453d3f2a889a3456fe6a11ef1b4bdd88c6bffba087faf27add2c6e""}",world/pages/maps/g03_n015.md
1,0x083B65EC,09000700030700008a00b801,9,7,3,7,hidden_item,0x01B8008A,138,184,1,False,138,苹野果,3:18,浅葱市,hidden:3:18:1,"{""path"": ""maps_research/out/events/events.json"", ""json_pointer"": ""/maps/3:18/bg_events/1"", ""file_sha256"": ""e525183683453d3f2a889a3456fe6a11ef1b4bdd88c6bffba087faf27add2c6e""}",world/pages/maps/g03_n018.md
1,0x083B6864,17000800030700008b007101,23,8,3,7,hidden_item,0x0171008B,139,113,1,False,139,橙橙果,3:21,3号公路,hidden:3:21:1,"{""path"": ""maps_research/out/events/events.json"", ""json_pointer"": ""/maps/3:21/bg_events/1"", ""file_sha256"": ""e525183683453d3f2a889a3456fe6a11ef1b4bdd88c6bffba087faf27add2c6e""}",world/pages/maps/g03_n021.md
2,0x083B695C,2b0002000307000003003201,43,2,3,7,hidden_item,0x01320003,3,50,1,False,3,超级球,3:22,4号公路,hidden:3:22:2,"{""path"": ""maps_research/out/events/events.json"", ""json_pointer"": ""/maps/3:22/bg_events/2"", ""file_sha256"": ""e525183683453d3f2a889a3456fe6a11ef1b4bdd88c6bffba087faf27add2c6e""}",world/pages/maps/g03_n022.md
3,0x083B6968,05000400030700008c007201,5,4,3,7,hidden_item,0x0172008C,140,114,1,False,140,柿子果,3:22,4号公路,hidden:3:22:3,"{""path"": ""maps_research/out/events/events.json"", ""json_pointer"": ""/maps/3:22/bg_events/3"", ""file_sha256"": ""e525183683453d3f2a889a3456fe6a11ef1b4bdd88c6bffba087faf27add2c6e""}",world/pages/maps/g03_n022.md
4,0x083B6974,430011000307000094009c01,67,17,3,7,hidden_item,0x019C0094,148,156,1,False,148,蔓莓果,3:22,4号公路,hidden:3:22:4,"{""path"": ""maps_research/out/events/events.json"", ""json_pointer"": ""/maps/3:22/bg_events/4"", ""file_sha256"": ""e525183683453d3f2a889a3456fe6a11ef1b4bdd88c6bffba087faf27add2c6e""}",world/pages/maps/g03_n022.md
1,0x083B6A88,1e000500030700008e007601,30,5,3,7,hidden_item,0x0176008E,142,118,1,False,142,文柚果,3:24,6号公路,hidden:3:24:1,"{""path"": ""maps_research/out/events/events.json"", ""json_pointer"": ""/maps/3:24/bg_events/1"", ""file_sha256"": ""e525183683453d3f2a889a3456fe6a11ef1b4bdd88c6bffba087faf27add2c6e""}",world/pages/maps/g03_n024.md
2,0x083B6A94,1a0009000307000044007701,26,9,3,7,hidden_item,0x01770044,68,119,1,False,68,神奇糖果,3:24,6号公路,hidden:3:24:2,"{""path"": ""maps_research/out/events/events.json"", ""json_pointer"": ""/maps/3:24/bg_events/2"", ""file_sha256"": ""e525183683453d3f2a889a3456fe6a11ef1b4bdd88c6bffba087faf27add2c6e""}",world/pages/maps/g03_n024.md
1,0x083B6AE8,110006000307000097009801,17,6,3,7,hidden_item,0x01980097,151,152,1,False,151,西梨果,3:25,7号公路,hidden:3:25:1,"{""path"": ""maps_research/out/events/events.json"", ""json_pointer"": ""/maps/3:25/bg_events/1"", ""file_sha256"": ""e525183683453d3f2a889a3456fe6a11ef1b4bdd88c6bffba087faf27add2c6e""}",world/pages/maps/g03_n025.md
1,0x083B6C8C,2a000a000307000088007f01,42,10,3,7,hidden_item,0x017F0088,136,127,1,False,136,莓莓果,3:26,8号公路,hidden:3:26:1,"{""path"": ""maps_research/out/events/events.json"", ""json_pointer"": ""/maps/3:26/bg_events/1"", ""file_sha256"": ""e525183683453d3f2a889a3456fe6a11ef1b4bdd88c6bffba087faf27add2c6e""}",world/pages/maps/g03_n026.md
2,0x083B6C98,26000b00030700008d008001,38,11,3,7,hidden_item,0x0180008D,141,128,1,False,141,木子果,3:26,8号公路,hidden:3:26:2,"{""path"": ""maps_research/out/events/events.json"", ""json_pointer"": ""/maps/3:26/bg_events/2"", ""file_sha256"": ""e525183683453d3f2a889a3456fe6a11ef1b4bdd88c6bffba087faf27add2c6e""}",world/pages/maps/g03_n026.md
3,0x083B6CA4,2a000f00030700008a008101,42,15,3,7,hidden_item,0x0181008A,138,129,1,False,138,苹野果,3:26,8号公路,hidden:3:26:3,"{""path"": ""maps_research/out/events/events.json"", ""json_pointer"": ""/maps/3:26/bg_events/3"", ""file_sha256"": ""e525183683453d3f2a889a3456fe6a11ef1b4bdd88c6bffba087faf27add2c6e""}",world/pages/maps/g03_n026.md
1,0x083B6DF0,0f0007000007000022000601,15,7,0,7,hidden_item,0x01060022,34,6,1,False,34,PP单项小补剂,3:27,9号公路,hidden:3:27:1,"{""path"": ""maps_research/out/events/events.json"", ""json_pointer"": ""/maps/3:27/bg_events/1"", ""file_sha256"": ""e525183683453d3f2a889a3456fe6a11ef1b4bdd88c6bffba087faf27add2c6e""}",world/pages/maps/g03_n027.md
2,0x083B6DFC,3f0002000307000044007b01,63,2,3,7,hidden_item,0x017B0044,68,123,1,False,68,神奇糖果,3:27,9号公路,hidden:3:27:2,"{""path"": ""maps_research/out/events/events.json"", ""json_pointer"": ""/maps/3:27/bg_events/2"", ""file_sha256"": ""e525183683453d3f2a889a3456fe6a11ef1b4bdd88c6bffba087faf27add2c6e""}",world/pages/maps/g03_n027.md
3,0x083B6E08,300002000307000086009601,48,2,3,7,hidden_item,0x01960086,134,150,1,False,134,零余果,3:27,9号公路,hidden:3:27:3,"{""path"": ""maps_research/out/events/events.json"", ""json_pointer"": ""/maps/3:27/bg_events/3"", ""file_sha256"": ""e525183683453d3f2a889a3456fe6a11ef1b4bdd88c6bffba087faf27add2c6e""}",world/pages/maps/g03_n027.md
3,0x083B6F64,080017000007000016000901,8,23,0,7,hidden_item,0x01090016,22,9,1,False,22,好伤药,3:28,10号公路,hidden:3:28:3,"{""path"": ""maps_research/out/events/events.json"", ""json_pointer"": ""/maps/3:28/bg_events/3"", ""file_sha256"": ""e525183683453d3f2a889a3456fe6a11ef1b4bdd88c6bffba087faf27add2c6e""}",world/pages/maps/g03_n028.md
4,0x083B6F70,0c0028000307000023000a01,12,40,3,7,hidden_item,0x010A0023,35,10,1,False,35,PP单项全补剂,3:28,10号公路,hidden:3:28:4,"{""path"": ""maps_research/out/events/events.json"", ""json_pointer"": ""/maps/3:28/bg_events/4"", ""file_sha256"": ""e525183683453d3f2a889a3456fe6a11ef1b4bdd88c6bffba087faf27add2c6e""}",world/pages/maps/g03_n028.md
5,0x083B6F7C,06001a000307000085007e01,6,26,3,7,hidden_item,0x017E0085,133,126,1,False,133,樱子果,3:28,10号公路,hidden:3:28:5,"{""path"": ""maps_research/out/events/events.json"", ""json_pointer"": ""/maps/3:28/bg_events/5"", ""file_sha256"": ""e525183683453d3f2a889a3456fe6a11ef1b4bdd88c6bffba087faf27add2c6e""}",world/pages/maps/g03_n028.md
6,0x083B6F88,11001d00030700008c007d01,17,29,3,7,hidden_item,0x017D008C,140,125,1,False,140,柿子果,3:28,10号公路,hidden:3:28:6,"{""path"": ""maps_research/out/events/events.json"", ""json_pointer"": ""/maps/3:28/bg_events/6"", ""file_sha256"": ""e525183683453d3f2a889a3456fe6a11ef1b4bdd88c6bffba087faf27add2c6e""}",world/pages/maps/g03_n028.md
7,0x083B6F94,15003c000307000096009701,21,60,3,7,hidden_item,0x01970096,150,151,1,False,150,蕉香果,3:28,10号公路,hidden:3:28:7,"{""path"": ""maps_research/out/events/events.json"", ""json_pointer"": ""/maps/3:28/bg_events/7"", ""file_sha256"": ""e525183683453d3f2a889a3456fe6a11ef1b4bdd88c6bffba087faf27add2c6e""}",world/pages/maps/g03_n028.md
1,0x083B7110,3a0005000007000055002901,58,5,0,7,hidden_item,0x01290055,85,41,1,False,85,离洞绳,3:29,11号公路,hidden:3:29:1,"{""path"": ""maps_research/out/events/events.json"", ""json_pointer"": ""/maps/3:29/bg_events/1"", ""file_sha256"": ""e525183683453d3f2a889a3456fe6a11ef1b4bdd88c6bffba087faf27add2c6e""}",world/pages/maps/g03_n029.md
2,0x083B72B8,120039000307000015002a01,18,57,3,7,hidden_item,0x012A0015,21,42,1,False,21,厉害伤药,3:30,12号公路,hidden:3:30:2,"{""path"": ""maps_research/out/events/events.json"", ""json_pointer"": ""/maps/3:30/bg_events/2"", ""file_sha256"": ""e525183683453d3f2a889a3456fe6a11ef1b4bdd88c6bffba087faf27add2c6e""}",world/pages/maps/g03_n030.md
3,0x083B72C4,0e00460003070000c8008381,14,70,3,7,hidden_item,0x818300C8,200,131,1,True,200,吃剩的东西,3:30,12号公路,hidden:3:30:3,"{""path"": ""maps_research/out/events/events.json"", ""json_pointer"": ""/maps/3:30/bg_events/3"", ""file_sha256"": ""e525183683453d3f2a889a3456fe6a11ef1b4bdd88c6bffba087faf27add2c6e""}",world/pages/maps/g03_n030.md
4,0x083B72D0,090074000307000044008201,9,116,3,7,hidden_item,0x01820044,68,130,1,False,68,神奇糖果,3:30,12号公路,hidden:3:30:4,"{""path"": ""maps_research/out/events/events.json"", ""json_pointer"": ""/maps/3:30/bg_events/4"", ""file_sha256"": ""e525183683453d3f2a889a3456fe6a11ef1b4bdd88c6bffba087faf27add2c6e""}",world/pages/maps/g03_n030.md
3,0x083B741C,17000e000307000045000f01,23,14,3,7,hidden_item,0x010F0045,69,15,1,False,69,PP提升剂,3:31,13号公路,hidden:3:31:3,"{""path"": ""maps_research/out/events/events.json"", ""json_pointer"": ""/maps/3:31/bg_events/3"", ""file_sha256"": ""e525183683453d3f2a889a3456fe6a11ef1b4bdd88c6bffba087faf27add2c6e""}",world/pages/maps/g03_n031.md
1,0x083B75B0,090014000307000046009501,9,20,3,7,hidden_item,0x01950046,70,149,1,False,70,特防增强剂,3:32,14号公路,hidden:3:32:1,"{""path"": ""maps_research/out/events/events.json"", ""json_pointer"": ""/maps/3:32/bg_events/1"", ""file_sha256"": ""e525183683453d3f2a889a3456fe6a11ef1b4bdd88c6bffba087faf27add2c6e""}",world/pages/maps/g03_n032.md
2,0x083B75BC,130035000307000098009d01,19,53,3,7,hidden_item,0x019D0098,152,157,1,False,152,凰梨果,3:32,14号公路,hidden:3:32:2,"{""path"": ""maps_research/out/events/events.json"", ""json_pointer"": ""/maps/3:32/bg_events/2"", ""file_sha256"": ""e525183683453d3f2a889a3456fe6a11ef1b4bdd88c6bffba087faf27add2c6e""}",world/pages/maps/g03_n032.md
2,0x083B788C,1f000d0003070000c8008481,31,13,3,7,hidden_item,0x818400C8,200,132,1,True,200,吃剩的东西,3:34,16号公路,hidden:3:34:2,"{""path"": ""maps_research/out/events/events.json"", ""json_pointer"": ""/maps/3:34/bg_events/2"", ""file_sha256"": ""e525183683453d3f2a889a3456fe6a11ef1b4bdd88c6bffba087faf27add2c6e""}",world/pages/maps/g03_n034.md
6,0x083B79E4,120053000307000044001101,18,83,3,7,hidden_item,0x01110044,68,17,1,False,68,神奇糖果,3:35,17号公路,hidden:3:35:6,"{""path"": ""maps_research/out/events/events.json"", ""json_pointer"": ""/maps/3:35/bg_events/6"", ""file_sha256"": ""e525183683453d3f2a889a3456fe6a11ef1b4bdd88c6bffba087faf27add2c6e""}",world/pages/maps/g03_n035.md
7,0x083B79F0,0a0035000307000013001201,10,53,3,7,hidden_item,0x01120013,19,18,1,False,19,全复药,3:35,17号公路,hidden:3:35:7,"{""path"": ""maps_research/out/events/events.json"", ""json_pointer"": ""/maps/3:35/bg_events/7"", ""file_sha256"": ""e525183683453d3f2a889a3456fe6a11ef1b4bdd88c6bffba087faf27add2c6e""}",world/pages/maps/g03_n035.md
8,0x083B79FC,040044000307000045001301,4,68,3,7,hidden_item,0x01130045,69,19,1,False,69,PP提升剂,3:35,17号公路,hidden:3:35:8,"{""path"": ""maps_research/out/events/events.json"", ""json_pointer"": ""/maps/3:35/bg_events/8"", ""file_sha256"": ""e525183683453d3f2a889a3456fe6a11ef1b4bdd88c6bffba087faf27add2c6e""}",world/pages/maps/g03_n035.md
9,0x083B7A08,04007d000307000019001401,4,125,3,7,hidden_item,0x01140019,25,20,1,False,25,活力块,3:35,17号公路,hidden:3:35:9,"{""path"": ""maps_research/out/events/events.json"", ""json_pointer"": ""/maps/3:35/bg_events/9"", ""file_sha256"": ""e525183683453d3f2a889a3456fe6a11ef1b4bdd88c6bffba087faf27add2c6e""}",world/pages/maps/g03_n035.md
10,0x083B7A14,080099000307000025001501,8,153,3,7,hidden_item,0x01150025,37,21,1,False,37,PP多项全补剂,3:35,17号公路,hidden:3:35:10,"{""path"": ""maps_research/out/events/events.json"", ""json_pointer"": ""/maps/3:35/bg_events/10"", ""file_sha256"": ""e525183683453d3f2a889a3456fe6a11ef1b4bdd88c6bffba087faf27add2c6e""}",world/pages/maps/g03_n035.md
2,0x083B7D28,17000600030700006c009901,23,6,3,7,hidden_item,0x0199006C,108,153,1,False,108,星星沙子,3:38,20号航道,hidden:3:38:2,"{""path"": ""maps_research/out/events/events.json"", ""json_pointer"": ""/maps/3:38/bg_events/2"", ""file_sha256"": ""e525183683453d3f2a889a3456fe6a11ef1b4bdd88c6bffba087faf27add2c6e""}",world/pages/maps/g03_n038.md
0,0x083B7DD8,11002a00030700006a009a01,17,42,3,7,hidden_item,0x019A006A,106,154,1,False,106,珍珠,3:39,21号航道,hidden:3:39:0,"{""path"": ""maps_research/out/events/events.json"", ""json_pointer"": ""/maps/3:39/bg_events/0"", ""file_sha256"": ""e525183683453d3f2a889a3456fe6a11ef1b4bdd88c6bffba087faf27add2c6e""}",world/pages/maps/g03_n039.md
0,0x087C0EF8,13002a000007000080023301,19,42,0,7,hidden_item,0x01330280,640,51,1,False,640,金色王冠,3:42,23号公路,hidden:3:42:0,"{""path"": ""maps_research/out/events/events.json"", ""json_pointer"": ""/maps/3:42/bg_events/0"", ""file_sha256"": ""e525183683453d3f2a889a3456fe6a11ef1b4bdd88c6bffba087faf27add2c6e""}",world/pages/maps/g03_n042.md
1,0x087C0F04,14008600000700007f023201,20,134,0,7,hidden_item,0x0132027F,639,50,1,False,639,银色王冠,3:42,23号公路,hidden:3:42:1,"{""path"": ""maps_research/out/events/events.json"", ""json_pointer"": ""/maps/3:42/bg_events/1"", ""file_sha256"": ""e525183683453d3f2a889a3456fe6a11ef1b4bdd88c6bffba087faf27add2c6e""}",world/pages/maps/g03_n042.md
2,0x087C0F10,090068000007000044003401,9,104,0,7,hidden_item,0x01340044,68,52,1,False,68,神奇糖果,3:42,23号公路,hidden:3:42:2,"{""path"": ""maps_research/out/events/events.json"", ""json_pointer"": ""/maps/3:42/bg_events/2"", ""file_sha256"": ""e525183683453d3f2a889a3456fe6a11ef1b4bdd88c6bffba087faf27add2c6e""}",world/pages/maps/g03_n042.md
0,0x083B83F4,130004000307000087007301,19,4,3,7,hidden_item,0x01730087,135,115,1,False,135,桃桃果,3:43,24号公路,hidden:3:43:0,"{""path"": ""maps_research/out/events/events.json"", ""json_pointer"": ""/maps/3:43/bg_events/0"", ""file_sha256"": ""e525183683453d3f2a889a3456fe6a11ef1b4bdd88c6bffba087faf27add2c6e""}",world/pages/maps/g03_n043.md
1,0x083B8560,0e0002000307000024000401,14,2,3,7,hidden_item,0x01040024,36,4,1,False,36,PP多项小补剂,3:44,25号公路,hidden:3:44:1,"{""path"": ""maps_research/out/events/events.json"", ""json_pointer"": ""/maps/3:44/bg_events/1"", ""file_sha256"": ""e525183683453d3f2a889a3456fe6a11ef1b4bdd88c6bffba087faf27add2c6e""}",world/pages/maps/g03_n044.md
2,0x083B856C,370006000307000022000501,55,6,3,7,hidden_item,0x01050022,34,5,1,False,34,PP单项小补剂,3:44,25号公路,hidden:3:44:2,"{""path"": ""maps_research/out/events/events.json"", ""json_pointer"": ""/maps/3:44/bg_events/2"", ""file_sha256"": ""e525183683453d3f2a889a3456fe6a11ef1b4bdd88c6bffba087faf27add2c6e""}",world/pages/maps/g03_n044.md
3,0x083B8578,21000700030700008b007401,33,7,3,7,hidden_item,0x0174008B,139,116,1,False,139,橙橙果,3:44,25号公路,hidden:3:44:3,"{""path"": ""maps_research/out/events/events.json"", ""json_pointer"": ""/maps/3:44/bg_events/3"", ""file_sha256"": ""e525183683453d3f2a889a3456fe6a11ef1b4bdd88c6bffba087faf27add2c6e""}",world/pages/maps/g03_n044.md
4,0x083B8584,280003000307000095007501,40,3,3,7,hidden_item,0x01750095,149,117,1,False,149,墨莓果,3:44,25号公路,hidden:3:44:4,"{""path"": ""maps_research/out/events/events.json"", ""json_pointer"": ""/maps/3:44/bg_events/4"", ""file_sha256"": ""e525183683453d3f2a889a3456fe6a11ef1b4bdd88c6bffba087faf27add2c6e""}",world/pages/maps/g03_n044.md
0,0x083B88D0,01000300030700006c006701,1,3,3,7,hidden_item,0x0167006C,108,103,1,False,108,星星沙子,3:46,34号道路,hidden:3:46:0,"{""path"": ""maps_research/out/events/events.json"", ""json_pointer"": ""/maps/3:46/bg_events/0"", ""file_sha256"": ""e525183683453d3f2a889a3456fe6a11ef1b4bdd88c6bffba087faf27add2c6e""}",world/pages/maps/g03_n046.md
1,0x083B88DC,01000300030700006c006801,1,3,3,7,hidden_item,0x0168006C,108,104,1,False,108,星星沙子,3:46,34号道路,hidden:3:46:1,"{""path"": ""maps_research/out/events/events.json"", ""json_pointer"": ""/maps/3:46/bg_events/1"", ""file_sha256"": ""e525183683453d3f2a889a3456fe6a11ef1b4bdd88c6bffba087faf27add2c6e""}",world/pages/maps/g03_n046.md
2,0x083B88E8,01000300030700006a006901,1,3,3,7,hidden_item,0x0169006A,106,105,1,False,106,珍珠,3:46,34号道路,hidden:3:46:2,"{""path"": ""maps_research/out/events/events.json"", ""json_pointer"": ""/maps/3:46/bg_events/2"", ""file_sha256"": ""e525183683453d3f2a889a3456fe6a11ef1b4bdd88c6bffba087faf27add2c6e""}",world/pages/maps/g03_n046.md
3,0x083B88F4,01000300030700006a006a01,1,3,3,7,hidden_item,0x016A006A,106,106,1,False,106,珍珠,3:46,34号道路,hidden:3:46:3,"{""path"": ""maps_research/out/events/events.json"", ""json_pointer"": ""/maps/3:46/bg_events/3"", ""file_sha256"": ""e525183683453d3f2a889a3456fe6a11ef1b4bdd88c6bffba087faf27add2c6e""}",world/pages/maps/g03_n046.md
4,0x083B8900,010003000307000002006b01,1,3,3,7,hidden_item,0x016B0002,2,107,1,False,2,高级球,3:46,34号道路,hidden:3:46:4,"{""path"": ""maps_research/out/events/events.json"", ""json_pointer"": ""/maps/3:46/bg_events/4"", ""file_sha256"": ""e525183683453d3f2a889a3456fe6a11ef1b4bdd88c6bffba087faf27add2c6e""}",world/pages/maps/g03_n046.md
5,0x083B890C,010003000307000002006c01,1,3,3,7,hidden_item,0x016C0002,2,108,1,False,2,高级球,3:46,34号道路,hidden:3:46:5,"{""path"": ""maps_research/out/events/events.json"", ""json_pointer"": ""/maps/3:46/bg_events/5"", ""file_sha256"": ""e525183683453d3f2a889a3456fe6a11ef1b4bdd88c6bffba087faf27add2c6e""}",world/pages/maps/g03_n046.md
6,0x083B8918,01000300030700006d006d01,1,3,3,7,hidden_item,0x016D006D,109,109,1,False,109,星星碎片,3:46,34号道路,hidden:3:46:6,"{""path"": ""maps_research/out/events/events.json"", ""json_pointer"": ""/maps/3:46/bg_events/6"", ""file_sha256"": ""e525183683453d3f2a889a3456fe6a11ef1b4bdd88c6bffba087faf27add2c6e""}",world/pages/maps/g03_n046.md
7,0x083B8924,01000300030700006b006e01,1,3,3,7,hidden_item,0x016E006B,107,110,1,False,107,大珍珠,3:46,34号道路,hidden:3:46:7,"{""path"": ""maps_research/out/events/events.json"", ""json_pointer"": ""/maps/3:46/bg_events/7"", ""file_sha256"": ""e525183683453d3f2a889a3456fe6a11ef1b4bdd88c6bffba087faf27add2c6e""}",world/pages/maps/g03_n046.md
0,0x08A0C3D8,14000500030700004700a181,20,5,3,7,hidden_item,0x81A10047,71,161,1,True,71,PP极限提升剂,3:47,34号道路,hidden:3:47:0,"{""path"": ""maps_research/out/events/events.json"", ""json_pointer"": ""/maps/3:47/bg_events/0"", ""file_sha256"": ""e525183683453d3f2a889a3456fe6a11ef1b4bdd88c6bffba087faf27add2c6e""}",world/pages/maps/g03_n047.md
1,0x08A0C3E4,140004000307000044006f01,20,4,3,7,hidden_item,0x016F0044,68,111,1,False,68,神奇糖果,3:47,34号道路,hidden:3:47:1,"{""path"": ""maps_research/out/events/events.json"", ""json_pointer"": ""/maps/3:47/bg_events/1"", ""file_sha256"": ""e525183683453d3f2a889a3456fe6a11ef1b4bdd88c6bffba087faf27add2c6e""}",world/pages/maps/g03_n047.md
1,0x083B8A6C,3d000500000700005400a501,61,5,0,7,hidden_item,0x01A50054,84,165,1,False,84,黄金喷雾,3:48,绊桥,hidden:3:48:1,"{""path"": ""maps_research/out/events/events.json"", ""json_pointer"": ""/maps/3:48/bg_events/1"", ""file_sha256"": ""e525183683453d3f2a889a3456fe6a11ef1b4bdd88c6bffba087faf27add2c6e""}",world/pages/maps/g03_n048.md
2,0x083B8A78,2c000c00030700006a00a601,44,12,3,7,hidden_item,0x01A6006A,106,166,1,False,106,珍珠,3:48,绊桥,hidden:3:48:2,"{""path"": ""maps_research/out/events/events.json"", ""json_pointer"": ""/maps/3:48/bg_events/2"", ""file_sha256"": ""e525183683453d3f2a889a3456fe6a11ef1b4bdd88c6bffba087faf27add2c6e""}",world/pages/maps/g03_n048.md
3,0x083B8A84,21000700030700006c00a701,33,7,3,7,hidden_item,0x01A7006C,108,167,1,False,108,星星沙子,3:48,绊桥,hidden:3:48:3,"{""path"": ""maps_research/out/events/events.json"", ""json_pointer"": ""/maps/3:48/bg_events/3"", ""file_sha256"": ""e525183683453d3f2a889a3456fe6a11ef1b4bdd88c6bffba087faf27add2c6e""}",world/pages/maps/g03_n048.md
0,0x083B8C44,0a000700030700000800ae01,10,7,3,7,hidden_item,0x01AE0008,8,174,1,False,8,巢穴球,3:54,34号道路,hidden:3:54:0,"{""path"": ""maps_research/out/events/events.json"", ""json_pointer"": ""/maps/3:54/bg_events/0"", ""file_sha256"": ""e525183683453d3f2a889a3456fe6a11ef1b4bdd88c6bffba087faf27add2c6e""}",world/pages/maps/g03_n054.md
1,0x083B8C50,1b000b00030700006c00af01,27,11,3,7,hidden_item,0x01AF006C,108,175,1,False,108,星星沙子,3:54,34号道路,hidden:3:54:1,"{""path"": ""maps_research/out/events/events.json"", ""json_pointer"": ""/maps/3:54/bg_events/1"", ""file_sha256"": ""e525183683453d3f2a889a3456fe6a11ef1b4bdd88c6bffba087faf27add2c6e""}",world/pages/maps/g03_n054.md
2,0x083B8C5C,28000c00030700006d00b001,40,12,3,7,hidden_item,0x01B0006D,109,176,1,False,109,星星碎片,3:54,34号道路,hidden:3:54:2,"{""path"": ""maps_research/out/events/events.json"", ""json_pointer"": ""/maps/3:54/bg_events/2"", ""file_sha256"": ""e525183683453d3f2a889a3456fe6a11ef1b4bdd88c6bffba087faf27add2c6e""}",world/pages/maps/g03_n054.md
3,0x083B8C68,1b000500030700006c00b101,27,5,3,7,hidden_item,0x01B1006C,108,177,1,False,108,星星沙子,3:54,34号道路,hidden:3:54:3,"{""path"": ""maps_research/out/events/events.json"", ""json_pointer"": ""/maps/3:54/bg_events/3"", ""file_sha256"": ""e525183683453d3f2a889a3456fe6a11ef1b4bdd88c6bffba087faf27add2c6e""}",world/pages/maps/g03_n054.md
1,0x083B8E2C,08003400030700006b00aa01,8,52,3,7,hidden_item,0x01AA006B,107,170,1,False,107,大珍珠,3:57,37号道路,hidden:3:57:1,"{""path"": ""maps_research/out/events/events.json"", ""json_pointer"": ""/maps/3:57/bg_events/1"", ""file_sha256"": ""e525183683453d3f2a889a3456fe6a11ef1b4bdd88c6bffba087faf27add2c6e""}",world/pages/maps/g03_n057.md
2,0x083B8E38,0f000700030700009400ab01,15,7,3,7,hidden_item,0x01AB0094,148,171,1,False,148,蔓莓果,3:57,37号道路,hidden:3:57:2,"{""path"": ""maps_research/out/events/events.json"", ""json_pointer"": ""/maps/3:57/bg_events/2"", ""file_sha256"": ""e525183683453d3f2a889a3456fe6a11ef1b4bdd88c6bffba087faf27add2c6e""}",world/pages/maps/g03_n057.md
3,0x083B8E44,11001600030700008e00ac01,17,22,3,7,hidden_item,0x01AC008E,142,172,1,False,142,文柚果,3:57,37号道路,hidden:3:57:3,"{""path"": ""maps_research/out/events/events.json"", ""json_pointer"": ""/maps/3:57/bg_events/3"", ""file_sha256"": ""e525183683453d3f2a889a3456fe6a11ef1b4bdd88c6bffba087faf27add2c6e""}",world/pages/maps/g03_n057.md
4,0x083B8E50,0e001900030700009500ad01,14,25,3,7,hidden_item,0x01AD0095,149,173,1,False,149,墨莓果,3:57,37号道路,hidden:3:57:4,"{""path"": ""maps_research/out/events/events.json"", ""json_pointer"": ""/maps/3:57/bg_events/4"", ""file_sha256"": ""e525183683453d3f2a889a3456fe6a11ef1b4bdd88c6bffba087faf27add2c6e""}",world/pages/maps/g03_n057.md
0,0x083B8F20,10001700030700006d00b201,16,23,3,7,hidden_item,0x01B2006D,109,178,1,False,109,星星碎片,3:58,38号道路,hidden:3:58:0,"{""path"": ""maps_research/out/events/events.json"", ""json_pointer"": ""/maps/3:58/bg_events/0"", ""file_sha256"": ""e525183683453d3f2a889a3456fe6a11ef1b4bdd88c6bffba087faf27add2c6e""}",world/pages/maps/g03_n058.md
1,0x083B8F2C,06001800030700000600b301,6,24,3,7,hidden_item,0x01B30006,6,179,1,False,6,捕网球,3:58,38号道路,hidden:3:58:1,"{""path"": ""maps_research/out/events/events.json"", ""json_pointer"": ""/maps/3:58/bg_events/1"", ""file_sha256"": ""e525183683453d3f2a889a3456fe6a11ef1b4bdd88c6bffba087faf27add2c6e""}",world/pages/maps/g03_n058.md
2,0x083B8F9C,0c000900030700000200b401,12,9,3,7,hidden_item,0x01B40002,2,180,1,False,2,高级球,3:59,39号道路,hidden:3:59:2,"{""path"": ""maps_research/out/events/events.json"", ""json_pointer"": ""/maps/3:59/bg_events/2"", ""file_sha256"": ""e525183683453d3f2a889a3456fe6a11ef1b4bdd88c6bffba087faf27add2c6e""}",world/pages/maps/g03_n059.md
1,0x083B90B0,0f004c00030700008900b501,15,76,3,7,hidden_item,0x01B50089,137,181,1,False,137,利木果,3:60,40号水路,hidden:3:60:1,"{""path"": ""maps_research/out/events/events.json"", ""json_pointer"": ""/maps/3:60/bg_events/1"", ""file_sha256"": ""e525183683453d3f2a889a3456fe6a11ef1b4bdd88c6bffba087faf27add2c6e""}",world/pages/maps/g03_n060.md
2,0x083B90BC,03000800030700008b00b601,3,8,3,7,hidden_item,0x01B6008B,139,182,1,False,139,橙橙果,3:60,40号水路,hidden:3:60:2,"{""path"": ""maps_research/out/events/events.json"", ""json_pointer"": ""/maps/3:60/bg_events/2"", ""file_sha256"": ""e525183683453d3f2a889a3456fe6a11ef1b4bdd88c6bffba087faf27add2c6e""}",world/pages/maps/g03_n060.md
3,0x083B90C8,0d003f00030700009800b701,13,63,3,7,hidden_item,0x01B70098,152,183,1,False,152,凰梨果,3:60,40号水路,hidden:3:60:3,"{""path"": ""maps_research/out/events/events.json"", ""json_pointer"": ""/maps/3:60/bg_events/3"", ""file_sha256"": ""e525183683453d3f2a889a3456fe6a11ef1b4bdd88c6bffba087faf27add2c6e""}",world/pages/maps/g03_n060.md
0,0x083B92EC,31001b00030700006b00b901,49,27,3,7,hidden_item,0x01B9006B,107,185,1,False,107,大珍珠,3:62,42号道路,hidden:3:62:0,"{""path"": ""maps_research/out/events/events.json"", ""json_pointer"": ""/maps/3:62/bg_events/0"", ""file_sha256"": ""e525183683453d3f2a889a3456fe6a11ef1b4bdd88c6bffba087faf27add2c6e""}",world/pages/maps/g03_n062.md
1,0x083B92F8,2f001e00030700006a00ba01,47,30,3,7,hidden_item,0x01BA006A,106,186,1,False,106,珍珠,3:62,42号道路,hidden:3:62:1,"{""path"": ""maps_research/out/events/events.json"", ""json_pointer"": ""/maps/3:62/bg_events/1"", ""file_sha256"": ""e525183683453d3f2a889a3456fe6a11ef1b4bdd88c6bffba087faf27add2c6e""}",world/pages/maps/g03_n062.md
2,0x083B9304,3b002000030700009600bb01,59,32,3,7,hidden_item,0x01BB0096,150,187,1,False,150,蕉香果,3:62,42号道路,hidden:3:62:2,"{""path"": ""maps_research/out/events/events.json"", ""json_pointer"": ""/maps/3:62/bg_events/2"", ""file_sha256"": ""e525183683453d3f2a889a3456fe6a11ef1b4bdd88c6bffba087faf27add2c6e""}",world/pages/maps/g03_n062.md
0,0x083B93E4,08001d00050700008800bc01,8,29,5,7,hidden_item,0x01BC0088,136,188,1,False,136,莓莓果,3:63,43号道路,hidden:3:63:0,"{""path"": ""maps_research/out/events/events.json"", ""json_pointer"": ""/maps/3:63/bg_events/0"", ""file_sha256"": ""e525183683453d3f2a889a3456fe6a11ef1b4bdd88c6bffba087faf27add2c6e""}",world/pages/maps/g03_n063.md
0,0x083B9600,0f0042000307000085003f01,15,66,3,7,hidden_item,0x013F0085,133,63,1,False,133,樱子果,3:64,44号道路,hidden:3:64:0,"{""path"": ""maps_research/out/events/events.json"", ""json_pointer"": ""/maps/3:64/bg_events/0"", ""file_sha256"": ""e525183683453d3f2a889a3456fe6a11ef1b4bdd88c6bffba087faf27add2c6e""}",world/pages/maps/g03_n064.md
0,0x083B96C4,21000a00030700006f004101,33,10,3,7,hidden_item,0x0141006F,111,65,1,False,111,心之鳞片,3:65,45号道路,hidden:3:65:0,"{""path"": ""maps_research/out/events/events.json"", ""json_pointer"": ""/maps/3:65/bg_events/0"", ""file_sha256"": ""e525183683453d3f2a889a3456fe6a11ef1b4bdd88c6bffba087faf27add2c6e""}",world/pages/maps/g03_n065.md
1,0x083B96D0,56000900030700006f004201,86,9,3,7,hidden_item,0x0142006F,111,66,1,False,111,心之鳞片,3:65,45号道路,hidden:3:65:1,"{""path"": ""maps_research/out/events/events.json"", ""json_pointer"": ""/maps/3:65/bg_events/1"", ""file_sha256"": ""e525183683453d3f2a889a3456fe6a11ef1b4bdd88c6bffba087faf27add2c6e""}",world/pages/maps/g03_n065.md
2,0x083B96DC,7d000500030700006f004301,125,5,3,7,hidden_item,0x0143006F,111,67,1,False,111,心之鳞片,3:65,45号道路,hidden:3:65:2,"{""path"": ""maps_research/out/events/events.json"", ""json_pointer"": ""/maps/3:65/bg_events/2"", ""file_sha256"": ""e525183683453d3f2a889a3456fe6a11ef1b4bdd88c6bffba087faf27add2c6e""}",world/pages/maps/g03_n065.md
3,0x083B96E8,08000200030700006f004001,8,2,3,7,hidden_item,0x0140006F,111,64,1,False,111,心之鳞片,3:65,45号道路,hidden:3:65:3,"{""path"": ""maps_research/out/events/events.json"", ""json_pointer"": ""/maps/3:65/bg_events/3"", ""file_sha256"": ""e525183683453d3f2a889a3456fe6a11ef1b4bdd88c6bffba087faf27add2c6e""}",world/pages/maps/g03_n065.md
4,0x087C02DC,0a000500030700000d000101,10,5,3,7,hidden_item,0x0101000D,13,1,1,False,13,伤药,3:66,若叶镇,hidden:3:66:4,"{""path"": ""maps_research/out/events/events.json"", ""json_pointer"": ""/maps/3:66/bg_events/4"", ""file_sha256"": ""e525183683453d3f2a889a3456fe6a11ef1b4bdd88c6bffba087faf27add2c6e""}",world/pages/maps/g03_n066.md
1,0x08A22C28,26000300000700001902ab02,38,3,0,7,hidden_item,0x02AB0219,537,171,2,False,537,经验糖果S,3:67,吉野市,hidden:3:67:1,"{""path"": ""maps_research/out/events/events.json"", ""json_pointer"": ""/maps/3:67/bg_events/1"", ""file_sha256"": ""e525183683453d3f2a889a3456fe6a11ef1b4bdd88c6bffba087faf27add2c6e""}",world/pages/maps/g03_n067.md
5,0x08A229C4,000001000307000004007001,0,1,3,7,hidden_item,0x01700004,4,112,1,False,4,精灵球,3:68,桔梗市,hidden:3:68:5,"{""path"": ""maps_research/out/events/events.json"", ""json_pointer"": ""/maps/3:68/bg_events/5"", ""file_sha256"": ""e525183683453d3f2a889a3456fe6a11ef1b4bdd88c6bffba087faf27add2c6e""}",world/pages/maps/g03_n068.md
6,0x08A229D0,290012000007000004000901,41,18,0,7,hidden_item,0x01090004,4,9,1,False,4,精灵球,3:68,桔梗市,hidden:3:68:6,"{""path"": ""maps_research/out/events/events.json"", ""json_pointer"": ""/maps/3:68/bg_events/6"", ""file_sha256"": ""e525183683453d3f2a889a3456fe6a11ef1b4bdd88c6bffba087faf27add2c6e""}",world/pages/maps/g03_n068.md
7,0x08A229DC,3a0029000007000015000a01,58,41,0,7,hidden_item,0x010A0015,21,10,1,False,21,厉害伤药,3:68,桔梗市,hidden:3:68:7,"{""path"": ""maps_research/out/events/events.json"", ""json_pointer"": ""/maps/3:68/bg_events/7"", ""file_sha256"": ""e525183683453d3f2a889a3456fe6a11ef1b4bdd88c6bffba087faf27add2c6e""}",world/pages/maps/g03_n068.md
4,0x08A1E21C,020002000307000044003101,2,2,3,7,hidden_item,0x01310044,68,49,1,False,68,神奇糖果,3:69,桧皮镇,hidden:3:69:4,"{""path"": ""maps_research/out/events/events.json"", ""json_pointer"": ""/maps/3:69/bg_events/4"", ""file_sha256"": ""e525183683453d3f2a889a3456fe6a11ef1b4bdd88c6bffba087faf27add2c6e""}",world/pages/maps/g03_n069.md
7,0x08A1E240,200010000007000017000f01,32,16,0,7,hidden_item,0x010F0017,23,15,1,False,23,万灵药,3:69,桧皮镇,hidden:3:69:7,"{""path"": ""maps_research/out/events/events.json"", ""json_pointer"": ""/maps/3:69/bg_events/7"", ""file_sha256"": ""e525183683453d3f2a889a3456fe6a11ef1b4bdd88c6bffba087faf27add2c6e""}",world/pages/maps/g03_n069.md
7,0x08A31B4C,380018000007000019022001,56,24,0,7,hidden_item,0x01200219,537,32,1,False,537,经验糖果S,3:70,缘朱市,hidden:3:70:7,"{""path"": ""maps_research/out/events/events.json"", ""json_pointer"": ""/maps/3:70/bg_events/7"", ""file_sha256"": ""e525183683453d3f2a889a3456fe6a11ef1b4bdd88c6bffba087faf27add2c6e""}",world/pages/maps/g03_n070.md
8,0x08A31B58,25001f000007000015001e01,37,31,0,7,hidden_item,0x011E0015,21,30,1,False,21,厉害伤药,3:70,缘朱市,hidden:3:70:8,"{""path"": ""maps_research/out/events/events.json"", ""json_pointer"": ""/maps/3:70/bg_events/8"", ""file_sha256"": ""e525183683453d3f2a889a3456fe6a11ef1b4bdd88c6bffba087faf27add2c6e""}",world/pages/maps/g03_n070.md
9,0x08A31B64,3f001a00000700001c011f01,63,26,0,7,hidden_item,0x011F011C,284,31,1,False,284,回家的钥匙,3:70,缘朱市,hidden:3:70:9,"{""path"": ""maps_research/out/events/events.json"", ""json_pointer"": ""/maps/3:70/bg_events/9"", ""file_sha256"": ""e525183683453d3f2a889a3456fe6a11ef1b4bdd88c6bffba087faf27add2c6e""}",world/pages/maps/g03_n070.md
10,0x08A31B70,1a0010000007000022002101,26,16,0,7,hidden_item,0x01210022,34,33,1,False,34,PP单项小补剂,3:70,缘朱市,hidden:3:70:10,"{""path"": ""maps_research/out/events/events.json"", ""json_pointer"": ""/maps/3:70/bg_events/10"", ""file_sha256"": ""e525183683453d3f2a889a3456fe6a11ef1b4bdd88c6bffba087faf27add2c6e""}",world/pages/maps/g03_n070.md
8,0x08C2A9E4,07001f000307000061002f01,7,31,3,7,hidden_item,0x012F0061,97,47,1,False,97,水之石,3:72,浅葱市,hidden:3:72:8,"{""path"": ""maps_research/out/events/events.json"", ""json_pointer"": ""/maps/3:72/bg_events/8"", ""file_sha256"": ""e525183683453d3f2a889a3456fe6a11ef1b4bdd88c6bffba087faf27add2c6e""}",world/pages/maps/g03_n072.md
9,0x08C2A9F0,2b001d000007000044002e01,43,29,0,7,hidden_item,0x012E0044,68,46,1,False,68,神奇糖果,3:72,浅葱市,hidden:3:72:9,"{""path"": ""maps_research/out/events/events.json"", ""json_pointer"": ""/maps/3:72/bg_events/9"", ""file_sha256"": ""e525183683453d3f2a889a3456fe6a11ef1b4bdd88c6bffba087faf27add2c6e""}",world/pages/maps/g03_n072.md
10,0x08C2A9FC,1f0014000007000017002f01,31,20,0,7,hidden_item,0x012F0017,23,47,1,False,23,万灵药,3:72,浅葱市,hidden:3:72:10,"{""path"": ""maps_research/out/events/events.json"", ""json_pointer"": ""/maps/3:72/bg_events/10"", ""file_sha256"": ""e525183683453d3f2a889a3456fe6a11ef1b4bdd88c6bffba087faf27add2c6e""}",world/pages/maps/g03_n072.md
11,0x08C2AA08,14003200000700006a003001,20,50,0,7,hidden_item,0x0130006A,106,48,1,False,106,珍珠,3:72,浅葱市,hidden:3:72:11,"{""path"": ""maps_research/out/events/events.json"", ""json_pointer"": ""/maps/3:72/bg_events/11"", ""file_sha256"": ""e525183683453d3f2a889a3456fe6a11ef1b4bdd88c6bffba087faf27add2c6e""}",world/pages/maps/g03_n072.md
5,0x08C6F42C,0e0010000307000019003901,14,16,3,7,hidden_item,0x01390019,25,57,1,False,25,活力块,3:73,湛蓝市,hidden:3:73:5,"{""path"": ""maps_research/out/events/events.json"", ""json_pointer"": ""/maps/3:73/bg_events/5"", ""file_sha256"": ""e525183683453d3f2a889a3456fe6a11ef1b4bdd88c6bffba087faf27add2c6e""}",world/pages/maps/g03_n073.md
8,0x08C6F450,22001a00000700006c003801,34,26,0,7,hidden_item,0x0138006C,108,56,1,False,108,星星沙子,3:73,湛蓝市,hidden:3:73:8,"{""path"": ""maps_research/out/events/events.json"", ""json_pointer"": ""/maps/3:73/bg_events/8"", ""file_sha256"": ""e525183683453d3f2a889a3456fe6a11ef1b4bdd88c6bffba087faf27add2c6e""}",world/pages/maps/g03_n073.md
3,0x08C2E3B8,07000300030700008c007201,7,3,3,7,hidden_item,0x0172008C,140,114,1,False,140,柿子果,3:76,满金市,hidden:3:76:3,"{""path"": ""maps_research/out/events/events.json"", ""json_pointer"": ""/maps/3:76/bg_events/3"", ""file_sha256"": ""e525183683453d3f2a889a3456fe6a11ef1b4bdd88c6bffba087faf27add2c6e""}",world/pages/maps/g03_n076.md
4,0x08C2E3C4,430011000307000094009c01,67,17,3,7,hidden_item,0x019C0094,148,156,1,False,148,蔓莓果,3:76,满金市,hidden:3:76:4,"{""path"": ""maps_research/out/events/events.json"", ""json_pointer"": ""/maps/3:76/bg_events/4"", ""file_sha256"": ""e525183683453d3f2a889a3456fe6a11ef1b4bdd88c6bffba087faf27add2c6e""}",world/pages/maps/g03_n076.md
4,0x08CC6A44,39000d000307000023000a01,57,13,3,7,hidden_item,0x010A0023,35,10,1,False,35,PP单项全补剂,3:77,满金市,hidden:3:77:4,"{""path"": ""maps_research/out/events/events.json"", ""json_pointer"": ""/maps/3:77/bg_events/4"", ""file_sha256"": ""e525183683453d3f2a889a3456fe6a11ef1b4bdd88c6bffba087faf27add2c6e""}",world/pages/maps/g03_n077.md
5,0x08CC6A50,38000d000307000085007e01,56,13,3,7,hidden_item,0x017E0085,133,126,1,False,133,樱子果,3:77,满金市,hidden:3:77:5,"{""path"": ""maps_research/out/events/events.json"", ""json_pointer"": ""/maps/3:77/bg_events/5"", ""file_sha256"": ""e525183683453d3f2a889a3456fe6a11ef1b4bdd88c6bffba087faf27add2c6e""}",world/pages/maps/g03_n077.md
6,0x08CC6A5C,39000c00030700008c007d01,57,12,3,7,hidden_item,0x017D008C,140,125,1,False,140,柿子果,3:77,满金市,hidden:3:77:6,"{""path"": ""maps_research/out/events/events.json"", ""json_pointer"": ""/maps/3:77/bg_events/6"", ""file_sha256"": ""e525183683453d3f2a889a3456fe6a11ef1b4bdd88c6bffba087faf27add2c6e""}",world/pages/maps/g03_n077.md
7,0x08CC6A68,37000c000307000096009701,55,12,3,7,hidden_item,0x01970096,150,151,1,False,150,蕉香果,3:77,满金市,hidden:3:77:7,"{""path"": ""maps_research/out/events/events.json"", ""json_pointer"": ""/maps/3:77/bg_events/7"", ""file_sha256"": ""e525183683453d3f2a889a3456fe6a11ef1b4bdd88c6bffba087faf27add2c6e""}",world/pages/maps/g03_n077.md
2,0x08B9E07C,0e001c00000700009b008c01,14,28,0,7,hidden_item,0x018C009B,155,140,1,False,155,比巴果,3:80,46号道路,hidden:3:80:2,"{""path"": ""maps_research/out/events/events.json"", ""json_pointer"": ""/maps/3:80/bg_events/2"", ""file_sha256"": ""e525183683453d3f2a889a3456fe6a11ef1b4bdd88c6bffba087faf27add2c6e""}",world/pages/maps/g03_n080.md
3,0x08B9E088,130024000007000019008d01,19,36,0,7,hidden_item,0x018D0019,25,141,1,False,25,活力块,3:80,46号道路,hidden:3:80:3,"{""path"": ""maps_research/out/events/events.json"", ""json_pointer"": ""/maps/3:80/bg_events/3"", ""file_sha256"": ""e525183683453d3f2a889a3456fe6a11ef1b4bdd88c6bffba087faf27add2c6e""}",world/pages/maps/g03_n080.md
1,0x087C15B4,7e0008000007000019002e01,126,8,0,7,hidden_item,0x012E0019,25,46,1,False,25,活力块,3:81,27号道路,hidden:3:81:1,"{""path"": ""maps_research/out/events/events.json"", ""json_pointer"": ""/maps/3:81/bg_events/1"", ""file_sha256"": ""e525183683453d3f2a889a3456fe6a11ef1b4bdd88c6bffba087faf27add2c6e""}",world/pages/maps/g03_n081.md
2,0x087C15C0,490011000007000073002d01,73,17,0,7,hidden_item,0x012D0073,115,45,1,False,115,巨大金珠,3:81,27号道路,hidden:3:81:2,"{""path"": ""maps_research/out/events/events.json"", ""json_pointer"": ""/maps/3:81/bg_events/2"", ""file_sha256"": ""e525183683453d3f2a889a3456fe6a11ef1b4bdd88c6bffba087faf27add2c6e""}",world/pages/maps/g03_n081.md
3,0x087C15CC,a20016000007000069002f01,162,22,0,7,hidden_item,0x012F0069,105,47,1,False,105,芳香蘑菇,3:81,27号道路,hidden:3:81:3,"{""path"": ""maps_research/out/events/events.json"", ""json_pointer"": ""/maps/3:81/bg_events/3"", ""file_sha256"": ""e525183683453d3f2a889a3456fe6a11ef1b4bdd88c6bffba087faf27add2c6e""}",world/pages/maps/g03_n081.md
4,0x08C9FF8C,1c0032000007000018000301,28,50,0,7,hidden_item,0x01030018,24,3,1,False,24,活力碎片,3:82,30号道路,hidden:3:82:4,"{""path"": ""maps_research/out/events/events.json"", ""json_pointer"": ""/maps/3:82/bg_events/4"", ""file_sha256"": ""e525183683453d3f2a889a3456fe6a11ef1b4bdd88c6bffba087faf27add2c6e""}",world/pages/maps/g03_n082.md
5,0x08C9FF98,18000a00000700000d000201,24,10,0,7,hidden_item,0x0102000D,13,2,1,False,13,伤药,3:82,30号道路,hidden:3:82:5,"{""path"": ""maps_research/out/events/events.json"", ""json_pointer"": ""/maps/3:82/bg_events/5"", ""file_sha256"": ""e525183683453d3f2a889a3456fe6a11ef1b4bdd88c6bffba087faf27add2c6e""}",world/pages/maps/g03_n082.md
1,0x08C83CBC,12000900030700008b007101,18,9,3,7,hidden_item,0x0171008B,139,113,1,False,139,橙橙果,3:83,31号道路,hidden:3:83:1,"{""path"": ""maps_research/out/events/events.json"", ""json_pointer"": ""/maps/3:83/bg_events/1"", ""file_sha256"": ""e525183683453d3f2a889a3456fe6a11ef1b4bdd88c6bffba087faf27add2c6e""}",world/pages/maps/g03_n083.md
0,0x08C1FA28,170018000007000016000601,23,24,0,7,hidden_item,0x01060016,22,6,1,False,22,好伤药,3:84,32号道路,hidden:3:84:0,"{""path"": ""maps_research/out/events/events.json"", ""json_pointer"": ""/maps/3:84/bg_events/0"", ""file_sha256"": ""e525183683453d3f2a889a3456fe6a11ef1b4bdd88c6bffba087faf27add2c6e""}",world/pages/maps/g03_n084.md
1,0x08C1FA34,24005300010700006f000701,36,83,1,7,hidden_item,0x0107006F,111,7,1,False,111,心之鳞片,3:84,32号道路,hidden:3:84:1,"{""path"": ""maps_research/out/events/events.json"", ""json_pointer"": ""/maps/3:84/bg_events/1"", ""file_sha256"": ""e525183683453d3f2a889a3456fe6a11ef1b4bdd88c6bffba087faf27add2c6e""}",world/pages/maps/g03_n084.md
2,0x08C1FA40,13007e000307000003000801,19,126,3,7,hidden_item,0x01080003,3,8,1,False,3,超级球,3:84,32号道路,hidden:3:84:2,"{""path"": ""maps_research/out/events/events.json"", ""json_pointer"": ""/maps/3:84/bg_events/2"", ""file_sha256"": ""e525183683453d3f2a889a3456fe6a11ef1b4bdd88c6bffba087faf27add2c6e""}",world/pages/maps/g03_n084.md
7,0x08C1FA7C,1f0069000007000044000e01,31,105,0,7,hidden_item,0x010E0044,68,14,1,False,68,神奇糖果,3:84,32号道路,hidden:3:84:7,"{""path"": ""maps_research/out/events/events.json"", ""json_pointer"": ""/maps/3:84/bg_events/7"", ""file_sha256"": ""e525183683453d3f2a889a3456fe6a11ef1b4bdd88c6bffba087faf27add2c6e""}",world/pages/maps/g03_n084.md
2,0x08B01A44,170011000307000011004001,23,17,3,7,hidden_item,0x01400011,17,64,1,False,17,解眠药,3:85,36号道路,hidden:3:85:2,"{""path"": ""maps_research/out/events/events.json"", ""json_pointer"": ""/maps/3:85/bg_events/2"", ""file_sha256"": ""e525183683453d3f2a889a3456fe6a11ef1b4bdd88c6bffba087faf27add2c6e""}",world/pages/maps/g03_n085.md
0,0x08A15F78,05001e00030700006b000b01,5,30,3,7,hidden_item,0x010B006B,107,11,1,False,107,大珍珠,3:86,连接洞,hidden:3:86:0,"{""path"": ""maps_research/out/events/events.json"", ""json_pointer"": ""/maps/3:86/bg_events/0"", ""file_sha256"": ""e525183683453d3f2a889a3456fe6a11ef1b4bdd88c6bffba087faf27add2c6e""}",world/pages/maps/g03_n086.md
1,0x08A15F84,04002b00000700006a000d01,4,43,0,7,hidden_item,0x010D006A,106,13,1,False,106,珍珠,3:86,连接洞,hidden:3:86:1,"{""path"": ""maps_research/out/events/events.json"", ""json_pointer"": ""/maps/3:86/bg_events/1"", ""file_sha256"": ""e525183683453d3f2a889a3456fe6a11ef1b4bdd88c6bffba087faf27add2c6e""}",world/pages/maps/g03_n086.md
3,0x08A15F9C,11003a000007000002000c01,17,58,0,7,hidden_item,0x010C0002,2,12,1,False,2,高级球,3:86,连接洞,hidden:3:86:3,"{""path"": ""maps_research/out/events/events.json"", ""json_pointer"": ""/maps/3:86/bg_events/3"", ""file_sha256"": ""e525183683453d3f2a889a3456fe6a11ef1b4bdd88c6bffba087faf27add2c6e""}",world/pages/maps/g03_n086.md
6,0x08A15FC0,28002e00030700000d000001,40,46,3,7,hidden_item,0x0100000D,13,0,1,False,13,伤药,3:86,连接洞,hidden:3:86:6,"{""path"": ""maps_research/out/events/events.json"", ""json_pointer"": ""/maps/3:86/bg_events/6"", ""file_sha256"": ""e525183683453d3f2a889a3456fe6a11ef1b4bdd88c6bffba087faf27add2c6e""}",world/pages/maps/g03_n086.md
7,0x08A15FCC,2b002e00000700000e000101,43,46,0,7,hidden_item,0x0101000E,14,1,1,False,14,解毒药,3:86,连接洞,hidden:3:86:7,"{""path"": ""maps_research/out/events/events.json"", ""json_pointer"": ""/maps/3:86/bg_events/7"", ""file_sha256"": ""e525183683453d3f2a889a3456fe6a11ef1b4bdd88c6bffba087faf27add2c6e""}",world/pages/maps/g03_n086.md
2,0x08BC0D90,1e00080000070000e102b601,30,8,0,7,hidden_item,0x01B602E1,737,182,1,False,737,金之护符,3:87,33号道路,hidden:3:87:2,"{""path"": ""maps_research/out/events/events.json"", ""json_pointer"": ""/maps/3:87/bg_events/2"", ""file_sha256"": ""e525183683453d3f2a889a3456fe6a11ef1b4bdd88c6bffba087faf27add2c6e""}",world/pages/maps/g03_n087.md
3,0x08B51BA0,210020000007000044001c01,33,32,0,7,hidden_item,0x011C0044,68,28,1,False,68,神奇糖果,3:88,34号道路,hidden:3:88:3,"{""path"": ""maps_research/out/events/events.json"", ""json_pointer"": ""/maps/3:88/bg_events/3"", ""file_sha256"": ""e525183683453d3f2a889a3456fe6a11ef1b4bdd88c6bffba087faf27add2c6e""}",world/pages/maps/g03_n088.md
4,0x08B51BAC,0c002700000700006e001d01,12,39,0,7,hidden_item,0x011D006E,110,29,1,False,110,金珠,3:88,34号道路,hidden:3:88:4,"{""path"": ""maps_research/out/events/events.json"", ""json_pointer"": ""/maps/3:88/bg_events/4"", ""file_sha256"": ""e525183683453d3f2a889a3456fe6a11ef1b4bdd88c6bffba087faf27add2c6e""}",world/pages/maps/g03_n088.md
2,0x08B16B04,0d0010000007000050007701,13,16,0,7,hidden_item,0x01770050,80,119,1,False,80,皮皮玩偶,3:89,37号道路,hidden:3:89:2,"{""path"": ""maps_research/out/events/events.json"", ""json_pointer"": ""/maps/3:89/bg_events/2"", ""file_sha256"": ""e525183683453d3f2a889a3456fe6a11ef1b4bdd88c6bffba087faf27add2c6e""}",world/pages/maps/g03_n089.md
3,0x08B0291C,07001400000700006e003d01,7,20,0,7,hidden_item,0x013D006E,110,61,1,False,110,金珠,3:90,35号道路,hidden:3:90:3,"{""path"": ""maps_research/out/events/events.json"", ""json_pointer"": ""/maps/3:90/bg_events/3"", ""file_sha256"": ""e525183683453d3f2a889a3456fe6a11ef1b4bdd88c6bffba087faf27add2c6e""}",world/pages/maps/g03_n090.md
3,0x08C2B754,2a000e00030700008a008101,42,14,3,7,hidden_item,0x0181008A,138,129,1,False,138,苹野果,3:91,38号道路,hidden:3:91:3,"{""path"": ""maps_research/out/events/events.json"", ""json_pointer"": ""/maps/3:91/bg_events/3"", ""file_sha256"": ""e525183683453d3f2a889a3456fe6a11ef1b4bdd88c6bffba087faf27add2c6e""}",world/pages/maps/g03_n091.md
4,0x08C2B760,0d001e00000700003f002b01,13,30,0,7,hidden_item,0x012B003F,63,43,1,False,63,HP增强剂,3:91,38号道路,hidden:3:91:4,"{""path"": ""maps_research/out/events/events.json"", ""json_pointer"": ""/maps/3:91/bg_events/4"", ""file_sha256"": ""e525183683453d3f2a889a3456fe6a11ef1b4bdd88c6bffba087faf27add2c6e""}",world/pages/maps/g03_n091.md
5,0x08C2B76C,0f000e00000700006d009d01,15,14,0,7,hidden_item,0x019D006D,109,157,1,False,109,星星碎片,3:91,38号道路,hidden:3:91:5,"{""path"": ""maps_research/out/events/events.json"", ""json_pointer"": ""/maps/3:91/bg_events/5"", ""file_sha256"": ""e525183683453d3f2a889a3456fe6a11ef1b4bdd88c6bffba087faf27add2c6e""}",world/pages/maps/g03_n091.md
6,0x08C2B778,1b00190000070000ec029e01,27,25,0,7,hidden_item,0x019E02EC,748,158,1,False,748,卡比丘,3:91,38号道路,hidden:3:91:6,"{""path"": ""maps_research/out/events/events.json"", ""json_pointer"": ""/maps/3:91/bg_events/6"", ""file_sha256"": ""e525183683453d3f2a889a3456fe6a11ef1b4bdd88c6bffba087faf27add2c6e""}",world/pages/maps/g03_n091.md
7,0x08C2B784,200014000007000019029f01,32,20,0,7,hidden_item,0x019F0219,537,159,1,False,537,经验糖果S,3:91,38号道路,hidden:3:91:7,"{""path"": ""maps_research/out/events/events.json"", ""json_pointer"": ""/maps/3:91/bg_events/7"", ""file_sha256"": ""e525183683453d3f2a889a3456fe6a11ef1b4bdd88c6bffba087faf27add2c6e""}",world/pages/maps/g03_n091.md
8,0x08C2B790,05001100000700003000a101,5,17,0,7,hidden_item,0x01A10030,48,161,1,False,48,红色碎片,3:91,38号道路,hidden:3:91:8,"{""path"": ""maps_research/out/events/events.json"", ""json_pointer"": ""/maps/3:91/bg_events/8"", ""file_sha256"": ""e525183683453d3f2a889a3456fe6a11ef1b4bdd88c6bffba087faf27add2c6e""}",world/pages/maps/g03_n091.md
9,0x08C2B79C,0a001400000700004500a001,10,20,0,7,hidden_item,0x01A00045,69,160,1,False,69,PP提升剂,3:91,38号道路,hidden:3:91:9,"{""path"": ""maps_research/out/events/events.json"", ""json_pointer"": ""/maps/3:91/bg_events/9"", ""file_sha256"": ""e525183683453d3f2a889a3456fe6a11ef1b4bdd88c6bffba087faf27add2c6e""}",world/pages/maps/g03_n091.md
1,0x08B210C4,1e0022000007000045002c01,30,34,0,7,hidden_item,0x012C0045,69,44,1,False,69,PP提升剂,3:93,39号道路,hidden:3:93:1,"{""path"": ""maps_research/out/events/events.json"", ""json_pointer"": ""/maps/3:93/bg_events/1"", ""file_sha256"": ""e525183683453d3f2a889a3456fe6a11ef1b4bdd88c6bffba087faf27add2c6e""}",world/pages/maps/g03_n093.md
2,0x08B210D0,17001400030700004b002d01,23,20,3,7,hidden_item,0x012D004B,75,45,1,False,75,力量强化,3:93,39号道路,hidden:3:93:2,"{""path"": ""maps_research/out/events/events.json"", ""json_pointer"": ""/maps/3:93/bg_events/2"", ""file_sha256"": ""e525183683453d3f2a889a3456fe6a11ef1b4bdd88c6bffba087faf27add2c6e""}",world/pages/maps/g03_n093.md
5,0x08B210F4,09001e00000700001902a201,9,30,0,7,hidden_item,0x01A20219,537,162,1,False,537,经验糖果S,3:93,39号道路,hidden:3:93:5,"{""path"": ""maps_research/out/events/events.json"", ""json_pointer"": ""/maps/3:93/bg_events/5"", ""file_sha256"": ""e525183683453d3f2a889a3456fe6a11ef1b4bdd88c6bffba087faf27add2c6e""}",world/pages/maps/g03_n093.md
6,0x08B21100,1e000400000700006800a401,30,4,0,7,hidden_item,0x01A40068,104,164,1,False,104,大蘑菇,3:93,39号道路,hidden:3:93:6,"{""path"": ""maps_research/out/events/events.json"", ""json_pointer"": ""/maps/3:93/bg_events/6"", ""file_sha256"": ""e525183683453d3f2a889a3456fe6a11ef1b4bdd88c6bffba087faf27add2c6e""}",world/pages/maps/g03_n093.md
7,0x08B2110C,1b003500000700001900a301,27,53,0,7,hidden_item,0x01A30019,25,163,1,False,25,活力块,3:93,39号道路,hidden:3:93:7,"{""path"": ""maps_research/out/events/events.json"", ""json_pointer"": ""/maps/3:93/bg_events/7"", ""file_sha256"": ""e525183683453d3f2a889a3456fe6a11ef1b4bdd88c6bffba087faf27add2c6e""}",world/pages/maps/g03_n093.md
0,0x08A18CAC,15002300000700004d005301,21,35,0,7,hidden_item,0x0153004D,77,83,1,False,77,速度强化,3:94,连接洞,hidden:3:94:0,"{""path"": ""maps_research/out/events/events.json"", ""json_pointer"": ""/maps/3:94/bg_events/0"", ""file_sha256"": ""e525183683453d3f2a889a3456fe6a11ef1b4bdd88c6bffba087faf27add2c6e""}",world/pages/maps/g03_n094.md
1,0x08A18CB8,19000d000007000018005401,25,13,0,7,hidden_item,0x01540018,24,84,1,False,24,活力碎片,3:94,连接洞,hidden:3:94:1,"{""path"": ""maps_research/out/events/events.json"", ""json_pointer"": ""/maps/3:94/bg_events/1"", ""file_sha256"": ""e525183683453d3f2a889a3456fe6a11ef1b4bdd88c6bffba087faf27add2c6e""}",world/pages/maps/g03_n094.md
0,0x08B4ED38,1c002a000007000015003201,28,42,0,7,hidden_item,0x01320015,21,50,1,False,21,厉害伤药,3:95,40号水路,hidden:3:95:0,"{""path"": ""maps_research/out/events/events.json"", ""json_pointer"": ""/maps/3:95/bg_events/0"", ""file_sha256"": ""e525183683453d3f2a889a3456fe6a11ef1b4bdd88c6bffba087faf27add2c6e""}",world/pages/maps/g03_n095.md
0,0x08BDED58,0b000e00000700006c003301,11,14,0,7,hidden_item,0x0133006C,108,51,1,False,108,星星沙子,3:96,41号水路,hidden:3:96:0,"{""path"": ""maps_research/out/events/events.json"", ""json_pointer"": ""/maps/3:96/bg_events/0"", ""file_sha256"": ""e525183683453d3f2a889a3456fe6a11ef1b4bdd88c6bffba087faf27add2c6e""}",world/pages/maps/g03_n096.md
1,0x08BDED64,2d001300000700006c003401,45,19,0,7,hidden_item,0x0134006C,108,52,1,False,108,星星沙子,3:96,41号水路,hidden:3:96:1,"{""path"": ""maps_research/out/events/events.json"", ""json_pointer"": ""/maps/3:96/bg_events/1"", ""file_sha256"": ""e525183683453d3f2a889a3456fe6a11ef1b4bdd88c6bffba087faf27add2c6e""}",world/pages/maps/g03_n096.md
2,0x08BDED70,13002700000700006c003501,19,39,0,7,hidden_item,0x0135006C,108,53,1,False,108,星星沙子,3:96,41号水路,hidden:3:96:2,"{""path"": ""maps_research/out/events/events.json"", ""json_pointer"": ""/maps/3:96/bg_events/2"", ""file_sha256"": ""e525183683453d3f2a889a3456fe6a11ef1b4bdd88c6bffba087faf27add2c6e""}",world/pages/maps/g03_n096.md
3,0x08BDED7C,34002800000700006c003601,52,40,0,7,hidden_item,0x0136006C,108,54,1,False,108,星星沙子,3:96,41号水路,hidden:3:96:3,"{""path"": ""maps_research/out/events/events.json"", ""json_pointer"": ""/maps/3:96/bg_events/3"", ""file_sha256"": ""e525183683453d3f2a889a3456fe6a11ef1b4bdd88c6bffba087faf27add2c6e""}",world/pages/maps/g03_n096.md
4,0x08BDED88,33002c000007000023003701,51,44,0,7,hidden_item,0x01370023,35,55,1,False,35,PP单项全补剂,3:96,41号水路,hidden:3:96:4,"{""path"": ""maps_research/out/events/events.json"", ""json_pointer"": ""/maps/3:96/bg_events/4"", ""file_sha256"": ""e525183683453d3f2a889a3456fe6a11ef1b4bdd88c6bffba087faf27add2c6e""}",world/pages/maps/g03_n096.md
6,0x08BF3B24,30001800000700007f029801,48,24,0,7,hidden_item,0x0198027F,639,152,1,False,639,银色王冠,3:97,42号道路,hidden:3:97:6,"{""path"": ""maps_research/out/events/events.json"", ""json_pointer"": ""/maps/3:97/bg_events/6"", ""file_sha256"": ""e525183683453d3f2a889a3456fe6a11ef1b4bdd88c6bffba087faf27add2c6e""}",world/pages/maps/g03_n097.md
7,0x08BF3B30,0d00160000070000c9029701,13,22,0,7,hidden_item,0x019702C9,713,151,1,False,713,雪丸,3:97,42号道路,hidden:3:97:7,"{""path"": ""maps_research/out/events/events.json"", ""json_pointer"": ""/maps/3:97/bg_events/7"", ""file_sha256"": ""e525183683453d3f2a889a3456fe6a11ef1b4bdd88c6bffba087faf27add2c6e""}",world/pages/maps/g03_n097.md
8,0x08BF3B3C,3c0011000007000014009901,60,17,0,7,hidden_item,0x01990014,20,153,1,False,20,全满药,3:97,42号道路,hidden:3:97:8,"{""path"": ""maps_research/out/events/events.json"", ""json_pointer"": ""/maps/3:97/bg_events/8"", ""file_sha256"": ""e525183683453d3f2a889a3456fe6a11ef1b4bdd88c6bffba087faf27add2c6e""}",world/pages/maps/g03_n097.md
1,0x08CF07C4,45000e00000700002400bc01,69,14,0,7,hidden_item,0x01BC0024,36,188,1,False,36,PP多项小补剂,3:98,44号道路,hidden:3:98:1,"{""path"": ""maps_research/out/events/events.json"", ""json_pointer"": ""/maps/3:98/bg_events/1"", ""file_sha256"": ""e525183683453d3f2a889a3456fe6a11ef1b4bdd88c6bffba087faf27add2c6e""}",world/pages/maps/g03_n098.md
3,0x08CF07DC,0a0002000307000045000f01,10,2,3,7,hidden_item,0x010F0045,69,15,1,False,69,PP提升剂,3:98,44号道路,hidden:3:98:3,"{""path"": ""maps_research/out/events/events.json"", ""json_pointer"": ""/maps/3:98/bg_events/3"", ""file_sha256"": ""e525183683453d3f2a889a3456fe6a11ef1b4bdd88c6bffba087faf27add2c6e""}",world/pages/maps/g03_n098.md
4,0x08A2EC98,0a00090000070000ec022001,10,9,0,7,hidden_item,0x012002EC,748,32,1,False,748,卡比丘,3:99,43号道路,hidden:3:99:4,"{""path"": ""maps_research/out/events/events.json"", ""json_pointer"": ""/maps/3:99/bg_events/4"", ""file_sha256"": ""e525183683453d3f2a889a3456fe6a11ef1b4bdd88c6bffba087faf27add2c6e""}",world/pages/maps/g03_n099.md
6,0x08A2ECB0,240015000007000019021f01,36,21,0,7,hidden_item,0x011F0219,537,31,1,False,537,经验糖果S,3:99,43号道路,hidden:3:99:6,"{""path"": ""maps_research/out/events/events.json"", ""json_pointer"": ""/maps/3:99/bg_events/6"", ""file_sha256"": ""e525183683453d3f2a889a3456fe6a11ef1b4bdd88c6bffba087faf27add2c6e""}",world/pages/maps/g03_n099.md
2,0x08A322FC,390025000007000019022401,57,37,0,7,hidden_item,0x01240219,537,36,1,False,537,经验糖果S,3:100,愤怒之湖,hidden:3:100:2,"{""path"": ""maps_research/out/events/events.json"", ""json_pointer"": ""/maps/3:100/bg_events/2"", ""file_sha256"": ""e525183683453d3f2a889a3456fe6a11ef1b4bdd88c6bffba087faf27add2c6e""}",world/pages/maps/g03_n100.md
3,0x08A32308,060024000007000044002101,6,36,0,7,hidden_item,0x01210044,68,33,1,False,68,神奇糖果,3:100,愤怒之湖,hidden:3:100:3,"{""path"": ""maps_research/out/events/events.json"", ""json_pointer"": ""/maps/3:100/bg_events/3"", ""file_sha256"": ""e525183683453d3f2a889a3456fe6a11ef1b4bdd88c6bffba087faf27add2c6e""}",world/pages/maps/g03_n100.md
4,0x08A32314,19002a000007000013002201,25,42,0,7,hidden_item,0x01220013,19,34,1,False,19,全复药,3:100,愤怒之湖,hidden:3:100:4,"{""path"": ""maps_research/out/events/events.json"", ""json_pointer"": ""/maps/3:100/bg_events/4"", ""file_sha256"": ""e525183683453d3f2a889a3456fe6a11ef1b4bdd88c6bffba087faf27add2c6e""}",world/pages/maps/g03_n100.md
5,0x08A32320,1c002b0000070000ec022301,28,43,0,7,hidden_item,0x012302EC,748,35,1,False,748,卡比丘,3:100,愤怒之湖,hidden:3:100:5,"{""path"": ""maps_research/out/events/events.json"", ""json_pointer"": ""/maps/3:100/bg_events/5"", ""file_sha256"": ""e525183683453d3f2a889a3456fe6a11ef1b4bdd88c6bffba087faf27add2c6e""}",world/pages/maps/g03_n100.md
6,0x08A3232C,200004000007000014002601,32,4,0,7,hidden_item,0x01260014,20,38,1,False,20,全满药,3:100,愤怒之湖,hidden:3:100:6,"{""path"": ""maps_research/out/events/events.json"", ""json_pointer"": ""/maps/3:100/bg_events/6"", ""file_sha256"": ""e525183683453d3f2a889a3456fe6a11ef1b4bdd88c6bffba087faf27add2c6e""}",world/pages/maps/g03_n100.md
7,0x08A32338,3900080000070000e7022501,57,8,0,7,hidden_item,0x012502E7,743,37,1,False,743,水晶护符,3:100,愤怒之湖,hidden:3:100:7,"{""path"": ""maps_research/out/events/events.json"", ""json_pointer"": ""/maps/3:100/bg_events/7"", ""file_sha256"": ""e525183683453d3f2a889a3456fe6a11ef1b4bdd88c6bffba087faf27add2c6e""}",world/pages/maps/g03_n100.md
3,0x08A12FFC,06003500030700009d008a01,6,53,3,7,hidden_item,0x018A009D,157,138,1,False,157,萄葡果,3:101,45号道路,hidden:3:101:3,"{""path"": ""maps_research/out/events/events.json"", ""json_pointer"": ""/maps/3:101/bg_events/3"", ""file_sha256"": ""e525183683453d3f2a889a3456fe6a11ef1b4bdd88c6bffba087faf27add2c6e""}",world/pages/maps/g03_n101.md
4,0x08A13008,1d005d00030700006d008b01,29,93,3,7,hidden_item,0x018B006D,109,139,1,False,109,星星碎片,3:101,45号道路,hidden:3:101:4,"{""path"": ""maps_research/out/events/events.json"", ""json_pointer"": ""/maps/3:101/bg_events/4"", ""file_sha256"": ""e525183683453d3f2a889a3456fe6a11ef1b4bdd88c6bffba087faf27add2c6e""}",world/pages/maps/g03_n101.md
6,0x08A13020,0a004d000007000045008801,10,77,0,7,hidden_item,0x01880045,69,136,1,False,69,PP提升剂,3:101,45号道路,hidden:3:101:6,"{""path"": ""maps_research/out/events/events.json"", ""json_pointer"": ""/maps/3:101/bg_events/6"", ""file_sha256"": ""e525183683453d3f2a889a3456fe6a11ef1b4bdd88c6bffba087faf27add2c6e""}",world/pages/maps/g03_n101.md
7,0x08A1302C,160017000007000047008901,22,23,0,7,hidden_item,0x01890047,71,137,1,False,71,PP极限提升剂,3:101,45号道路,hidden:3:101:7,"{""path"": ""maps_research/out/events/events.json"", ""json_pointer"": ""/maps/3:101/bg_events/7"", ""file_sha256"": ""e525183683453d3f2a889a3456fe6a11ef1b4bdd88c6bffba087faf27add2c6e""}",world/pages/maps/g03_n101.md
1,0x08C196F4,240030000007000031009501,36,48,0,7,hidden_item,0x01950031,49,149,1,False,49,蓝色碎片,3:102,50号水路,hidden:3:102:1,"{""path"": ""maps_research/out/events/events.json"", ""json_pointer"": ""/maps/3:102/bg_events/1"", ""file_sha256"": ""e525183683453d3f2a889a3456fe6a11ef1b4bdd88c6bffba087faf27add2c6e""}",world/pages/maps/g03_n102.md
2,0x08C19700,1a002d00000700006d009401,26,45,0,7,hidden_item,0x0194006D,109,148,1,False,109,星星碎片,3:102,50号水路,hidden:3:102:2,"{""path"": ""maps_research/out/events/events.json"", ""json_pointer"": ""/maps/3:102/bg_events/2"", ""file_sha256"": ""e525183683453d3f2a889a3456fe6a11ef1b4bdd88c6bffba087faf27add2c6e""}",world/pages/maps/g03_n102.md
7,0x08C1973C,05002000030700001902b301,5,32,3,7,hidden_item,0x01B30219,537,179,1,False,537,经验糖果S,3:102,50号水路,hidden:3:102:7,"{""path"": ""maps_research/out/events/events.json"", ""json_pointer"": ""/maps/3:102/bg_events/7"", ""file_sha256"": ""e525183683453d3f2a889a3456fe6a11ef1b4bdd88c6bffba087faf27add2c6e""}",world/pages/maps/g03_n102.md
9,0x08C19754,1700140000070000e7029601,23,20,0,7,hidden_item,0x019602E7,743,150,1,False,743,水晶护符,3:102,50号水路,hidden:3:102:9,"{""path"": ""maps_research/out/events/events.json"", ""json_pointer"": ""/maps/3:102/bg_events/9"", ""file_sha256"": ""e525183683453d3f2a889a3456fe6a11ef1b4bdd88c6bffba087faf27add2c6e""}",world/pages/maps/g03_n102.md
10,0x08C19760,08003000030700003900b405,8,48,3,7,hidden_item,0x05B40039,57,180,5,False,57,体力之羽,3:102,50号水路,hidden:3:102:10,"{""path"": ""maps_research/out/events/events.json"", ""json_pointer"": ""/maps/3:102/bg_events/10"", ""file_sha256"": ""e525183683453d3f2a889a3456fe6a11ef1b4bdd88c6bffba087faf27add2c6e""}",world/pages/maps/g03_n102.md
0,0x08BEB8C8,230003000007000068004102,35,3,0,7,hidden_item,0x02410068,104,65,2,False,104,大蘑菇,3:103,50号水路,hidden:3:103:0,"{""path"": ""maps_research/out/events/events.json"", ""json_pointer"": ""/maps/3:103/bg_events/0"", ""file_sha256"": ""e525183683453d3f2a889a3456fe6a11ef1b4bdd88c6bffba087faf27add2c6e""}",world/pages/maps/g03_n103.md
1,0x08BEB8D4,1a0003000007000018004001,26,3,0,7,hidden_item,0x01400018,24,64,1,False,24,活力碎片,3:103,50号水路,hidden:3:103:1,"{""path"": ""maps_research/out/events/events.json"", ""json_pointer"": ""/maps/3:103/bg_events/1"", ""file_sha256"": ""e525183683453d3f2a889a3456fe6a11ef1b4bdd88c6bffba087faf27add2c6e""}",world/pages/maps/g03_n103.md
2,0x08BEB8E0,29007000030700006f004203,41,112,3,7,hidden_item,0x0342006F,111,66,3,False,111,心之鳞片,3:103,50号水路,hidden:3:103:2,"{""path"": ""maps_research/out/events/events.json"", ""json_pointer"": ""/maps/3:103/bg_events/2"", ""file_sha256"": ""e525183683453d3f2a889a3456fe6a11ef1b4bdd88c6bffba087faf27add2c6e""}",world/pages/maps/g03_n103.md
3,0x08BEB8EC,1f0044000007000031004301,31,68,0,7,hidden_item,0x01430031,49,67,1,False,49,蓝色碎片,3:103,50号水路,hidden:3:103:3,"{""path"": ""maps_research/out/events/events.json"", ""json_pointer"": ""/maps/3:103/bg_events/3"", ""file_sha256"": ""e525183683453d3f2a889a3456fe6a11ef1b4bdd88c6bffba087faf27add2c6e""}",world/pages/maps/g03_n103.md
4,0x08BEB8F8,280033000007000032004401,40,51,0,7,hidden_item,0x01440032,50,68,1,False,50,黄色碎片,3:103,50号水路,hidden:3:103:4,"{""path"": ""maps_research/out/events/events.json"", ""json_pointer"": ""/maps/3:103/bg_events/4"", ""file_sha256"": ""e525183683453d3f2a889a3456fe6a11ef1b4bdd88c6bffba087faf27add2c6e""}",world/pages/maps/g03_n103.md
5,0x08BEB904,120061000007000033004501,18,97,0,7,hidden_item,0x01450033,51,69,1,False,51,绿色碎片,3:103,50号水路,hidden:3:103:5,"{""path"": ""maps_research/out/events/events.json"", ""json_pointer"": ""/maps/3:103/bg_events/5"", ""file_sha256"": ""e525183683453d3f2a889a3456fe6a11ef1b4bdd88c6bffba087faf27add2c6e""}",world/pages/maps/g03_n103.md
6,0x08BEB910,1a003f000007000030004601,26,63,0,7,hidden_item,0x01460030,48,70,1,False,48,红色碎片,3:103,50号水路,hidden:3:103:6,"{""path"": ""maps_research/out/events/events.json"", ""json_pointer"": ""/maps/3:103/bg_events/6"", ""file_sha256"": ""e525183683453d3f2a889a3456fe6a11ef1b4bdd88c6bffba087faf27add2c6e""}",world/pages/maps/g03_n103.md
7,0x08BEB91C,25002100000700006f004702,37,33,0,7,hidden_item,0x0247006F,111,71,2,False,111,心之鳞片,3:103,50号水路,hidden:3:103:7,"{""path"": ""maps_research/out/events/events.json"", ""json_pointer"": ""/maps/3:103/bg_events/7"", ""file_sha256"": ""e525183683453d3f2a889a3456fe6a11ef1b4bdd88c6bffba087faf27add2c6e""}",world/pages/maps/g03_n103.md
8,0x08BEB928,18006d00000700006a004801,24,109,0,7,hidden_item,0x0148006A,106,72,1,False,106,珍珠,3:103,50号水路,hidden:3:103:8,"{""path"": ""maps_research/out/events/events.json"", ""json_pointer"": ""/maps/3:103/bg_events/8"", ""file_sha256"": ""e525183683453d3f2a889a3456fe6a11ef1b4bdd88c6bffba087faf27add2c6e""}",world/pages/maps/g03_n103.md
9,0x08BEB934,0e005100000700006d004901,14,81,0,7,hidden_item,0x0149006D,109,73,1,False,109,星星碎片,3:103,50号水路,hidden:3:103:9,"{""path"": ""maps_research/out/events/events.json"", ""json_pointer"": ""/maps/3:103/bg_events/9"", ""file_sha256"": ""e525183683453d3f2a889a3456fe6a11ef1b4bdd88c6bffba087faf27add2c6e""}",world/pages/maps/g03_n103.md
0,0x08C954B8,2600290000070000ec029201,38,41,0,7,hidden_item,0x019202EC,748,146,1,False,748,卡比丘,3:104,51号水路,hidden:3:104:0,"{""path"": ""maps_research/out/events/events.json"", ""json_pointer"": ""/maps/3:104/bg_events/0"", ""file_sha256"": ""e525183683453d3f2a889a3456fe6a11ef1b4bdd88c6bffba087faf27add2c6e""}",world/pages/maps/g03_n104.md
2,0x08C954D0,500008000307000045009301,80,8,3,7,hidden_item,0x01930045,69,147,1,False,69,PP提升剂,3:104,51号水路,hidden:3:104:2,"{""path"": ""maps_research/out/events/events.json"", ""json_pointer"": ""/maps/3:104/bg_events/2"", ""file_sha256"": ""e525183683453d3f2a889a3456fe6a11ef1b4bdd88c6bffba087faf27add2c6e""}",world/pages/maps/g03_n104.md
3,0x08C84D14,050002000007000068004a01,5,2,0,7,hidden_item,0x014A0068,104,74,1,False,104,大蘑菇,3:105,50号水路,hidden:3:105:3,"{""path"": ""maps_research/out/events/events.json"", ""json_pointer"": ""/maps/3:105/bg_events/3"", ""file_sha256"": ""e525183683453d3f2a889a3456fe6a11ef1b4bdd88c6bffba087faf27add2c6e""}",world/pages/maps/g03_n105.md
4,0x08C84D20,0d0031000007000045004b01,13,49,0,7,hidden_item,0x014B0045,69,75,1,False,69,PP提升剂,3:105,50号水路,hidden:3:105:4,"{""path"": ""maps_research/out/events/events.json"", ""json_pointer"": ""/maps/3:105/bg_events/4"", ""file_sha256"": ""e525183683453d3f2a889a3456fe6a11ef1b4bdd88c6bffba087faf27add2c6e""}",world/pages/maps/g03_n105.md
5,0x08C84D2C,22003700000700006e004c01,34,55,0,7,hidden_item,0x014C006E,110,76,1,False,110,金珠,3:105,50号水路,hidden:3:105:5,"{""path"": ""maps_research/out/events/events.json"", ""json_pointer"": ""/maps/3:105/bg_events/5"", ""file_sha256"": ""e525183683453d3f2a889a3456fe6a11ef1b4bdd88c6bffba087faf27add2c6e""}",world/pages/maps/g03_n105.md
6,0x08C84D38,200009000007000018004d01,32,9,0,7,hidden_item,0x014D0018,24,77,1,False,24,活力碎片,3:105,50号水路,hidden:3:105:6,"{""path"": ""maps_research/out/events/events.json"", ""json_pointer"": ""/maps/3:105/bg_events/6"", ""file_sha256"": ""e525183683453d3f2a889a3456fe6a11ef1b4bdd88c6bffba087faf27add2c6e""}",world/pages/maps/g03_n105.md
7,0x08C84D44,26001200000700006f004e02,38,18,0,7,hidden_item,0x024E006F,111,78,2,False,111,心之鳞片,3:105,50号水路,hidden:3:105:7,"{""path"": ""maps_research/out/events/events.json"", ""json_pointer"": ""/maps/3:105/bg_events/7"", ""file_sha256"": ""e525183683453d3f2a889a3456fe6a11ef1b4bdd88c6bffba087faf27add2c6e""}",world/pages/maps/g03_n105.md
8,0x08C84D50,10001b00000700006f004f01,16,27,0,7,hidden_item,0x014F006F,111,79,1,False,111,心之鳞片,3:105,50号水路,hidden:3:105:8,"{""path"": ""maps_research/out/events/events.json"", ""json_pointer"": ""/maps/3:105/bg_events/8"", ""file_sha256"": ""e525183683453d3f2a889a3456fe6a11ef1b4bdd88c6bffba087faf27add2c6e""}",world/pages/maps/g03_n105.md
9,0x08C84D5C,07001a000007000044005001,7,26,0,7,hidden_item,0x01500044,68,80,1,False,68,神奇糖果,3:105,50号水路,hidden:3:105:9,"{""path"": ""maps_research/out/events/events.json"", ""json_pointer"": ""/maps/3:105/bg_events/9"", ""file_sha256"": ""e525183683453d3f2a889a3456fe6a11ef1b4bdd88c6bffba087faf27add2c6e""}",world/pages/maps/g03_n105.md
10,0x08C84D68,2c0022000007000031005101,44,34,0,7,hidden_item,0x01510031,49,81,1,False,49,蓝色碎片,3:105,50号水路,hidden:3:105:10,"{""path"": ""maps_research/out/events/events.json"", ""json_pointer"": ""/maps/3:105/bg_events/10"", ""file_sha256"": ""e525183683453d3f2a889a3456fe6a11ef1b4bdd88c6bffba087faf27add2c6e""}",world/pages/maps/g03_n105.md
11,0x08C84D74,2c00350000070000d5005201,44,53,0,7,hidden_item,0x015200D5,213,82,1,False,213,咒术之符,3:105,50号水路,hidden:3:105:11,"{""path"": ""maps_research/out/events/events.json"", ""json_pointer"": ""/maps/3:105/bg_events/11"", ""file_sha256"": ""e525183683453d3f2a889a3456fe6a11ef1b4bdd88c6bffba087faf27add2c6e""}",world/pages/maps/g03_n105.md
15,0x08C84DA4,09004000000700006a00b501,9,64,0,7,hidden_item,0x01B5006A,106,181,1,False,106,珍珠,3:105,50号水路,hidden:3:105:15,"{""path"": ""maps_research/out/events/events.json"", ""json_pointer"": ""/maps/3:105/bg_events/15"", ""file_sha256"": ""e525183683453d3f2a889a3456fe6a11ef1b4bdd88c6bffba087faf27add2c6e""}",world/pages/maps/g03_n105.md
1,0x087C144C,0e0049000007000068003101,14,73,0,7,hidden_item,0x01310068,104,49,1,False,104,大蘑菇,3:106,26号道路,hidden:3:106:1,"{""path"": ""maps_research/out/events/events.json"", ""json_pointer"": ""/maps/3:106/bg_events/1"", ""file_sha256"": ""e525183683453d3f2a889a3456fe6a11ef1b4bdd88c6bffba087faf27add2c6e""}",world/pages/maps/g03_n106.md
2,0x087C1458,1d001e00000700006f003001,29,30,0,7,hidden_item,0x0130006F,111,48,1,False,111,心之鳞片,3:106,26号道路,hidden:3:106:2,"{""path"": ""maps_research/out/events/events.json"", ""json_pointer"": ""/maps/3:106/bg_events/2"", ""file_sha256"": ""e525183683453d3f2a889a3456fe6a11ef1b4bdd88c6bffba087faf27add2c6e""}",world/pages/maps/g03_n106.md
0,0x08A19484,0c0020000007000002005501,12,32,0,7,hidden_item,0x01550002,2,85,1,False,2,高级球,3:107,连接洞,hidden:3:107:0,"{""path"": ""maps_research/out/events/events.json"", ""json_pointer"": ""/maps/3:107/bg_events/0"", ""file_sha256"": ""e525183683453d3f2a889a3456fe6a11ef1b4bdd88c6bffba087faf27add2c6e""}",world/pages/maps/g03_n107.md
1,0x08A19490,0d0010000007000043005601,13,16,0,7,hidden_item,0x01560043,67,86,1,False,67,特攻增强剂,3:107,连接洞,hidden:3:107:1,"{""path"": ""maps_research/out/events/events.json"", ""json_pointer"": ""/maps/3:107/bg_events/1"", ""file_sha256"": ""e525183683453d3f2a889a3456fe6a11ef1b4bdd88c6bffba087faf27add2c6e""}",world/pages/maps/g03_n107.md
2,0x08A1949C,240017000007000030005701,36,23,0,7,hidden_item,0x01570030,48,87,1,False,48,红色碎片,3:107,连接洞,hidden:3:107:2,"{""path"": ""maps_research/out/events/events.json"", ""json_pointer"": ""/maps/3:107/bg_events/2"", ""file_sha256"": ""e525183683453d3f2a889a3456fe6a11ef1b4bdd88c6bffba087faf27add2c6e""}",world/pages/maps/g03_n107.md
2,0x083B9B6C,0200020003070000b500bd81,2,2,3,7,hidden_item,0x81BD00B5,181,189,1,True,181,强制锻炼器,5:1,常青市,hidden:5:1:2,"{""path"": ""maps_research/out/events/events.json"", ""json_pointer"": ""/maps/5:1/bg_events/2"", ""file_sha256"": ""e525183683453d3f2a889a3456fe6a11ef1b4bdd88c6bffba087faf27add2c6e""}",world/pages/maps/g05_n001.md
0,0x083BB9C8,02000400030700000000330a,2,4,3,7,hidden_item,0x0A330000,0,51,10,False,0,????????,10:14,玉虹市,hidden:10:14:0,"{""path"": ""maps_research/out/events/events.json"", ""json_pointer"": ""/maps/10:14/bg_events/0"", ""file_sha256"": ""e525183683453d3f2a889a3456fe6a11ef1b4bdd88c6bffba087faf27add2c6e""}",world/pages/maps/g10_n014.md
1,0x083BB9D4,03000800030700000000340a,3,8,3,7,hidden_item,0x0A340000,0,52,10,False,0,????????,10:14,玉虹市,hidden:10:14:1,"{""path"": ""maps_research/out/events/events.json"", ""json_pointer"": ""/maps/10:14/bg_events/1"", ""file_sha256"": ""e525183683453d3f2a889a3456fe6a11ef1b4bdd88c6bffba087faf27add2c6e""}",world/pages/maps/g10_n014.md
2,0x083BB9E0,02000b000307000000003514,2,11,3,7,hidden_item,0x14350000,0,53,20,False,0,????????,10:14,玉虹市,hidden:10:14:2,"{""path"": ""maps_research/out/events/events.json"", ""json_pointer"": ""/maps/10:14/bg_events/2"", ""file_sha256"": ""e525183683453d3f2a889a3456fe6a11ef1b4bdd88c6bffba087faf27add2c6e""}",world/pages/maps/g10_n014.md
3,0x083BB9EC,06000c00030700000000360a,6,12,3,7,hidden_item,0x0A360000,0,54,10,False,0,????????,10:14,玉虹市,hidden:10:14:3,"{""path"": ""maps_research/out/events/events.json"", ""json_pointer"": ""/maps/10:14/bg_events/3"", ""file_sha256"": ""e525183683453d3f2a889a3456fe6a11ef1b4bdd88c6bffba087faf27add2c6e""}",world/pages/maps/g10_n014.md
4,0x083BB9F8,09000900030700000000370a,9,9,3,7,hidden_item,0x0A370000,0,55,10,False,0,????????,10:14,玉虹市,hidden:10:14:4,"{""path"": ""maps_research/out/events/events.json"", ""json_pointer"": ""/maps/10:14/bg_events/4"", ""file_sha256"": ""e525183683453d3f2a889a3456fe6a11ef1b4bdd88c6bffba087faf27add2c6e""}",world/pages/maps/g10_n014.md
5,0x083BBA04,080005000307000000003814,8,5,3,7,hidden_item,0x14380000,0,56,20,False,0,????????,10:14,玉虹市,hidden:10:14:5,"{""path"": ""maps_research/out/events/events.json"", ""json_pointer"": ""/maps/10:14/bg_events/5"", ""file_sha256"": ""e525183683453d3f2a889a3456fe6a11ef1b4bdd88c6bffba087faf27add2c6e""}",world/pages/maps/g10_n014.md
6,0x083BBA10,0a000400030700000000390a,10,4,3,7,hidden_item,0x0A390000,0,57,10,False,0,????????,10:14,玉虹市,hidden:10:14:6,"{""path"": ""maps_research/out/events/events.json"", ""json_pointer"": ""/maps/10:14/bg_events/6"", ""file_sha256"": ""e525183683453d3f2a889a3456fe6a11ef1b4bdd88c6bffba087faf27add2c6e""}",world/pages/maps/g10_n014.md
7,0x083BBA1C,0d0003000307000000003a0a,13,3,3,7,hidden_item,0x0A3A0000,0,58,10,False,0,????????,10:14,玉虹市,hidden:10:14:7,"{""path"": ""maps_research/out/events/events.json"", ""json_pointer"": ""/maps/10:14/bg_events/7"", ""file_sha256"": ""e525183683453d3f2a889a3456fe6a11ef1b4bdd88c6bffba087faf27add2c6e""}",world/pages/maps/g10_n014.md
8,0x083BBA28,0f0005000307000000003b0a,15,5,3,7,hidden_item,0x0A3B0000,0,59,10,False,0,????????,10:14,玉虹市,hidden:10:14:8,"{""path"": ""maps_research/out/events/events.json"", ""json_pointer"": ""/maps/10:14/bg_events/8"", ""file_sha256"": ""e525183683453d3f2a889a3456fe6a11ef1b4bdd88c6bffba087faf27add2c6e""}",world/pages/maps/g10_n014.md
9,0x083BBA34,110005000307000000003c28,17,5,3,7,hidden_item,0x283C0000,0,60,40,False,0,????????,10:14,玉虹市,hidden:10:14:9,"{""path"": ""maps_research/out/events/events.json"", ""json_pointer"": ""/maps/10:14/bg_events/9"", ""file_sha256"": ""e525183683453d3f2a889a3456fe6a11ef1b4bdd88c6bffba087faf27add2c6e""}",world/pages/maps/g10_n014.md
10,0x083BBA40,0f000d000307000000003d64,15,13,3,7,hidden_item,0x643D0000,0,61,100,False,0,????????,10:14,玉虹市,hidden:10:14:10,"{""path"": ""maps_research/out/events/events.json"", ""json_pointer"": ""/maps/10:14/bg_events/10"", ""file_sha256"": ""e525183683453d3f2a889a3456fe6a11ef1b4bdd88c6bffba087faf27add2c6e""}",world/pages/maps/g10_n014.md
11,0x083BBA4C,0c000c000307000000003e0a,12,12,3,7,hidden_item,0x0A3E0000,0,62,10,False,0,????????,10:14,玉虹市,hidden:10:14:11,"{""path"": ""maps_research/out/events/events.json"", ""json_pointer"": ""/maps/10:14/bg_events/11"", ""file_sha256"": ""e525183683453d3f2a889a3456fe6a11ef1b4bdd88c6bffba087faf27add2c6e""}",world/pages/maps/g10_n014.md
2,0x083BCC30,02000100000700006e001a01,2,1,0,7,hidden_item,0x011A006E,110,26,1,False,110,金珠,14:1,山吹市,hidden:14:1:2,"{""path"": ""maps_research/out/events/events.json"", ""json_pointer"": ""/maps/14:1/bg_events/2"", ""file_sha256"": ""e525183683453d3f2a889a3456fe6a11ef1b4bdd88c6bffba087faf27add2c6e""}",world/pages/maps/g14_n001.md
1,0x08B26F38,11001b000007000068002703,17,27,0,7,hidden_item,0x03270068,104,39,3,False,104,大蘑菇,48:2,铃音小道,hidden:48:2:1,"{""path"": ""maps_research/out/events/events.json"", ""json_pointer"": ""/maps/48:2/bg_events/1"", ""file_sha256"": ""e525183683453d3f2a889a3456fe6a11ef1b4bdd88c6bffba087faf27add2c6e""}",world/pages/maps/g48_n002.md
1,0x08C870EC,030011000007000002002401,3,17,0,7,hidden_item,0x01240002,2,36,1,False,2,高级球,48:3,烧焦塔,hidden:48:3:1,"{""path"": ""maps_research/out/events/events.json"", ""json_pointer"": ""/maps/48:3/bg_events/1"", ""file_sha256"": ""e525183683453d3f2a889a3456fe6a11ef1b4bdd88c6bffba087faf27add2c6e""}",world/pages/maps/g48_n003.md
2,0x08C870F8,080002000007000022002301,8,2,0,7,hidden_item,0x01230022,34,35,1,False,34,PP单项小补剂,48:3,烧焦塔,hidden:48:3:2,"{""path"": ""maps_research/out/events/events.json"", ""json_pointer"": ""/maps/48:3/bg_events/2"", ""file_sha256"": ""e525183683453d3f2a889a3456fe6a11ef1b4bdd88c6bffba087faf27add2c6e""}",world/pages/maps/g48_n003.md
1,0x08C872AC,0a00110000070000eb022601,10,17,0,7,hidden_item,0x012602EB,747,38,1,False,747,精灵球模具,48:4,烧焦塔,hidden:48:4:1,"{""path"": ""maps_research/out/events/events.json"", ""json_pointer"": ""/maps/48:4/bg_events/1"", ""file_sha256"": ""e525183683453d3f2a889a3456fe6a11ef1b4bdd88c6bffba087faf27add2c6e""}",world/pages/maps/g48_n004.md
2,0x08C872B8,090003000007000019022501,9,3,0,7,hidden_item,0x01250219,537,37,1,False,537,经验糖果S,48:4,烧焦塔,hidden:48:4:2,"{""path"": ""maps_research/out/events/events.json"", ""json_pointer"": ""/maps/48:4/bg_events/2"", ""file_sha256"": ""e525183683453d3f2a889a3456fe6a11ef1b4bdd88c6bffba087faf27add2c6e""}",world/pages/maps/g48_n004.md
0,0x08B98868,0e000900000700006a00aa01,14,9,0,7,hidden_item,0x01AA006A,106,170,1,False,106,珍珠,49:6,浅葱市,hidden:49:6:0,"{""path"": ""maps_research/out/events/events.json"", ""json_pointer"": ""/maps/49:6/bg_events/0"", ""file_sha256"": ""e525183683453d3f2a889a3456fe6a11ef1b4bdd88c6bffba087faf27add2c6e""}",world/pages/maps/g49_n006.md
0,0x08B86440,06000a000007000015003101,6,10,0,7,hidden_item,0x01310015,21,49,1,False,21,厉害伤药,49:13,光辉灯塔,hidden:49:13:0,"{""path"": ""maps_research/out/events/events.json"", ""json_pointer"": ""/maps/49:13/bg_events/0"", ""file_sha256"": ""e525183683453d3f2a889a3456fe6a11ef1b4bdd88c6bffba087faf27add2c6e""}",world/pages/maps/g49_n013.md
8,0x08B864A0,0f0013000007000002008701,15,19,0,7,hidden_item,0x01870002,2,135,1,False,2,高级球,49:13,光辉灯塔,hidden:49:13:8,"{""path"": ""maps_research/out/events/events.json"", ""json_pointer"": ""/maps/49:13/bg_events/8"", ""file_sha256"": ""e525183683453d3f2a889a3456fe6a11ef1b4bdd88c6bffba087faf27add2c6e""}",world/pages/maps/g49_n013.md
8,0x08B8FB64,06000b000007000040008801,6,11,0,7,hidden_item,0x01880040,64,136,1,False,64,攻击增强剂,49:14,光辉灯塔,hidden:49:14:8,"{""path"": ""maps_research/out/events/events.json"", ""json_pointer"": ""/maps/49:14/bg_events/8"", ""file_sha256"": ""e525183683453d3f2a889a3456fe6a11ef1b4bdd88c6bffba087faf27add2c6e""}",world/pages/maps/g49_n014.md
4,0x08CC4568,16001300000700003f008f01,22,19,0,7,hidden_item,0x018F003F,63,143,1,False,63,HP增强剂,49:15,光辉灯塔,hidden:49:15:4,"{""path"": ""maps_research/out/events/events.json"", ""json_pointer"": ""/maps/49:15/bg_events/4"", ""file_sha256"": ""e525183683453d3f2a889a3456fe6a11ef1b4bdd88c6bffba087faf27add2c6e""}",world/pages/maps/g49_n015.md
4,0x08CD5B14,170001000007000018009001,23,1,0,7,hidden_item,0x01900018,24,144,1,False,24,活力碎片,49:16,光辉灯塔,hidden:49:16:4,"{""path"": ""maps_research/out/events/events.json"", ""json_pointer"": ""/maps/49:16/bg_events/4"", ""file_sha256"": ""e525183683453d3f2a889a3456fe6a11ef1b4bdd88c6bffba087faf27add2c6e""}",world/pages/maps/g49_n016.md
2,0x08C68344,00000000000700006e001a01,0,0,0,7,hidden_item,0x011A006E,110,26,1,False,110,金珠,50:1,满金市,hidden:50:1:2,"{""path"": ""maps_research/out/events/events.json"", ""json_pointer"": ""/maps/50:1/bg_events/2"", ""file_sha256"": ""e525183683453d3f2a889a3456fe6a11ef1b4bdd88c6bffba087faf27add2c6e""}",world/pages/maps/g50_n001.md
0,0x08BE1014,17002600030700000d004601,23,38,3,7,hidden_item,0x0146000D,13,70,1,False,13,伤药,50:5,满金市,hidden:50:5:0,"{""path"": ""maps_research/out/events/events.json"", ""json_pointer"": ""/maps/50:5/bg_events/0"", ""file_sha256"": ""e525183683453d3f2a889a3456fe6a11ef1b4bdd88c6bffba087faf27add2c6e""}",world/pages/maps/g50_n005.md
1,0x08BE1020,16002600030700000e004701,22,38,3,7,hidden_item,0x0147000E,14,71,1,False,14,解毒药,50:5,满金市,hidden:50:5:1,"{""path"": ""maps_research/out/events/events.json"", ""json_pointer"": ""/maps/50:5/bg_events/1"", ""file_sha256"": ""e525183683453d3f2a889a3456fe6a11ef1b4bdd88c6bffba087faf27add2c6e""}",world/pages/maps/g50_n005.md
2,0x08BE102C,02003900030700000f004a01,2,57,3,7,hidden_item,0x014A000F,15,74,1,False,15,灼伤药,50:5,满金市,hidden:50:5:2,"{""path"": ""maps_research/out/events/events.json"", ""json_pointer"": ""/maps/50:5/bg_events/2"", ""file_sha256"": ""e525183683453d3f2a889a3456fe6a11ef1b4bdd88c6bffba087faf27add2c6e""}",world/pages/maps/g50_n005.md
4,0x08BE1044,060035000307000010004b01,6,53,3,7,hidden_item,0x014B0010,16,75,1,False,16,解冻药,50:5,满金市,hidden:50:5:4,"{""path"": ""maps_research/out/events/events.json"", ""json_pointer"": ""/maps/50:5/bg_events/4"", ""file_sha256"": ""e525183683453d3f2a889a3456fe6a11ef1b4bdd88c6bffba087faf27add2c6e""}",world/pages/maps/g50_n005.md
5,0x08BE1050,170025000307000012004801,23,37,3,7,hidden_item,0x01480012,18,72,1,False,18,解麻药,50:5,满金市,hidden:50:5:5,"{""path"": ""maps_research/out/events/events.json"", ""json_pointer"": ""/maps/50:5/bg_events/5"", ""file_sha256"": ""e525183683453d3f2a889a3456fe6a11ef1b4bdd88c6bffba087faf27add2c6e""}",world/pages/maps/g50_n005.md
0,0x08B177A4,1d000800030700000d004601,29,8,3,7,hidden_item,0x0146000D,13,70,1,False,13,伤药,50:7,满金市,hidden:50:7:0,"{""path"": ""maps_research/out/events/events.json"", ""json_pointer"": ""/maps/50:7/bg_events/0"", ""file_sha256"": ""e525183683453d3f2a889a3456fe6a11ef1b4bdd88c6bffba087faf27add2c6e""}",world/pages/maps/g50_n007.md
1,0x08B177B0,1d000800030700000e004701,29,8,3,7,hidden_item,0x0147000E,14,71,1,False,14,解毒药,50:7,满金市,hidden:50:7:1,"{""path"": ""maps_research/out/events/events.json"", ""json_pointer"": ""/maps/50:7/bg_events/1"", ""file_sha256"": ""e525183683453d3f2a889a3456fe6a11ef1b4bdd88c6bffba087faf27add2c6e""}",world/pages/maps/g50_n007.md
2,0x08B177BC,02003900030700000f004a01,2,57,3,7,hidden_item,0x014A000F,15,74,1,False,15,灼伤药,50:7,满金市,hidden:50:7:2,"{""path"": ""maps_research/out/events/events.json"", ""json_pointer"": ""/maps/50:7/bg_events/2"", ""file_sha256"": ""e525183683453d3f2a889a3456fe6a11ef1b4bdd88c6bffba087faf27add2c6e""}",world/pages/maps/g50_n007.md
3,0x08B177C8,1d0008000307000011004901,29,8,3,7,hidden_item,0x01490011,17,73,1,False,17,解眠药,50:7,满金市,hidden:50:7:3,"{""path"": ""maps_research/out/events/events.json"", ""json_pointer"": ""/maps/50:7/bg_events/3"", ""file_sha256"": ""e525183683453d3f2a889a3456fe6a11ef1b4bdd88c6bffba087faf27add2c6e""}",world/pages/maps/g50_n007.md
4,0x08B177D4,060035000307000010004b01,6,53,3,7,hidden_item,0x014B0010,16,75,1,False,16,解冻药,50:7,满金市,hidden:50:7:4,"{""path"": ""maps_research/out/events/events.json"", ""json_pointer"": ""/maps/50:7/bg_events/4"", ""file_sha256"": ""e525183683453d3f2a889a3456fe6a11ef1b4bdd88c6bffba087faf27add2c6e""}",world/pages/maps/g50_n007.md
6,0x08B177EC,1d0008000307000022004c01,29,8,3,7,hidden_item,0x014C0022,34,76,1,False,34,PP单项小补剂,50:7,满金市,hidden:50:7:6,"{""path"": ""maps_research/out/events/events.json"", ""json_pointer"": ""/maps/50:7/bg_events/6"", ""file_sha256"": ""e525183683453d3f2a889a3456fe6a11ef1b4bdd88c6bffba087faf27add2c6e""}",world/pages/maps/g50_n007.md
2,0x08C7E748,02003900030700000f004a01,2,57,3,7,hidden_item,0x014A000F,15,74,1,False,15,灼伤药,50:10,满金市,hidden:50:10:2,"{""path"": ""maps_research/out/events/events.json"", ""json_pointer"": ""/maps/50:10/bg_events/2"", ""file_sha256"": ""e525183683453d3f2a889a3456fe6a11ef1b4bdd88c6bffba087faf27add2c6e""}",world/pages/maps/g50_n010.md
3,0x08C7E754,0a0019000307000011004901,10,25,3,7,hidden_item,0x01490011,17,73,1,False,17,解眠药,50:10,满金市,hidden:50:10:3,"{""path"": ""maps_research/out/events/events.json"", ""json_pointer"": ""/maps/50:10/bg_events/3"", ""file_sha256"": ""e525183683453d3f2a889a3456fe6a11ef1b4bdd88c6bffba087faf27add2c6e""}",world/pages/maps/g50_n010.md
4,0x08C7E760,060035000307000010004b01,6,53,3,7,hidden_item,0x014B0010,16,75,1,False,16,解冻药,50:10,满金市,hidden:50:10:4,"{""path"": ""maps_research/out/events/events.json"", ""json_pointer"": ""/maps/50:10/bg_events/4"", ""file_sha256"": ""e525183683453d3f2a889a3456fe6a11ef1b4bdd88c6bffba087faf27add2c6e""}",world/pages/maps/g50_n010.md
0,0x08A3919C,04000f000007000016003c01,4,15,0,7,hidden_item,0x013C0016,22,60,1,False,22,好伤药,50:36,满金市,hidden:50:36:0,"{""path"": ""maps_research/out/events/events.json"", ""json_pointer"": ""/maps/50:36/bg_events/0"", ""file_sha256"": ""e525183683453d3f2a889a3456fe6a11ef1b4bdd88c6bffba087faf27add2c6e""}",world/pages/maps/g50_n036.md
1,0x08A391A8,10000f000007000026003a01,16,15,0,7,hidden_item,0x013A0026,38,58,1,False,38,釜炎仙贝,50:36,满金市,hidden:50:36:1,"{""path"": ""maps_research/out/events/events.json"", ""json_pointer"": ""/maps/50:36/bg_events/1"", ""file_sha256"": ""e525183683453d3f2a889a3456fe6a11ef1b4bdd88c6bffba087faf27add2c6e""}",world/pages/maps/g50_n036.md
2,0x08A391B4,0c000c000007000044003b01,12,12,0,7,hidden_item,0x013B0044,68,59,1,False,68,神奇糖果,50:36,满金市,hidden:50:36:2,"{""path"": ""maps_research/out/events/events.json"", ""json_pointer"": ""/maps/50:36/bg_events/2"", ""file_sha256"": ""e525183683453d3f2a889a3456fe6a11ef1b4bdd88c6bffba087faf27add2c6e""}",world/pages/maps/g50_n036.md
4,0x08B268C4,10000300030700000000370a,16,3,3,7,hidden_item,0x0A370000,0,55,10,False,0,????????,51:0,缘朱市,hidden:51:0:4,"{""path"": ""maps_research/out/events/events.json"", ""json_pointer"": ""/maps/51:0/bg_events/4"", ""file_sha256"": ""e525183683453d3f2a889a3456fe6a11ef1b4bdd88c6bffba087faf27add2c6e""}",world/pages/maps/g51_n000.md
5,0x08B268D0,100003000307000000003814,16,3,3,7,hidden_item,0x14380000,0,56,20,False,0,????????,51:0,缘朱市,hidden:51:0:5,"{""path"": ""maps_research/out/events/events.json"", ""json_pointer"": ""/maps/51:0/bg_events/5"", ""file_sha256"": ""e525183683453d3f2a889a3456fe6a11ef1b4bdd88c6bffba087faf27add2c6e""}",world/pages/maps/g51_n000.md
6,0x08B268DC,10000300030700000000390a,16,3,3,7,hidden_item,0x0A390000,0,57,10,False,0,????????,51:0,缘朱市,hidden:51:0:6,"{""path"": ""maps_research/out/events/events.json"", ""json_pointer"": ""/maps/51:0/bg_events/6"", ""file_sha256"": ""e525183683453d3f2a889a3456fe6a11ef1b4bdd88c6bffba087faf27add2c6e""}",world/pages/maps/g51_n000.md
7,0x08B268E8,100003000307000000003a0a,16,3,3,7,hidden_item,0x0A3A0000,0,58,10,False,0,????????,51:0,缘朱市,hidden:51:0:7,"{""path"": ""maps_research/out/events/events.json"", ""json_pointer"": ""/maps/51:0/bg_events/7"", ""file_sha256"": ""e525183683453d3f2a889a3456fe6a11ef1b4bdd88c6bffba087faf27add2c6e""}",world/pages/maps/g51_n000.md
8,0x08B268F4,100003000307000000003b0a,16,3,3,7,hidden_item,0x0A3B0000,0,59,10,False,0,????????,51:0,缘朱市,hidden:51:0:8,"{""path"": ""maps_research/out/events/events.json"", ""json_pointer"": ""/maps/51:0/bg_events/8"", ""file_sha256"": ""e525183683453d3f2a889a3456fe6a11ef1b4bdd88c6bffba087faf27add2c6e""}",world/pages/maps/g51_n000.md
9,0x08B26900,0f0003000307000000003c28,15,3,3,7,hidden_item,0x283C0000,0,60,40,False,0,????????,51:0,缘朱市,hidden:51:0:9,"{""path"": ""maps_research/out/events/events.json"", ""json_pointer"": ""/maps/51:0/bg_events/9"", ""file_sha256"": ""e525183683453d3f2a889a3456fe6a11ef1b4bdd88c6bffba087faf27add2c6e""}",world/pages/maps/g51_n000.md
10,0x08B2690C,0f0003000307000000003d64,15,3,3,7,hidden_item,0x643D0000,0,61,100,False,0,????????,51:0,缘朱市,hidden:51:0:10,"{""path"": ""maps_research/out/events/events.json"", ""json_pointer"": ""/maps/51:0/bg_events/10"", ""file_sha256"": ""e525183683453d3f2a889a3456fe6a11ef1b4bdd88c6bffba087faf27add2c6e""}",world/pages/maps/g51_n000.md
11,0x08B26918,0f0002000307000000003e0a,15,2,3,7,hidden_item,0x0A3E0000,0,62,10,False,0,????????,51:0,缘朱市,hidden:51:0:11,"{""path"": ""maps_research/out/events/events.json"", ""json_pointer"": ""/maps/51:0/bg_events/11"", ""file_sha256"": ""e525183683453d3f2a889a3456fe6a11ef1b4bdd88c6bffba087faf27add2c6e""}",world/pages/maps/g51_n000.md
0,0x08B089CC,02000100030700000000330a,2,1,3,7,hidden_item,0x0A330000,0,51,10,False,0,????????,51:2,湛蓝市,hidden:51:2:0,"{""path"": ""maps_research/out/events/events.json"", ""json_pointer"": ""/maps/51:2/bg_events/0"", ""file_sha256"": ""e525183683453d3f2a889a3456fe6a11ef1b4bdd88c6bffba087faf27add2c6e""}",world/pages/maps/g51_n002.md
1,0x08B089D8,03000000030700000000340a,3,0,3,7,hidden_item,0x0A340000,0,52,10,False,0,????????,51:2,湛蓝市,hidden:51:2:1,"{""path"": ""maps_research/out/events/events.json"", ""json_pointer"": ""/maps/51:2/bg_events/1"", ""file_sha256"": ""e525183683453d3f2a889a3456fe6a11ef1b4bdd88c6bffba087faf27add2c6e""}",world/pages/maps/g51_n002.md
2,0x08B089E4,010001000307000000003514,1,1,3,7,hidden_item,0x14350000,0,53,20,False,0,????????,51:2,湛蓝市,hidden:51:2:2,"{""path"": ""maps_research/out/events/events.json"", ""json_pointer"": ""/maps/51:2/bg_events/2"", ""file_sha256"": ""e525183683453d3f2a889a3456fe6a11ef1b4bdd88c6bffba087faf27add2c6e""}",world/pages/maps/g51_n002.md
3,0x08B089F0,01000100030700000000360a,1,1,3,7,hidden_item,0x0A360000,0,54,10,False,0,????????,51:2,湛蓝市,hidden:51:2:3,"{""path"": ""maps_research/out/events/events.json"", ""json_pointer"": ""/maps/51:2/bg_events/3"", ""file_sha256"": ""e525183683453d3f2a889a3456fe6a11ef1b4bdd88c6bffba087faf27add2c6e""}",world/pages/maps/g51_n002.md
4,0x08B089FC,00000100030700000000370a,0,1,3,7,hidden_item,0x0A370000,0,55,10,False,0,????????,51:2,湛蓝市,hidden:51:2:4,"{""path"": ""maps_research/out/events/events.json"", ""json_pointer"": ""/maps/51:2/bg_events/4"", ""file_sha256"": ""e525183683453d3f2a889a3456fe6a11ef1b4bdd88c6bffba087faf27add2c6e""}",world/pages/maps/g51_n002.md
5,0x08B08A08,000001000307000000003814,0,1,3,7,hidden_item,0x14380000,0,56,20,False,0,????????,51:2,湛蓝市,hidden:51:2:5,"{""path"": ""maps_research/out/events/events.json"", ""json_pointer"": ""/maps/51:2/bg_events/5"", ""file_sha256"": ""e525183683453d3f2a889a3456fe6a11ef1b4bdd88c6bffba087faf27add2c6e""}",world/pages/maps/g51_n002.md
6,0x08B08A14,00000100030700000000390a,0,1,3,7,hidden_item,0x0A390000,0,57,10,False,0,????????,51:2,湛蓝市,hidden:51:2:6,"{""path"": ""maps_research/out/events/events.json"", ""json_pointer"": ""/maps/51:2/bg_events/6"", ""file_sha256"": ""e525183683453d3f2a889a3456fe6a11ef1b4bdd88c6bffba087faf27add2c6e""}",world/pages/maps/g51_n002.md
7,0x08B08A20,000001000307000000003a0a,0,1,3,7,hidden_item,0x0A3A0000,0,58,10,False,0,????????,51:2,湛蓝市,hidden:51:2:7,"{""path"": ""maps_research/out/events/events.json"", ""json_pointer"": ""/maps/51:2/bg_events/7"", ""file_sha256"": ""e525183683453d3f2a889a3456fe6a11ef1b4bdd88c6bffba087faf27add2c6e""}",world/pages/maps/g51_n002.md
8,0x08B08A2C,010001000307000000003b0a,1,1,3,7,hidden_item,0x0A3B0000,0,59,10,False,0,????????,51:2,湛蓝市,hidden:51:2:8,"{""path"": ""maps_research/out/events/events.json"", ""json_pointer"": ""/maps/51:2/bg_events/8"", ""file_sha256"": ""e525183683453d3f2a889a3456fe6a11ef1b4bdd88c6bffba087faf27add2c6e""}",world/pages/maps/g51_n002.md
9,0x08B08A38,000001000307000000003c28,0,1,3,7,hidden_item,0x283C0000,0,60,40,False,0,????????,51:2,湛蓝市,hidden:51:2:9,"{""path"": ""maps_research/out/events/events.json"", ""json_pointer"": ""/maps/51:2/bg_events/9"", ""file_sha256"": ""e525183683453d3f2a889a3456fe6a11ef1b4bdd88c6bffba087faf27add2c6e""}",world/pages/maps/g51_n002.md
10,0x08B08A44,010001000307000000003d64,1,1,3,7,hidden_item,0x643D0000,0,61,100,False,0,????????,51:2,湛蓝市,hidden:51:2:10,"{""path"": ""maps_research/out/events/events.json"", ""json_pointer"": ""/maps/51:2/bg_events/10"", ""file_sha256"": ""e525183683453d3f2a889a3456fe6a11ef1b4bdd88c6bffba087faf27add2c6e""}",world/pages/maps/g51_n002.md
11,0x08B08A50,000001000307000000003e0a,0,1,3,7,hidden_item,0x0A3E0000,0,62,10,False,0,????????,51:2,湛蓝市,hidden:51:2:11,"{""path"": ""maps_research/out/events/events.json"", ""json_pointer"": ""/maps/51:2/bg_events/11"", ""file_sha256"": ""e525183683453d3f2a889a3456fe6a11ef1b4bdd88c6bffba087faf27add2c6e""}",world/pages/maps/g51_n002.md
0,0x087C339C,1e000a000007000002000101,30,10,0,7,hidden_item,0x01010002,2,1,1,False,2,高级球,51:9,城都矿山,hidden:51:9:0,"{""path"": ""maps_research/out/events/events.json"", ""json_pointer"": ""/maps/51:9/bg_events/0"", ""file_sha256"": ""e525183683453d3f2a889a3456fe6a11ef1b4bdd88c6bffba087faf27add2c6e""}",world/pages/maps/g51_n009.md
1,0x087C33A8,29000d000007000003000201,41,13,0,7,hidden_item,0x01020003,3,2,1,False,3,超级球,51:9,城都矿山,hidden:51:9:1,"{""path"": ""maps_research/out/events/events.json"", ""json_pointer"": ""/maps/51:9/bg_events/1"", ""file_sha256"": ""e525183683453d3f2a889a3456fe6a11ef1b4bdd88c6bffba087faf27add2c6e""}",world/pages/maps/g51_n009.md
2,0x087C33B4,28001b000007000070000301,40,27,0,7,hidden_item,0x01030070,112,3,1,False,112,贵重骨头,51:9,城都矿山,hidden:51:9:2,"{""path"": ""maps_research/out/events/events.json"", ""json_pointer"": ""/maps/51:9/bg_events/2"", ""file_sha256"": ""e525183683453d3f2a889a3456fe6a11ef1b4bdd88c6bffba087faf27add2c6e""}",world/pages/maps/g51_n009.md
3,0x087C33C0,2300240000070000fe000401,35,36,0,7,hidden_item,0x010400FE,254,4,1,False,254,红色头巾,51:9,城都矿山,hidden:51:9:3,"{""path"": ""maps_research/out/events/events.json"", ""json_pointer"": ""/maps/51:9/bg_events/3"", ""file_sha256"": ""e525183683453d3f2a889a3456fe6a11ef1b4bdd88c6bffba087faf27add2c6e""}",world/pages/maps/g51_n009.md
0,0x087C3124,140026000007000066001301,20,38,0,7,hidden_item,0x01130066,102,19,1,False,102,冰之石,52:23,纯白冻土,hidden:52:23:0,"{""path"": ""maps_research/out/events/events.json"", ""json_pointer"": ""/maps/52:23/bg_events/0"", ""file_sha256"": ""e525183683453d3f2a889a3456fe6a11ef1b4bdd88c6bffba087faf27add2c6e""}",world/pages/maps/g52_n023.md
1,0x087C3130,28002a000007000070001401,40,42,0,7,hidden_item,0x01140070,112,20,1,False,112,贵重骨头,52:23,纯白冻土,hidden:52:23:1,"{""path"": ""maps_research/out/events/events.json"", ""json_pointer"": ""/maps/52:23/bg_events/1"", ""file_sha256"": ""e525183683453d3f2a889a3456fe6a11ef1b4bdd88c6bffba087faf27add2c6e""}",world/pages/maps/g52_n023.md
2,0x087C313C,1e003900000700006d021501,30,57,0,7,hidden_item,0x0115026D,621,21,1,False,621,古代铜币,52:23,纯白冻土,hidden:52:23:2,"{""path"": ""maps_research/out/events/events.json"", ""json_pointer"": ""/maps/52:23/bg_events/2"", ""file_sha256"": ""e525183683453d3f2a889a3456fe6a11ef1b4bdd88c6bffba087faf27add2c6e""}",world/pages/maps/g52_n023.md
3,0x087C3148,0c0035000007000071001601,12,53,0,7,hidden_item,0x01160071,113,22,1,False,113,丸子珍珠,52:23,纯白冻土,hidden:52:23:3,"{""path"": ""maps_research/out/events/events.json"", ""json_pointer"": ""/maps/52:23/bg_events/3"", ""file_sha256"": ""e525183683453d3f2a889a3456fe6a11ef1b4bdd88c6bffba087faf27add2c6e""}",world/pages/maps/g52_n023.md
0,0x087C3028,17003d000007000070021701,23,61,0,7,hidden_item,0x01170270,624,23,1,False,624,古代之壶,52:24,纯白冻土,hidden:52:24:0,"{""path"": ""maps_research/out/events/events.json"", ""json_pointer"": ""/maps/52:24/bg_events/0"", ""file_sha256"": ""e525183683453d3f2a889a3456fe6a11ef1b4bdd88c6bffba087faf27add2c6e""}",world/pages/maps/g52_n024.md
1,0x087C3034,1a0010000007000065001801,26,16,0,7,hidden_item,0x01180065,101,24,1,False,101,觉醒之石,52:24,纯白冻土,hidden:52:24:1,"{""path"": ""maps_research/out/events/events.json"", ""json_pointer"": ""/maps/52:24/bg_events/1"", ""file_sha256"": ""e525183683453d3f2a889a3456fe6a11ef1b4bdd88c6bffba087faf27add2c6e""}",world/pages/maps/g52_n024.md
2,0x087C3040,070033000007000072001901,7,51,0,7,hidden_item,0x01190072,114,25,1,False,114,彗星碎片,52:24,纯白冻土,hidden:52:24:2,"{""path"": ""maps_research/out/events/events.json"", ""json_pointer"": ""/maps/52:24/bg_events/2"", ""file_sha256"": ""e525183683453d3f2a889a3456fe6a11ef1b4bdd88c6bffba087faf27add2c6e""}",world/pages/maps/g52_n024.md
3,0x087C304C,040050000007000031001a01,4,80,0,7,hidden_item,0x011A0031,49,26,1,False,49,蓝色碎片,52:24,纯白冻土,hidden:52:24:3,"{""path"": ""maps_research/out/events/events.json"", ""json_pointer"": ""/maps/52:24/bg_events/3"", ""file_sha256"": ""e525183683453d3f2a889a3456fe6a11ef1b4bdd88c6bffba087faf27add2c6e""}",world/pages/maps/g52_n024.md
0,0x08B137D8,11000f000007000014009001,17,15,0,7,hidden_item,0x01900014,20,144,1,False,20,全满药,53:4,冰天地,hidden:53:4:0,"{""path"": ""maps_research/out/events/events.json"", ""json_pointer"": ""/maps/53:4/bg_events/0"", ""file_sha256"": ""e525183683453d3f2a889a3456fe6a11ef1b4bdd88c6bffba087faf27add2c6e""}",world/pages/maps/g53_n004.md
1,0x08B137E4,360003000007000010008e01,54,3,0,7,hidden_item,0x018E0010,16,142,1,False,16,解冻药,53:4,冰天地,hidden:53:4:1,"{""path"": ""maps_research/out/events/events.json"", ""json_pointer"": ""/maps/53:4/bg_events/1"", ""file_sha256"": ""e525183683453d3f2a889a3456fe6a11ef1b4bdd88c6bffba087faf27add2c6e""}",world/pages/maps/g53_n004.md
3,0x08B137FC,030017000307000024002101,3,23,3,7,hidden_item,0x01210024,36,33,1,False,36,PP多项小补剂,53:4,冰天地,hidden:53:4:3,"{""path"": ""maps_research/out/events/events.json"", ""json_pointer"": ""/maps/53:4/bg_events/3"", ""file_sha256"": ""e525183683453d3f2a889a3456fe6a11ef1b4bdd88c6bffba087faf27add2c6e""}",world/pages/maps/g53_n004.md
0,0x08B33AD8,0f0028000007000018008f01,15,40,0,7,hidden_item,0x018F0018,24,143,1,False,24,活力碎片,53:5,冰天地,hidden:53:5:0,"{""path"": ""maps_research/out/events/events.json"", ""json_pointer"": ""/maps/53:5/bg_events/0"", ""file_sha256"": ""e525183683453d3f2a889a3456fe6a11ef1b4bdd88c6bffba087faf27add2c6e""}",world/pages/maps/g53_n005.md
0,0x08B5E718,170018000007000042009101,23,24,0,7,hidden_item,0x01910042,66,145,1,False,66,速度增强剂,53:6,冰天地,hidden:53:6:0,"{""path"": ""maps_research/out/events/events.json"", ""json_pointer"": ""/maps/53:6/bg_events/0"", ""file_sha256"": ""e525183683453d3f2a889a3456fe6a11ef1b4bdd88c6bffba087faf27add2c6e""}",world/pages/maps/g53_n006.md
0,0x087C1194,210021000007000023003c01,33,33,0,7,hidden_item,0x013C0023,35,60,1,False,35,PP单项全补剂,53:8,冠军之路,hidden:53:8:0,"{""path"": ""maps_research/out/events/events.json"", ""json_pointer"": ""/maps/53:8/bg_events/0"", ""file_sha256"": ""e525183683453d3f2a889a3456fe6a11ef1b4bdd88c6bffba087faf27add2c6e""}",world/pages/maps/g53_n008.md
0,0x087C10D0,08002d000007000080023e01,8,45,0,7,hidden_item,0x013E0280,640,62,1,False,640,金色王冠,53:9,冠军之路,hidden:53:9:0,"{""path"": ""maps_research/out/events/events.json"", ""json_pointer"": ""/maps/53:9/bg_events/0"", ""file_sha256"": ""e525183683453d3f2a889a3456fe6a11ef1b4bdd88c6bffba087faf27add2c6e""}",world/pages/maps/g53_n009.md
1,0x087C10DC,0900050000070000e1023d01,9,5,0,7,hidden_item,0x013D02E1,737,61,1,False,737,金之护符,53:9,冠军之路,hidden:53:9:1,"{""path"": ""maps_research/out/events/events.json"", ""json_pointer"": ""/maps/53:9/bg_events/1"", ""file_sha256"": ""e525183683453d3f2a889a3456fe6a11ef1b4bdd88c6bffba087faf27add2c6e""}",world/pages/maps/g53_n009.md
0,0x087C1010,0f001b00000700007f023b01,15,27,0,7,hidden_item,0x013B027F,639,59,1,False,639,银色王冠,53:10,冠军之路,hidden:53:10:0,"{""path"": ""maps_research/out/events/events.json"", ""json_pointer"": ""/maps/53:10/bg_events/0"", ""file_sha256"": ""e525183683453d3f2a889a3456fe6a11ef1b4bdd88c6bffba087faf27add2c6e""}",world/pages/maps/g53_n010.md
0,0x08A30FF0,12000c000007000018001b01,18,12,0,7,hidden_item,0x011B0018,24,27,1,False,24,活力碎片,54:2,龙穴,hidden:54:2:0,"{""path"": ""maps_research/out/events/events.json"", ""json_pointer"": ""/maps/54:2/bg_events/0"", ""file_sha256"": ""e525183683453d3f2a889a3456fe6a11ef1b4bdd88c6bffba087faf27add2c6e""}",world/pages/maps/g54_n002.md
1,0x08A30FFC,3200300000070000ec021d01,50,48,0,7,hidden_item,0x011D02EC,748,29,1,False,748,卡比丘,54:2,龙穴,hidden:54:2:1,"{""path"": ""maps_research/out/events/events.json"", ""json_pointer"": ""/maps/54:2/bg_events/1"", ""file_sha256"": ""e525183683453d3f2a889a3456fe6a11ef1b4bdd88c6bffba087faf27add2c6e""}",world/pages/maps/g54_n002.md
2,0x08A31008,0a0014000007000014001c01,10,20,0,7,hidden_item,0x011C0014,20,28,1,False,20,全满药,54:2,龙穴,hidden:54:2:2,"{""path"": ""maps_research/out/events/events.json"", ""json_pointer"": ""/maps/54:2/bg_events/2"", ""file_sha256"": ""e525183683453d3f2a889a3456fe6a11ef1b4bdd88c6bffba087faf27add2c6e""}",world/pages/maps/g54_n002.md
3,0x08A31014,27002b0000070000e2021e01,39,43,0,7,hidden_item,0x011E02E2,738,30,1,False,738,银之护符,54:2,龙穴,hidden:54:2:3,"{""path"": ""maps_research/out/events/events.json"", ""json_pointer"": ""/maps/54:2/bg_events/3"", ""file_sha256"": ""e525183683453d3f2a889a3456fe6a11ef1b4bdd88c6bffba087faf27add2c6e""}",world/pages/maps/g54_n002.md
1,0x087C0B4C,0d001a00030700006a00a801,13,26,3,7,hidden_item,0x01A8006A,106,168,1,False,106,珍珠,54:12,对战开拓区,hidden:54:12:1,"{""path"": ""maps_research/out/events/events.json"", ""json_pointer"": ""/maps/54:12/bg_events/1"", ""file_sha256"": ""e525183683453d3f2a889a3456fe6a11ef1b4bdd88c6bffba087faf27add2c6e""}",world/pages/maps/g54_n012.md
0,0x08A1A0A4,160026000307000015007401,22,38,3,7,hidden_item,0x01740015,21,116,1,False,21,厉害伤药,55:8,擂钵山,hidden:55:8:0,"{""path"": ""maps_research/out/events/events.json"", ""json_pointer"": ""/maps/55:8/bg_events/0"", ""file_sha256"": ""e525183683453d3f2a889a3456fe6a11ef1b4bdd88c6bffba087faf27add2c6e""}",world/pages/maps/g55_n008.md
1,0x08A1A0B0,460023000307000018007501,70,35,3,7,hidden_item,0x01750018,24,117,1,False,24,活力碎片,55:8,擂钵山,hidden:55:8:1,"{""path"": ""maps_research/out/events/events.json"", ""json_pointer"": ""/maps/55:8/bg_events/1"", ""file_sha256"": ""e525183683453d3f2a889a3456fe6a11ef1b4bdd88c6bffba087faf27add2c6e""}",world/pages/maps/g55_n008.md
0,0x08A19960,1c003a000307000044007a01,28,58,3,7,hidden_item,0x017A0044,68,122,1,False,68,神奇糖果,55:9,擂钵山,hidden:55:9:0,"{""path"": ""maps_research/out/events/events.json"", ""json_pointer"": ""/maps/55:9/bg_events/0"", ""file_sha256"": ""e525183683453d3f2a889a3456fe6a11ef1b4bdd88c6bffba087faf27add2c6e""}",world/pages/maps/g55_n009.md
1,0x08A1996C,160012000007000022007b01,22,18,0,7,hidden_item,0x017B0022,34,123,1,False,34,PP单项小补剂,55:9,擂钵山,hidden:55:9:1,"{""path"": ""maps_research/out/events/events.json"", ""json_pointer"": ""/maps/55:9/bg_events/1"", ""file_sha256"": ""e525183683453d3f2a889a3456fe6a11ef1b4bdd88c6bffba087faf27add2c6e""}",world/pages/maps/g55_n009.md
2,0x08A19978,2e0011000007000002007c01,46,17,0,7,hidden_item,0x017C0002,2,124,1,False,2,高级球,55:9,擂钵山,hidden:55:9:2,"{""path"": ""maps_research/out/events/events.json"", ""json_pointer"": ""/maps/55:9/bg_events/2"", ""file_sha256"": ""e525183683453d3f2a889a3456fe6a11ef1b4bdd88c6bffba087faf27add2c6e""}",world/pages/maps/g55_n009.md
3,0x08A19984,1d0023000007000054007e01,29,35,0,7,hidden_item,0x017E0054,84,126,1,False,84,黄金喷雾,55:9,擂钵山,hidden:55:9:3,"{""path"": ""maps_research/out/events/events.json"", ""json_pointer"": ""/maps/55:9/bg_events/3"", ""file_sha256"": ""e525183683453d3f2a889a3456fe6a11ef1b4bdd88c6bffba087faf27add2c6e""}",world/pages/maps/g55_n009.md
4,0x08A19990,2a003500000700006e007d01,42,53,0,7,hidden_item,0x017D006E,110,125,1,False,110,金珠,55:9,擂钵山,hidden:55:9:4,"{""path"": ""maps_research/out/events/events.json"", ""json_pointer"": ""/maps/55:9/bg_events/4"", ""file_sha256"": ""e525183683453d3f2a889a3456fe6a11ef1b4bdd88c6bffba087faf27add2c6e""}",world/pages/maps/g55_n009.md
0,0x08A1AE88,090009000007000017007f01,9,9,0,7,hidden_item,0x017F0017,23,127,1,False,23,万灵药,55:10,擂钵山,hidden:55:10:0,"{""path"": ""maps_research/out/events/events.json"", ""json_pointer"": ""/maps/55:10/bg_events/0"", ""file_sha256"": ""e525183683453d3f2a889a3456fe6a11ef1b4bdd88c6bffba087faf27add2c6e""}",world/pages/maps/g55_n010.md
1,0x08A1AE94,32001a000007000015008201,50,26,0,7,hidden_item,0x01820015,21,130,1,False,21,厉害伤药,55:10,擂钵山,hidden:55:10:1,"{""path"": ""maps_research/out/events/events.json"", ""json_pointer"": ""/maps/55:10/bg_events/1"", ""file_sha256"": ""e525183683453d3f2a889a3456fe6a11ef1b4bdd88c6bffba087faf27add2c6e""}",world/pages/maps/g55_n010.md
2,0x08A1AEA0,200012000007000013008001,32,18,0,7,hidden_item,0x01800013,19,128,1,False,19,全复药,55:10,擂钵山,hidden:55:10:2,"{""path"": ""maps_research/out/events/events.json"", ""json_pointer"": ""/maps/55:10/bg_events/2"", ""file_sha256"": ""e525183683453d3f2a889a3456fe6a11ef1b4bdd88c6bffba087faf27add2c6e""}",world/pages/maps/g55_n010.md
3,0x08A1AEAC,1e001800000700003f008101,30,24,0,7,hidden_item,0x0181003F,63,129,1,False,63,HP增强剂,55:10,擂钵山,hidden:55:10:3,"{""path"": ""maps_research/out/events/events.json"", ""json_pointer"": ""/maps/55:10/bg_events/3"", ""file_sha256"": ""e525183683453d3f2a889a3456fe6a11ef1b4bdd88c6bffba087faf27add2c6e""}",world/pages/maps/g55_n010.md
0,0x08A1B614,100034000007000002008401,16,52,0,7,hidden_item,0x01840002,2,132,1,False,2,高级球,55:11,擂钵山,hidden:55:11:0,"{""path"": ""maps_research/out/events/events.json"", ""json_pointer"": ""/maps/55:11/bg_events/0"", ""file_sha256"": ""e525183683453d3f2a889a3456fe6a11ef1b4bdd88c6bffba087faf27add2c6e""}",world/pages/maps/g55_n011.md
1,0x08A1B620,1e0004000307000019008301,30,4,3,7,hidden_item,0x01830019,25,131,1,False,25,活力块,55:11,擂钵山,hidden:55:11:1,"{""path"": ""maps_research/out/events/events.json"", ""json_pointer"": ""/maps/55:11/bg_events/1"", ""file_sha256"": ""e525183683453d3f2a889a3456fe6a11ef1b4bdd88c6bffba087faf27add2c6e""}",world/pages/maps/g55_n011.md
0,0x08A242E4,210016000007000019029c01,33,22,0,7,hidden_item,0x019C0219,537,156,1,False,537,经验糖果S,55:13,擂钵山,hidden:55:13:0,"{""path"": ""maps_research/out/events/events.json"", ""json_pointer"": ""/maps/55:13/bg_events/0"", ""file_sha256"": ""e525183683453d3f2a889a3456fe6a11ef1b4bdd88c6bffba087faf27add2c6e""}",world/pages/maps/g55_n013.md
1,0x08A242F0,0a001e00000700007f029b01,10,30,0,7,hidden_item,0x019B027F,639,155,1,False,639,银色王冠,55:13,擂钵山,hidden:55:13:1,"{""path"": ""maps_research/out/events/events.json"", ""json_pointer"": ""/maps/55:13/bg_events/1"", ""file_sha256"": ""e525183683453d3f2a889a3456fe6a11ef1b4bdd88c6bffba087faf27add2c6e""}",world/pages/maps/g55_n013.md
2,0x08A242FC,120025000007000067009a03,18,37,0,7,hidden_item,0x039A0067,103,154,3,False,103,小蘑菇,55:13,擂钵山,hidden:55:13:2,"{""path"": ""maps_research/out/events/events.json"", ""json_pointer"": ""/maps/55:13/bg_events/2"", ""file_sha256"": ""e525183683453d3f2a889a3456fe6a11ef1b4bdd88c6bffba087faf27add2c6e""}",world/pages/maps/g55_n013.md
8,0x087C2EBC,06001f00000700006a000501,6,31,0,7,hidden_item,0x0105006A,106,5,1,False,106,珍珠,55:14,漩涡岛,hidden:55:14:8,"{""path"": ""maps_research/out/events/events.json"", ""json_pointer"": ""/maps/55:14/bg_events/8"", ""file_sha256"": ""e525183683453d3f2a889a3456fe6a11ef1b4bdd88c6bffba087faf27add2c6e""}",world/pages/maps/g55_n014.md
9,0x087C2EC8,090004000007000053000601,9,4,0,7,hidden_item,0x01060053,83,6,1,False,83,白银喷雾,55:14,漩涡岛,hidden:55:14:9,"{""path"": ""maps_research/out/events/events.json"", ""json_pointer"": ""/maps/55:14/bg_events/9"", ""file_sha256"": ""e525183683453d3f2a889a3456fe6a11ef1b4bdd88c6bffba087faf27add2c6e""}",world/pages/maps/g55_n014.md
3,0x087C2CE8,3c0007000007000019000701,60,7,0,7,hidden_item,0x01070019,25,7,1,False,25,活力块,55:15,漩涡岛,hidden:55:15:3,"{""path"": ""maps_research/out/events/events.json"", ""json_pointer"": ""/maps/55:15/bg_events/3"", ""file_sha256"": ""e525183683453d3f2a889a3456fe6a11ef1b4bdd88c6bffba087faf27add2c6e""}",world/pages/maps/g55_n015.md
4,0x087C2CF4,0f000600000700006a000801,15,6,0,7,hidden_item,0x0108006A,106,8,1,False,106,珍珠,55:15,漩涡岛,hidden:55:15:4,"{""path"": ""maps_research/out/events/events.json"", ""json_pointer"": ""/maps/55:15/bg_events/4"", ""file_sha256"": ""e525183683453d3f2a889a3456fe6a11ef1b4bdd88c6bffba087faf27add2c6e""}",world/pages/maps/g55_n015.md
5,0x087C2D00,320019000007000045000901,50,25,0,7,hidden_item,0x01090045,69,9,1,False,69,PP提升剂,55:15,漩涡岛,hidden:55:15:5,"{""path"": ""maps_research/out/events/events.json"", ""json_pointer"": ""/maps/55:15/bg_events/5"", ""file_sha256"": ""e525183683453d3f2a889a3456fe6a11ef1b4bdd88c6bffba087faf27add2c6e""}",world/pages/maps/g55_n015.md
6,0x087C2D0C,330004000007000019020c02,51,4,0,7,hidden_item,0x020C0219,537,12,2,False,537,经验糖果S,55:15,漩涡岛,hidden:55:15:6,"{""path"": ""maps_research/out/events/events.json"", ""json_pointer"": ""/maps/55:15/bg_events/6"", ""file_sha256"": ""e525183683453d3f2a889a3456fe6a11ef1b4bdd88c6bffba087faf27add2c6e""}",world/pages/maps/g55_n015.md
0,0x087C2BF0,0b0006000007000031000a01,11,6,0,7,hidden_item,0x010A0031,49,10,1,False,49,蓝色碎片,55:16,漩涡岛,hidden:55:16:0,"{""path"": ""maps_research/out/events/events.json"", ""json_pointer"": ""/maps/55:16/bg_events/0"", ""file_sha256"": ""e525183683453d3f2a889a3456fe6a11ef1b4bdd88c6bffba087faf27add2c6e""}",world/pages/maps/g55_n016.md
1,0x087C2BFC,10000d000007000044000b01,16,13,0,7,hidden_item,0x010B0044,68,11,1,False,68,神奇糖果,55:16,漩涡岛,hidden:55:16:1,"{""path"": ""maps_research/out/events/events.json"", ""json_pointer"": ""/maps/55:16/bg_events/1"", ""file_sha256"": ""e525183683453d3f2a889a3456fe6a11ef1b4bdd88c6bffba087faf27add2c6e""}",world/pages/maps/g55_n016.md
5,0x08C2F20C,120026000007000099007001,18,38,0,7,hidden_item,0x01700099,153,112,1,False,153,榴石果,56:17,不知名遗迹,hidden:56:17:5,"{""path"": ""maps_research/out/events/events.json"", ""json_pointer"": ""/maps/56:17/bg_events/5"", ""file_sha256"": ""e525183683453d3f2a889a3456fe6a11ef1b4bdd88c6bffba087faf27add2c6e""}",world/pages/maps/g56_n017.md
6,0x08C2F218,2c002300000700009a007101,44,35,0,7,hidden_item,0x0171009A,154,113,1,False,154,藻根果,56:17,不知名遗迹,hidden:56:17:6,"{""path"": ""maps_research/out/events/events.json"", ""json_pointer"": ""/maps/56:17/bg_events/6"", ""file_sha256"": ""e525183683453d3f2a889a3456fe6a11ef1b4bdd88c6bffba087faf27add2c6e""}",world/pages/maps/g56_n017.md
7,0x08C2F224,0c001a00000700009b007301,12,26,0,7,hidden_item,0x0173009B,155,115,1,False,155,比巴果,56:17,不知名遗迹,hidden:56:17:7,"{""path"": ""maps_research/out/events/events.json"", ""json_pointer"": ""/maps/56:17/bg_events/7"", ""file_sha256"": ""e525183683453d3f2a889a3456fe6a11ef1b4bdd88c6bffba087faf27add2c6e""}",world/pages/maps/g56_n017.md
8,0x08C2F230,32001c00000700009c007201,50,28,0,7,hidden_item,0x0172009C,156,114,1,False,156,哈密果,56:17,不知名遗迹,hidden:56:17:8,"{""path"": ""maps_research/out/events/events.json"", ""json_pointer"": ""/maps/56:17/bg_events/8"", ""file_sha256"": ""e525183683453d3f2a889a3456fe6a11ef1b4bdd88c6bffba087faf27add2c6e""}",world/pages/maps/g56_n017.md
9,0x08C2F23C,16000d00000700006200a501,22,13,0,7,hidden_item,0x01A50062,98,165,1,False,98,叶之石,56:17,不知名遗迹,hidden:56:17:9,"{""path"": ""maps_research/out/events/events.json"", ""json_pointer"": ""/maps/56:17/bg_events/9"", ""file_sha256"": ""e525183683453d3f2a889a3456fe6a11ef1b4bdd88c6bffba087faf27add2c6e""}",world/pages/maps/g56_n017.md
2,0x08C2F444,0e000200000700001902a901,14,2,0,7,hidden_item,0x01A90219,537,169,1,False,537,经验糖果S,56:21,不知名遗迹,hidden:56:21:2,"{""path"": ""maps_research/out/events/events.json"", ""json_pointer"": ""/maps/56:21/bg_events/2"", ""file_sha256"": ""e525183683453d3f2a889a3456fe6a11ef1b4bdd88c6bffba087faf27add2c6e""}",world/pages/maps/g56_n021.md
3,0x08C2F450,1c00030000070000ec02a801,28,3,0,7,hidden_item,0x01A802EC,748,168,1,False,748,卡比丘,56:21,不知名遗迹,hidden:56:21:3,"{""path"": ""maps_research/out/events/events.json"", ""json_pointer"": ""/maps/56:21/bg_events/3"", ""file_sha256"": ""e525183683453d3f2a889a3456fe6a11ef1b4bdd88c6bffba087faf27add2c6e""}",world/pages/maps/g56_n021.md
0,0x08C2E548,02000900000700007400a601,2,9,0,7,hidden_item,0x01A60074,116,166,1,False,116,甜甜蜜,56:22,不知名遗迹,hidden:56:22:0,"{""path"": ""maps_research/out/events/events.json"", ""json_pointer"": ""/maps/56:22/bg_events/0"", ""file_sha256"": ""e525183683453d3f2a889a3456fe6a11ef1b4bdd88c6bffba087faf27add2c6e""}",world/pages/maps/g56_n022.md
1,0x08C2E554,12000300000700000e00a701,18,3,0,7,hidden_item,0x01A7000E,14,167,1,False,14,解毒药,56:22,不知名遗迹,hidden:56:22:1,"{""path"": ""maps_research/out/events/events.json"", ""json_pointer"": ""/maps/56:22/bg_events/1"", ""file_sha256"": ""e525183683453d3f2a889a3456fe6a11ef1b4bdd88c6bffba087faf27add2c6e""}",world/pages/maps/g56_n022.md
0,0x08BAE9F4,0f003700000700006d00b701,15,55,0,7,hidden_item,0x01B7006D,109,183,1,False,109,星星碎片,56:25,47号道路,hidden:56:25:0,"{""path"": ""maps_research/out/events/events.json"", ""json_pointer"": ""/maps/56:25/bg_events/0"", ""file_sha256"": ""e525183683453d3f2a889a3456fe6a11ef1b4bdd88c6bffba087faf27add2c6e""}",world/pages/maps/g56_n025.md
1,0x08BAEA00,36003400000700006a00b801,54,52,0,7,hidden_item,0x01B8006A,106,184,1,False,106,珍珠,56:25,47号道路,hidden:56:25:1,"{""path"": ""maps_research/out/events/events.json"", ""json_pointer"": ""/maps/56:25/bg_events/1"", ""file_sha256"": ""e525183683453d3f2a889a3456fe6a11ef1b4bdd88c6bffba087faf27add2c6e""}",world/pages/maps/g56_n025.md
2,0x08BAEA0C,5b003800000700007100ba01,91,56,0,7,hidden_item,0x01BA0071,113,186,1,False,113,丸子珍珠,56:25,47号道路,hidden:56:25:2,"{""path"": ""maps_research/out/events/events.json"", ""json_pointer"": ""/maps/56:25/bg_events/2"", ""file_sha256"": ""e525183683453d3f2a889a3456fe6a11ef1b4bdd88c6bffba087faf27add2c6e""}",world/pages/maps/g56_n025.md
0,0x08C2355C,0e001000000700001902b901,14,16,0,7,hidden_item,0x01B90219,537,185,1,False,537,经验糖果S,56:26,48号道路,hidden:56:26:0,"{""path"": ""maps_research/out/events/events.json"", ""json_pointer"": ""/maps/56:26/bg_events/0"", ""file_sha256"": ""e525183683453d3f2a889a3456fe6a11ef1b4bdd88c6bffba087faf27add2c6e""}",world/pages/maps/g56_n026.md
0,0x08A0FBA0,080006000007000018007601,8,6,0,7,hidden_item,0x01760018,24,118,1,False,24,活力碎片,56:35,破海洞穴,hidden:56:35:0,"{""path"": ""maps_research/out/events/events.json"", ""json_pointer"": ""/maps/56:35/bg_events/0"", ""file_sha256"": ""e525183683453d3f2a889a3456fe6a11ef1b4bdd88c6bffba087faf27add2c6e""}",world/pages/maps/g56_n035.md
1,0x08A0FBAC,0e0007000007000044007701,14,7,0,7,hidden_item,0x01770044,68,119,1,False,68,神奇糖果,56:35,破海洞穴,hidden:56:35:1,"{""path"": ""maps_research/out/events/events.json"", ""json_pointer"": ""/maps/56:35/bg_events/1"", ""file_sha256"": ""e525183683453d3f2a889a3456fe6a11ef1b4bdd88c6bffba087faf27add2c6e""}",world/pages/maps/g56_n035.md
0,0x08A0F4D0,10000e00000700006d007801,16,14,0,7,hidden_item,0x0178006D,109,120,1,False,109,星星碎片,56:36,破海洞穴,hidden:56:36:0,"{""path"": ""maps_research/out/events/events.json"", ""json_pointer"": ""/maps/56:36/bg_events/0"", ""file_sha256"": ""e525183683453d3f2a889a3456fe6a11ef1b4bdd88c6bffba087faf27add2c6e""}",world/pages/maps/g56_n036.md
1,0x08B27148,050005000007000019007901,5,5,0,7,hidden_item,0x01790019,25,121,1,False,25,活力块,56:37,破海洞穴,hidden:56:37:1,"{""path"": ""maps_research/out/events/events.json"", ""json_pointer"": ""/maps/56:37/bg_events/1"", ""file_sha256"": ""e525183683453d3f2a889a3456fe6a11ef1b4bdd88c6bffba087faf27add2c6e""}",world/pages/maps/g56_n037.md
1,0x08A386D0,2e000d000007000018002701,46,13,0,7,hidden_item,0x01270018,24,39,1,False,24,活力碎片,56:44,火箭队基地,hidden:56:44:1,"{""path"": ""maps_research/out/events/events.json"", ""json_pointer"": ""/maps/56:44/bg_events/1"", ""file_sha256"": ""e525183683453d3f2a889a3456fe6a11ef1b4bdd88c6bffba087faf27add2c6e""}",world/pages/maps/g56_n044.md
2,0x08A386DC,0c0008000007000019022801,12,8,0,7,hidden_item,0x01280219,537,40,1,False,537,经验糖果S,56:44,火箭队基地,hidden:56:44:2,"{""path"": ""maps_research/out/events/events.json"", ""json_pointer"": ""/maps/56:44/bg_events/2"", ""file_sha256"": ""e525183683453d3f2a889a3456fe6a11ef1b4bdd88c6bffba087faf27add2c6e""}",world/pages/maps/g56_n044.md
2,0x08A36AEC,260010000007000046002c01,38,16,0,7,hidden_item,0x012C0046,70,44,1,False,70,特防增强剂,56:45,火箭队基地,hidden:56:45:2,"{""path"": ""maps_research/out/events/events.json"", ""json_pointer"": ""/maps/56:45/bg_events/2"", ""file_sha256"": ""e525183683453d3f2a889a3456fe6a11ef1b4bdd88c6bffba087faf27add2c6e""}",world/pages/maps/g56_n045.md
3,0x08A36AF8,2a0016000007000035002b01,42,22,0,7,hidden_item,0x012B0035,53,43,1,False,53,森之羊羹,56:45,火箭队基地,hidden:56:45:3,"{""path"": ""maps_research/out/events/events.json"", ""json_pointer"": ""/maps/56:45/bg_events/3"", ""file_sha256"": ""e525183683453d3f2a889a3456fe6a11ef1b4bdd88c6bffba087faf27add2c6e""}",world/pages/maps/g56_n045.md
5,0x08A36B10,0c001a000007000017002901,12,26,0,7,hidden_item,0x01290017,23,41,1,False,23,万灵药,56:45,火箭队基地,hidden:56:45:5,"{""path"": ""maps_research/out/events/events.json"", ""json_pointer"": ""/maps/56:45/bg_events/5"", ""file_sha256"": ""e525183683453d3f2a889a3456fe6a11ef1b4bdd88c6bffba087faf27add2c6e""}",world/pages/maps/g56_n045.md
7,0x08A36B28,210004000007000019022a01,33,4,0,7,hidden_item,0x012A0219,537,42,1,False,537,经验糖果S,56:45,火箭队基地,hidden:56:45:7,"{""path"": ""maps_research/out/events/events.json"", ""json_pointer"": ""/maps/56:45/bg_events/7"", ""file_sha256"": ""e525183683453d3f2a889a3456fe6a11ef1b4bdd88c6bffba087faf27add2c6e""}",world/pages/maps/g56_n045.md
8,0x08A36B34,0b0015000007000002008701,11,21,0,7,hidden_item,0x01870002,2,135,1,False,2,高级球,56:45,火箭队基地,hidden:56:45:8,"{""path"": ""maps_research/out/events/events.json"", ""json_pointer"": ""/maps/56:45/bg_events/8"", ""file_sha256"": ""e525183683453d3f2a889a3456fe6a11ef1b4bdd88c6bffba087faf27add2c6e""}",world/pages/maps/g56_n045.md
